pinging switch
Sending NX-Cast.nro, 25600698 bytes
12483423 sent (48.76%), 1116 blocks
starting server
server active ...
[INFO] [log] nxlink logger connected host=<IP_REDACTED> port=28771 fd=3 mirror_fd=2 stdout=local
[INFO] [diagnostic] profile_id=13 profile=full-owner-exclusive-bsd12 protocol_start=parallel
[INFO] [player-view] init render_owner=main-thread active_view=home
[INFO] [player] auto resolve libmpv_available=1 mock_available=1
[INFO] [player-actor] lifecycle=initialize phase=begin backend=libmpv
[INFO] [player] init accepted backend=libmpv lifecycle=async-suspended actor_capacity=64 reserved=4
[INFO] [ui] NX-Cast starting. Press + to exit.
[INFO] [ui] Home view shows cast instructions and last error only.
[INFO] [ui] Video view auto-activates while playback is active.
[INFO] [runtime-heartbeat] t_ms=85250040 frame=1 view=home player_state=idle media=0 return_home_pending=0 protocol_state=stopped owner=none generation=0 resource_desired=home resource_applied=home resource_transition=0 resource_failed=0 resource_age_ms=0 iptv_background=0,0 discovery_suspended=0 service_workers=0,0,0 service_age_ms=0,0,0 media_queue=0 media_high=0 media_command=0 media_kind=0 media_producer=0 media_token=0 media_generation=0 media_command_age_ms=0 media_heartbeat_age_ms=22 media_full=0 media_stale=0 media_timeout=0 media_coalesced=0 media_accepting=1 media_lifecycle=1,0,0,0 log_queue=7 enqueued=14 processed=6 log_high=7 log_heartbeat_age_ms=0 log_waiting=0 queue_dropped=0 mirror_dropped=0 mirror_failures=0 mirror=1 worker=1 mdns_phase=stopped mdns_mode=0 mdns_running=0 mdns_suspended=0 ssdp_suspended=0 mdns_socket=0 mdns_heartbeat_age_ms=0 mdns_select=0 mdns_recv=0 mdns_sent=0
[INFO] [network-heartbeat] threshold_ms=1500 mdns=fd:0,active:0,oldest:none/0,total:0,max:0,error:0/none,hb:0,overflow:0,underflow:0 ssdp=fd:0,active:0,oldest:none/0,total:0,max:0,error:0/none,hb:0,overflow:0,underflow:0 dlna-http=fd:0,active:0,oldest:none/0,total:0,max:0,error:0/none,hb:0,overflow:0,underflow:0 airplay-control=fd:0,active:0,oldest:none/0,total:0,max:0,error:0/none,hb:0,overflow:0,underflow:0 iptv-background=fd:0,active:0,oldest:none/0,total:0,max:0,error:0/none,hb:0,overflow:0,underflow:0
[INFO] [input] active_view=home state=idle media=0 snapshot=1
[INFO] [player-libmpv] log subscription level=info
[INFO] [player-libmpv] init volume_backend=aud:a-process
[INFO] [player-libmpv] init
[INFO] [player-actor] lifecycle=initialize phase=ready backend=libmpv
[INFO] [player-view] dk3d render context attached early
[INFO] [player-view] prepare_video ok=1 render_api_connected=0 render_path=0
[INFO] [ui] video render prepare=1 player_activate=1 before_media_url=1
[INFO] [protocol-coordinator] start accepted=1 state=starting iptv=starting dlna=starting airplay=starting network=1 root=sdmc:/switch/NX-Cast/iptv
[INFO] [airplay] t_ms=85250084 integration stage=ed25519 begin
[INFO] [airplay] t_ms=85250084 integration stage=ed25519 done
[INFO] [airplay] t_ms=85250084 integration stage=mirror-runtime begin
[INFO] [airplay] t_ms=85250084 integration stage=mirror-runtime done
[INFO] [airplay] t_ms=85250084 integration stage=remote-video begin
[INFO] [airplay] t_ms=85250085 integration stage=remote-video done
[INFO] [airplay] t_ms=85250085 integration stage=receiver begin
[INFO] [airplay] t_ms=85250085 receiver stage=pairing-identity begin
[INFO] [dlna] loaded persistent device identity.
[INFO] [scpd] description templates ready.
[INFO] [player-view] render_api_connected=1 backend=dk3d
[INFO] [player-view] home renderer active frame=1
[INFO] [airplay] t_ms=85250127 receiver stage=pairing-identity done
[INFO] [airplay] t_ms=85250127 receiver stage=dns-sd-txt begin
[INFO] [airplay] t_ms=85250128 receiver stage=dns-sd-txt done
[INFO] [airplay] t_ms=85250128 receiver stage=handlers begin
[INFO] [airplay] t_ms=85250129 handlers stage=validate begin
[INFO] [iptv] preinstalled source file loaded sources=1 changed=0 refresh=0
[INFO] [airplay] t_ms=85250129 handlers stage=validate done
[INFO] [airplay] t_ms=85250132 handlers stage=allocate begin bytes=792
[INFO] [airplay] t_ms=85250132 handlers stage=allocate done
[INFO] [airplay] t_ms=85250132 handlers stage=copy begin txt_bytes=214
[INFO] [airplay] t_ms=85250132 handlers stage=copy done
[INFO] [airplay] t_ms=85250133 receiver stage=handlers done
[INFO] [airplay] t_ms=85250133 receiver stage=control-server begin
[INFO] [soap] SOAP control module started.
[INFO] [event] DLNA event server started.
[INFO] [http-server] listening on :49152
[INFO] [airplay-server] listening on :7000
[INFO] [airplay] t_ms=85250145 receiver stage=control-server done port=7000
[INFO] [airplay] t_ms=85250145 receiver stage=lifecycle begin
[INFO] [airplay] t_ms=85250146 receiver stage=lifecycle done
[INFO] [airplay] t_ms=85250146 receiver stage=mdns begin
[INFO] [airplay] t_ms=85250146 mdns stage=local-address begin
[INFO] [player-imgui] initialized deko3d overlay
[INFO] [player-libmpv][osd/libass] can't find selected font provider
[INFO] [airplay] t_ms=85250384 mdns stage=local-address done
[INFO] [airplay-mdns] local-address=<IP_REDACTED>
[INFO] [airplay] t_ms=85250384 mdns stage=service-record begin
[INFO] [airplay] t_ms=85250384 mdns stage=service-record done
[INFO] [airplay] t_ms=85250384 mdns stage=socket begin
[INFO] [airplay] t_ms=85250384 mdns socket stage=create begin
[INFO] [airplay] t_ms=85250385 mdns socket stage=create done fd=7
[INFO] [airplay] t_ms=85250386 mdns socket stage=bind begin port=5353
[INFO] [airplay] t_ms=85250386 mdns socket stage=bind done
[INFO] [airplay] t_ms=85250386 mdns socket stage=multicast-join begin
[INFO] [airplay] t_ms=85250387 mdns socket stage=multicast-join done
[INFO] [ssdp] Responder ready on <URL_REDACTED>
[INFO] [dlna] Control layer initialized (HTTP/SCPD on :49152).
[INFO] [airplay] t_ms=85250389 mdns stage=socket done
[INFO] [airplay] t_ms=85250389 mdns stage=thread begin
[INFO] [airplay] t_ms=85250389 mdns thread-create begin stack=65536
[INFO] [airplay] t_ms=85250389 mdns thread-create done rc=0x00000000
[INFO] [airplay] t_ms=85250389 mdns thread-start begin
[INFO] [airplay] t_ms=85250389 mdns worker entered
[INFO] [airplay] t_ms=85250389 mdns worker mode=0 priority=0x2b
[INFO] [airplay] t_ms=85250389 mdns worker announce begin
[INFO] [airplay] t_ms=85250389 mdns thread-start done rc=0x00000000
[INFO] [airplay] t_ms=85250389 mdns stage=thread done
[INFO] [airplay-mdns] started airplay=NX-Cast raop=<IDENTIFIER_REDACTED>@NX-Cast port=7000 features=0x5A7FFEE6,0x0
[INFO] [airplay-mdns] started airplay=NX-Cast raop=<IDENTIFIER_REDACTED>@NX-Cast port=7000 features=0x5A7FFEE6,0x0
[INFO] [airplay] t_ms=85250389 receiver stage=mdns done
[INFO] [airplay] t_ms=85250389 integration stage=receiver done
[INFO] [airplay] integration started port=7000 discovery=1
[INFO] [airplay] t_ms=85250389 mdns worker announce done
[INFO] [protocol-coordinator] revision=2->6 state=starting->ready iptv=starting->running dlna=starting->running airplay=starting->running owner=none->none token=0 generation=0 pin_visible=0 resource=home->home desired=home transition=0 failed=0 discovery_suspended=0->0 airplay_running=1 airplay_starting=0 status=Ready for AirPlay video
[INFO] [runtime-heartbeat] t_ms=85252045 frame=117 view=home player_state=idle media=0 return_home_pending=0 protocol_state=ready owner=none generation=0 resource_desired=home resource_applied=home resource_transition=0 resource_failed=0 resource_age_ms=0 iptv_background=0,0 discovery_suspended=0 service_workers=0,0,0 service_age_ms=1662,1656,1656 media_queue=0 media_high=0 media_command=0 media_kind=0 media_producer=0 media_token=0 media_generation=0 media_command_age_ms=0 media_heartbeat_age_ms=10 media_full=0 media_stale=0 media_timeout=0 media_coalesced=0 media_accepting=1 media_lifecycle=0,1,0,1 log_queue=0 enqueued=91 processed=91 log_high=19 log_heartbeat_age_ms=1649 log_waiting=1 queue_dropped=0 mirror_dropped=0 mirror_failures=0 mirror=1 worker=1 mdns_phase=waiting mdns_mode=0 mdns_running=1 mdns_suspended=0 ssdp_suspended=0 mdns_socket=1 mdns_heartbeat_age_ms=55 mdns_select=8 mdns_recv=0 mdns_sent=2
[INFO] [network-heartbeat] threshold_ms=1500 mdns=fd:1,active:1,oldest:select/55,total:14,max:237,error:0/none,hb:55,overflow:0,underflow:0 ssdp=fd:1,active:1,oldest:select/56,total:44,max:101,error:0/none,hb:56,overflow:0,underflow:0 dlna-http=fd:1,active:1,oldest:select/59,total:19,max:239,error:0/none,hb:59,overflow:0,underflow:0 airplay-control=fd:1,active:1,oldest:select/59,total:19,max:239,error:0/none,hb:59,overflow:0,underflow:0 iptv-background=fd:0,active:0,oldest:none/0,total:0,max:0,error:0/none,hb:0,overflow:0,underflow:0
[INFO] [runtime-heartbeat] t_ms=85254045 frame=237 view=home player_state=idle media=0 return_home_pending=0 protocol_state=ready owner=none generation=0 resource_desired=home resource_applied=home resource_transition=0 resource_failed=0 resource_age_ms=0 iptv_background=0,0 discovery_suspended=0 service_workers=0,0,0 service_age_ms=3662,3656,3656 media_queue=0 media_high=0 media_command=0 media_kind=0 media_producer=0 media_token=0 media_generation=0 media_command_age_ms=0 media_heartbeat_age_ms=9 media_full=0 media_stale=0 media_timeout=0 media_coalesced=0 media_accepting=1 media_lifecycle=0,1,0,1 log_queue=0 enqueued=93 processed=93 log_high=19 log_heartbeat_age_ms=1999 log_waiting=1 queue_dropped=0 mirror_dropped=0 mirror_failures=0 mirror=1 worker=1 mdns_phase=waiting mdns_mode=0 mdns_running=1 mdns_suspended=0 ssdp_suspended=0 mdns_socket=1 mdns_heartbeat_age_ms=55 mdns_select=18 mdns_recv=0 mdns_sent=2
[INFO] [network-heartbeat] threshold_ms=1500 mdns=fd:1,active:1,oldest:select/55,total:24,max:237,error:0/none,hb:55,overflow:0,underflow:0 ssdp=fd:1,active:1,oldest:select/55,total:64,max:101,error:0/none,hb:55,overflow:0,underflow:0 dlna-http=fd:1,active:1,oldest:select/58,total:39,max:239,error:0/none,hb:58,overflow:0,underflow:0 airplay-control=fd:1,active:1,oldest:select/58,total:39,max:239,error:0/none,hb:58,overflow:0,underflow:0 iptv-background=fd:0,active:0,oldest:none/0,total:0,max:0,error:0/none,hb:0,overflow:0,underflow:0
[INFO] [ssdp] send packet to <IP_REDACTED>:7393 st=upnp:rootdevice bytes=283
[INFO] [ssdp] send packet to <IP_REDACTED>:7393 st=upnp:rootdevice bytes=283
[INFO] [ssdp] send packet to <IP_REDACTED>:7393 st=upnp:rootdevice bytes=283
[INFO] [scpd] served path=/description.xml bytes=2696 template=Description.xml
[INFO] [scpd] served path=/dlna/AVTransport.xml bytes=20658 template=AVTransport.xml
[INFO] [scpd] served path=/dlna/RenderingControl.xml bytes=7102 template=RenderingControl.xml
[INFO] [runtime-heartbeat] t_ms=85256045 frame=357 view=home player_state=idle media=0 return_home_pending=0 protocol_state=ready owner=none generation=0 resource_desired=home resource_applied=home resource_transition=0 resource_failed=0 resource_age_ms=0 iptv_background=0,0 discovery_suspended=0 service_workers=0,0,0 service_age_ms=5662,5656,5656 media_queue=0 media_high=0 media_command=0 media_kind=0 media_producer=0 media_token=0 media_generation=0 media_command_age_ms=0 media_heartbeat_age_ms=7 media_full=0 media_stale=0 media_timeout=0 media_coalesced=0 media_accepting=1 media_lifecycle=0,1,0,1 log_queue=0 enqueued=101 processed=101 log_high=19 log_heartbeat_age_ms=312 log_waiting=1 queue_dropped=0 mirror_dropped=0 mirror_failures=0 mirror=1 worker=1 mdns_phase=waiting mdns_mode=0 mdns_running=1 mdns_suspended=0 ssdp_suspended=0 mdns_socket=1 mdns_heartbeat_age_ms=78 mdns_select=28 mdns_recv=1 mdns_sent=2
[INFO] [network-heartbeat] threshold_ms=1500 mdns=fd:1,active:1,oldest:select/78,total:35,max:237,error:0/none,hb:78,overflow:0,underflow:0 ssdp=fd:1,active:1,oldest:select/79,total:92,max:101,error:0/none,hb:79,overflow:0,underflow:0 dlna-http=fd:1,active:1,oldest:select/12,total:70,max:239,error:0/none,hb:12,overflow:0,underflow:0 airplay-control=fd:1,active:1,oldest:select/58,total:59,max:239,error:0/none,hb:58,overflow:0,underflow:0 iptv-background=fd:0,active:0,oldest:none/0,total:0,max:0,error:0/none,hb:0,overflow:0,underflow:0
[INFO] [runtime-heartbeat] t_ms=85258045 frame=477 view=home player_state=idle media=0 return_home_pending=0 protocol_state=ready owner=none generation=0 resource_desired=home resource_applied=home resource_transition=0 resource_failed=0 resource_age_ms=0 iptv_background=0,0 discovery_suspended=0 service_workers=0,0,0 service_age_ms=7662,7656,7656 media_queue=0 media_high=0 media_command=0 media_kind=0 media_producer=0 media_token=0 media_generation=0 media_command_age_ms=0 media_heartbeat_age_ms=6 media_full=0 media_stale=0 media_timeout=0 media_coalesced=0 media_accepting=1 media_lifecycle=0,1,0,1 log_queue=0 enqueued=103 processed=103 log_high=19 log_heartbeat_age_ms=1999 log_waiting=1 queue_dropped=0 mirror_dropped=0 mirror_failures=0 mirror=1 worker=1 mdns_phase=waiting mdns_mode=0 mdns_running=1 mdns_suspended=0 ssdp_suspended=0 mdns_socket=1 mdns_heartbeat_age_ms=53 mdns_select=39 mdns_recv=2 mdns_sent=2
[INFO] [network-heartbeat] threshold_ms=1500 mdns=fd:1,active:1,oldest:select/53,total:47,max:237,error:0/none,hb:53,overflow:0,underflow:0 ssdp=fd:1,active:1,oldest:select/78,total:112,max:101,error:0/none,hb:78,overflow:0,underflow:0 dlna-http=fd:1,active:1,oldest:select/11,total:90,max:239,error:0/none,hb:11,overflow:0,underflow:0 airplay-control=fd:1,active:1,oldest:select/57,total:79,max:239,error:0/none,hb:57,overflow:0,underflow:0 iptv-background=fd:0,active:0,oldest:none/0,total:0,max:0,error:0/none,hb:0,overflow:0,underflow:0
[INFO] [ssdp] send packet to <IP_REDACTED>:10337 st=upnp:rootdevice bytes=283
[INFO] [ssdp] send packet to <IP_REDACTED>:10337 st=upnp:rootdevice bytes=283
[INFO] [ssdp] send packet to <IP_REDACTED>:10337 st=upnp:rootdevice bytes=283
[INFO] [runtime-heartbeat] t_ms=85260045 frame=597 view=home player_state=idle media=0 return_home_pending=0 protocol_state=ready owner=none generation=0 resource_desired=home resource_applied=home resource_transition=0 resource_failed=0 resource_age_ms=0 iptv_background=0,0 discovery_suspended=0 service_workers=0,0,0 service_age_ms=9662,9656,9656 media_queue=0 media_high=0 media_command=0 media_kind=0 media_producer=0 media_token=0 media_generation=0 media_command_age_ms=0 media_heartbeat_age_ms=5 media_full=0 media_stale=0 media_timeout=0 media_coalesced=0 media_accepting=1 media_lifecycle=0,1,0,1 log_queue=0 enqueued=108 processed=108 log_high=19 log_heartbeat_age_ms=1506 log_waiting=1 queue_dropped=0 mirror_dropped=0 mirror_failures=0 mirror=1 worker=1 mdns_phase=waiting mdns_mode=0 mdns_running=1 mdns_suspended=0 ssdp_suspended=0 mdns_socket=1 mdns_heartbeat_age_ms=82 mdns_select=49 mdns_recv=3 mdns_sent=2
[INFO] [network-heartbeat] threshold_ms=1500 mdns=fd:1,active:1,oldest:select/83,total:58,max:237,error:0/none,hb:83,overflow:0,underflow:0 ssdp=fd:1,active:1,oldest:select/74,total:182,max:101,error:0/none,hb:74,overflow:0,underflow:0 dlna-http=fd:1,active:1,oldest:select/11,total:110,max:239,error:0/none,hb:11,overflow:0,underflow:0 airplay-control=fd:1,active:1,oldest:select/56,total:99,max:239,error:0/none,hb:56,overflow:0,underflow:0 iptv-background=fd:0,active:0,oldest:none/0,total:0,max:0,error:0/none,hb:0,overflow:0,underflow:0
[INFO] [soap] soap_call "AVTransport" "SetAVTransportURI" <InstanceID>0</InstanceID> <CurrentURI><URL_REDACTED></CurrentURI>
[INFO] [media-trace] seq=1 t_ms=0 action=SetAVTransportURI phase=begin url_hash=07e223ac metadata_bytes=2153 url=<URL_REDACTED>
[INFO] [media-trace] seq=1 t_ms=0 layer=soap action=SetAVTransportURI phase=dispatch instance=0 url_hash=07e223ac url=<URL_REDACTED>
[INFO] [protocol-coordinator] event=claim previous_owner=none previous_token=0 previous_generation=0 owner=dlna token=1 generation=2
[INFO] [protocol-coordinator] revision=6->9 state=ready->media-active iptv=running->running dlna=running->running airplay=running->running owner=none->dlna token=1 generation=2 pin_visible=0 resource=home->home desired=dlna-exclusive transition=1 failed=0 discovery_suspended=0->0 airplay_running=1 airplay_starting=0 status=Ready for AirPlay video
[INFO] [iptv] background-network suspended=1 quiesced=1
[INFO] [protocol-coordinator] event=reject action=validate owner=none token=0 generation=0 current_owner=dlna current_token=1 current_generation=2 reason=stale-lease
[INFO] [protocol-coordinator] event=reject action=validate owner=none token=0 generation=0 current_owner=dlna current_token=1 current_generation=2 reason=stale-lease
[INFO] [media-trace] seq=1 t_ms=4 layer=player action=set_media phase=begin url_hash=07e223ac url=<URL_REDACTED>
[INFO] [media-trace] seq=1 t_ms=4 layer=libmpv action=set_media phase=begin url_hash=07e223ac detail=- url=<URL_REDACTED>
[INFO] [media-trace] seq=1 t_ms=4 layer=libmpv action=set_media phase=mutex-wait url_hash=07e223ac detail=- url=<URL_REDACTED>
[INFO] [media-trace] seq=1 t_ms=4 layer=libmpv action=set_media phase=mutex-acquired url_hash=07e223ac detail=- url=<URL_REDACTED>
[INFO] [media-trace] seq=1 t_ms=4 layer=libmpv action=loadfile phase=dispatch url_hash=07e223ac detail=paused=1 profile=direct-mp4-fast url=<URL_REDACTED>
[INFO] [media-trace] seq=1 t_ms=5 layer=libmpv action=loadfile phase=queued url_hash=07e223ac detail=paused=1 profile=direct-mp4-fast url=<URL_REDACTED>
[INFO] [media-trace] seq=1 t_ms=5 layer=libmpv action=set_media phase=done url_hash=07e223ac detail=- url=<URL_REDACTED>
[INFO] [media-trace] seq=1 t_ms=5 layer=player action=set_media phase=done url_hash=07e223ac url=<URL_REDACTED>
[INFO] [media-trace] seq=1 t_ms=5 layer=libmpv action=mpv-start-file phase=event url_hash=07e223ac detail=- url=<URL_REDACTED>
[INFO] [player-libmpv] start-file uri=<URL_REDACTED>
[INFO] [media-trace] seq=1 t_ms=5 layer=soap action=SetAVTransportURI phase=done url_hash=07e223ac url=<URL_REDACTED>
[INFO] [soap] assert_http_200 service=AVTransport action=SetAVTransportURI handler=avtransport_set_uri
[INFO] [soap] soap_call "AVTransport" "Play" <InstanceID>0</InstanceID> <Speed>1</Speed>
[INFO] [media-trace] seq=1 t_ms=18 layer=soap action=Play phase=begin url_hash=07e223ac detail=1 url=<URL_REDACTED>
[INFO] [media-trace] seq=1 t_ms=18 layer=player action=Play phase=backend-call-begin url_hash=07e223ac detail=-
[INFO] [media-trace] seq=1 t_ms=18 layer=libmpv action=Play phase=mutex-wait url_hash=07e223ac detail=- url=<URL_REDACTED>
[INFO] [media-trace] seq=1 t_ms=18 layer=libmpv action=Play phase=mutex-acquired url_hash=07e223ac detail=- url=<URL_REDACTED>
[INFO] [media-trace] seq=1 t_ms=18 layer=libmpv action=Play phase=deferred url_hash=07e223ac detail=waiting-file-loaded url=<URL_REDACTED>
[INFO] [media-trace] seq=1 t_ms=18 layer=player action=Play phase=backend-call-done url_hash=07e223ac detail=ok
[INFO] [media-trace] seq=1 t_ms=18 layer=player action=Play phase=snapshot-refresh-begin url_hash=07e223ac detail=-
[INFO] [media-trace] seq=1 t_ms=18 layer=player action=Play phase=snapshot-refresh-done url_hash=07e223ac detail=-
[INFO] [media-trace] seq=1 t_ms=18 layer=player action=Play phase=backend-wakeup-begin url_hash=07e223ac detail=-
[INFO] [media-trace] seq=1 t_ms=18 layer=player action=Play phase=backend-wakeup-done url_hash=07e223ac detail=-
[INFO] [media-trace] seq=1 t_ms=18 layer=soap action=Play phase=done url_hash=07e223ac detail=1 url=<URL_REDACTED>
[INFO] [soap] assert_http_200 service=AVTransport action=Play handler=avtransport_play
[INFO] [protocol-coordinator] revision=9->12 state=media-active->media-active iptv=running->running dlna=running->running airplay=running->stopped owner=dlna->dlna token=1 generation=2 pin_visible=0 resource=home->dlna-exclusive desired=dlna-exclusive transition=0 failed=0 discovery_suspended=0->0 airplay_running=0 airplay_starting=0 status=none
[INFO] [player-view] desired_view=video state=LOADING has_media=1 uri=<URL_REDACTED>
[INFO] [player-view] active_view=video frame=627
[INFO] [input] active_view=video state=loading media=1 snapshot=1
[INFO] [soap] soap_call "AVTransport" "GetTransportInfo" <InstanceID>0</InstanceID>
[INFO] [soap] assert_http_200 service=AVTransport action=GetTransportInfo handler=avtransport_get_transport_info
[INFO] [soap] soap_call "AVTransport" "GetPositionInfo" <InstanceID>0</InstanceID>
[INFO] [soap] assert_http_200 service=AVTransport action=GetPositionInfo handler=avtransport_get_position_info
[INFO] [player-libmpv][cplayer]  (+) Video --vid=1 (*) (h264 720x1280 30.000fps)
[INFO] [player-libmpv][cplayer]  (+) Audio --aid=1 (*) (aac 2ch 44100Hz)
[INFO] [player-libmpv][display-tags] File tags:
[INFO] [player-libmpv][display-tags]  Description: Bilibili VXCode Swarm Transcoder v1.3.31
[INFO] [media-trace] seq=1 t_ms=918 layer=libmpv action=mpv-file-loaded phase=event url_hash=07e223ac detail=- url=<URL_REDACTED>
[INFO] [player-libmpv] file-loaded uri=<URL_REDACTED>
[INFO] [media-trace] seq=1 t_ms=919 layer=libmpv action=Play phase=dispatch url_hash=07e223ac detail=file-loaded-autoplay url=<URL_REDACTED>
[INFO] [player-libmpv][vd] Using hardware decoding (nvtegra).
[INFO] [player-libmpv][cplayer] AO: [hos] 44100Hz stereo 2ch s16
[INFO] [player-libmpv][cplayer] VO: [libmpv] 720x1280 nvtegra[nv12]
[INFO] [soap] soap_call "AVTransport" "GetTransportInfo" <InstanceID>0</InstanceID>
[INFO] [soap] assert_http_200 service=AVTransport action=GetTransportInfo handler=avtransport_get_transport_info
[INFO] [soap] soap_call "AVTransport" "GetPositionInfo" <InstanceID>0</InstanceID>
[INFO] [soap] assert_http_200 service=AVTransport action=GetPositionInfo handler=avtransport_get_position_info
[INFO] [media-trace] seq=1 t_ms=1184 layer=libmpv action=mpv-playback-restart phase=event url_hash=07e223ac detail=- url=<URL_REDACTED>
[INFO] [media-trace] seq=1 t_ms=1184 layer=libmpv action=startup-gate phase=seek-window url_hash=07e223ac detail=open url=<URL_REDACTED>
[INFO] [runtime-heartbeat] t_ms=85262045 frame=717 view=video player_state=loading media=1 return_home_pending=0 protocol_state=media-active owner=dlna generation=2 resource_desired=dlna-exclusive resource_applied=dlna-exclusive resource_transition=0 resource_failed=0 resource_age_ms=0 iptv_background=1,0 discovery_suspended=0 service_workers=0,0,0 service_age_ms=11662,11656,1498 media_queue=0 media_high=1 media_command=0 media_kind=0 media_producer=0 media_token=0 media_generation=0 media_command_age_ms=0 media_heartbeat_age_ms=3 media_full=0 media_stale=0 media_timeout=0 media_coalesced=0 media_accepting=1 media_lifecycle=0,1,0,1 log_queue=0 enqueued=167 processed=167 log_high=19 log_heartbeat_age_ms=318 log_waiting=1 queue_dropped=0 mirror_dropped=0 mirror_failures=0 mirror=1 worker=1 mdns_phase=stopped mdns_mode=0 mdns_running=0 mdns_suspended=0 ssdp_suspended=0 mdns_socket=0 mdns_heartbeat_age_ms=1499 mdns_select=52 mdns_recv=3 mdns_sent=4
[INFO] [network-heartbeat] threshold_ms=1500 mdns=fd:0,active:0,oldest:none/0,total:62,max:237,error:0/none,hb:1499,overflow:0,underflow:0 ssdp=fd:1,active:1,oldest:select/65,total:245,max:101,error:0/none,hb:65,overflow:0,underflow:0 dlna-http=fd:1,active:1,oldest:select/65,total:153,max:239,error:0/none,hb:65,overflow:0,underflow:0 airplay-control=fd:0,active:0,oldest:none/0,total:104,max:239,error:0/none,hb:1498,overflow:0,underflow:0 iptv-background=fd:0,active:0,oldest:none/0,total:0,max:0,error:0/none,hb:0,overflow:0,underflow:0
[INFO] [media-trace] seq=1 t_ms=1539 layer=libmpv action=startup-gate phase=released url_hash=07e223ac detail=initial-seek-window-expired url=<URL_REDACTED>
[INFO] [media-trace] seq=1 t_ms=1636 layer=render action=first-frame phase=presented url_hash=07e223ac frame=719 presented=719
[INFO] [soap] soap_call "AVTransport" "GetTransportInfo" <InstanceID>0</InstanceID>
[INFO] [soap] assert_http_200 service=AVTransport action=GetTransportInfo handler=avtransport_get_transport_info
[INFO] [soap] soap_call "AVTransport" "GetPositionInfo" <InstanceID>0</InstanceID>
[INFO] [soap] assert_http_200 service=AVTransport action=GetPositionInfo handler=avtransport_get_position_info
[INFO] [soap] soap_call "AVTransport" "GetPositionInfo" <InstanceID>0</InstanceID>
[INFO] [soap] assert_http_200 service=AVTransport action=GetPositionInfo handler=avtransport_get_position_info
[INFO] [soap] soap_call "AVTransport" "GetTransportInfo" <InstanceID>0</InstanceID>
[INFO] [soap] assert_http_200 service=AVTransport action=GetTransportInfo handler=avtransport_get_transport_info
[INFO] [soap] soap_call "AVTransport" "Seek" <InstanceID>0</InstanceID> <Unit>REL_TIME</Unit> <Target>0:00:21</Target>
[INFO] [media-trace] seq=1 t_ms=3046 layer=soap action=Seek phase=begin url_hash=07e223ac detail=00:00:21 url=<URL_REDACTED>
[INFO] [media-trace] seq=1 t_ms=3046 layer=libmpv action=Seek phase=dispatch url_hash=07e223ac detail=21.000 url=<URL_REDACTED>
[INFO] [media-trace] seq=1 t_ms=3046 layer=soap action=Seek phase=done url_hash=07e223ac detail=00:00:21 url=<URL_REDACTED>
[INFO] [soap] assert_http_200 service=AVTransport action=Seek handler=avtransport_seek
[INFO] [runtime-heartbeat] t_ms=85264046 frame=829 view=video player_state=seeking media=1 return_home_pending=0 protocol_state=media-active owner=dlna generation=2 resource_desired=dlna-exclusive resource_applied=dlna-exclusive resource_transition=0 resource_failed=0 resource_age_ms=0 iptv_background=1,0 discovery_suspended=0 service_workers=0,0,0 service_age_ms=13663,13657,3499 media_queue=0 media_high=1 media_command=0 media_kind=0 media_producer=0 media_token=0 media_generation=0 media_command_age_ms=0 media_heartbeat_age_ms=6 media_full=0 media_stale=0 media_timeout=0 media_coalesced=0 media_accepting=1 media_lifecycle=0,1,0,1 log_queue=0 enqueued=184 processed=184 log_high=19 log_heartbeat_age_ms=457 log_waiting=1 queue_dropped=0 mirror_dropped=0 mirror_failures=0 mirror=1 worker=1 mdns_phase=stopped mdns_mode=0 mdns_running=0 mdns_suspended=0 ssdp_suspended=0 mdns_socket=0 mdns_heartbeat_age_ms=3500 mdns_select=52 mdns_recv=3 mdns_sent=4
[INFO] [network-heartbeat] threshold_ms=1500 mdns=fd:0,active:0,oldest:none/0,total:62,max:237,error:0/none,hb:3500,overflow:0,underflow:0 ssdp=fd:1,active:1,oldest:select/62,total:265,max:102,error:0/none,hb:62,overflow:0,underflow:0 dlna-http=fd:1,active:1,oldest:select/56,total:191,max:239,error:0/none,hb:56,overflow:0,underflow:0 airplay-control=fd:0,active:0,oldest:none/0,total:104,max:239,error:0/none,hb:3499,overflow:0,underflow:0 iptv-background=fd:0,active:0,oldest:none/0,total:0,max:0,error:0/none,hb:0,overflow:0,underflow:0
[INFO] [soap] soap_call "AVTransport" "GetTransportInfo" <InstanceID>0</InstanceID>
[INFO] [soap] assert_http_200 service=AVTransport action=GetTransportInfo handler=avtransport_get_transport_info
[INFO] [soap] soap_call "AVTransport" "GetPositionInfo" <InstanceID>0</InstanceID>
[INFO] [soap] assert_http_200 service=AVTransport action=GetPositionInfo handler=avtransport_get_position_info
[INFO] [soap] soap_call "AVTransport" "GetPositionInfo" <InstanceID>0</InstanceID>
[INFO] [soap] assert_http_200 service=AVTransport action=GetPositionInfo handler=avtransport_get_position_info
[INFO] [soap] soap_call "AVTransport" "GetTransportInfo" <InstanceID>0</InstanceID>
[INFO] [soap] assert_http_200 service=AVTransport action=GetTransportInfo handler=avtransport_get_transport_info
[INFO] [runtime-heartbeat] t_ms=85266046 frame=949 view=video player_state=seeking media=1 return_home_pending=0 protocol_state=media-active owner=dlna generation=2 resource_desired=dlna-exclusive resource_applied=dlna-exclusive resource_transition=0 resource_failed=0 resource_age_ms=0 iptv_background=1,0 discovery_suspended=0 service_workers=0,0,0 service_age_ms=15663,15657,5499 media_queue=0 media_high=1 media_command=0 media_kind=0 media_producer=0 media_token=0 media_generation=0 media_command_age_ms=0 media_heartbeat_age_ms=5 media_full=0 media_stale=0 media_timeout=0 media_coalesced=0 media_accepting=1 media_lifecycle=0,1,0,1 log_queue=0 enqueued=194 processed=194 log_high=19 log_heartbeat_age_ms=436 log_waiting=1 queue_dropped=0 mirror_dropped=0 mirror_failures=0 mirror=1 worker=1 mdns_phase=stopped mdns_mode=0 mdns_running=0 mdns_suspended=0 ssdp_suspended=0 mdns_socket=0 mdns_heartbeat_age_ms=5500 mdns_select=52 mdns_recv=3 mdns_sent=4
[INFO] [network-heartbeat] threshold_ms=1500 mdns=fd:0,active:0,oldest:none/0,total:62,max:237,error:0/none,hb:5500,overflow:0,underflow:0 ssdp=fd:1,active:1,oldest:select/61,total:285,max:102,error:0/none,hb:61,overflow:0,underflow:0 dlna-http=fd:1,active:1,oldest:select/36,total:226,max:239,error:0/none,hb:36,overflow:0,underflow:0 airplay-control=fd:0,active:0,oldest:none/0,total:104,max:239,error:0/none,hb:5499,overflow:0,underflow:0 iptv-background=fd:0,active:0,oldest:none/0,total:0,max:0,error:0/none,hb:0,overflow:0,underflow:0
[INFO] [soap] soap_call "AVTransport" "GetTransportInfo" <InstanceID>0</InstanceID>
[INFO] [soap] assert_http_200 service=AVTransport action=GetTransportInfo handler=avtransport_get_transport_info
[INFO] [soap] soap_call "AVTransport" "GetPositionInfo" <InstanceID>0</InstanceID>
[INFO] [soap] assert_http_200 service=AVTransport action=GetPositionInfo handler=avtransport_get_position_info
[INFO] [soap] soap_call "AVTransport" "GetTransportInfo" <InstanceID>0</InstanceID>
[INFO] [soap] assert_http_200 service=AVTransport action=GetTransportInfo handler=avtransport_get_transport_info
[INFO] [soap] soap_call "AVTransport" "GetPositionInfo" <InstanceID>0</InstanceID>
[INFO] [soap] assert_http_200 service=AVTransport action=GetPositionInfo handler=avtransport_get_position_info
[INFO] [input] buttons_down=0x80 view=video state=seeking media=1
[INFO] [input] action=seek begin delta_ms=10000 state=seeking
[INFO] [media-trace] seq=1 t_ms=7386 layer=libmpv action=Seek phase=dispatch url_hash=07e223ac detail=31.000 url=<URL_REDACTED>
[INFO] [input] action=seek done ok=1 delta_ms=10000 state=seeking
[INFO] [render] frame begin reason=input view=video state=seeking media=1
[INFO] [render] frame done rendered=1 view=video state=seeking media=1
[INFO] [runtime-heartbeat] t_ms=85268046 frame=1069 view=video player_state=seeking media=1 return_home_pending=0 protocol_state=media-active owner=dlna generation=2 resource_desired=dlna-exclusive resource_applied=dlna-exclusive resource_transition=0 resource_failed=0 resource_age_ms=0 iptv_background=1,0 discovery_suspended=0 service_workers=0,0,0 service_age_ms=17663,17657,7499 media_queue=0 media_high=1 media_command=0 media_kind=0 media_producer=0 media_token=0 media_generation=0 media_command_age_ms=0 media_heartbeat_age_ms=6 media_full=0 media_stale=0 media_timeout=0 media_coalesced=0 media_accepting=1 media_lifecycle=0,1,0,1 log_queue=0 enqueued=210 processed=210 log_high=19 log_heartbeat_age_ms=100 log_waiting=1 queue_dropped=0 mirror_dropped=0 mirror_failures=0 mirror=1 worker=1 mdns_phase=stopped mdns_mode=0 mdns_running=0 mdns_suspended=0 ssdp_suspended=0 mdns_socket=0 mdns_heartbeat_age_ms=7500 mdns_select=52 mdns_recv=3 mdns_sent=4
[INFO] [network-heartbeat] threshold_ms=1500 mdns=fd:0,active:0,oldest:none/0,total:62,max:237,error:0/none,hb:7500,overflow:0,underflow:0 ssdp=fd:1,active:1,oldest:select/60,total:305,max:102,error:0/none,hb:60,overflow:0,underflow:0 dlna-http=fd:1,active:1,oldest:select/86,total:260,max:239,error:0/none,hb:86,overflow:0,underflow:0 airplay-control=fd:0,active:0,oldest:none/0,total:104,max:239,error:0/none,hb:7499,overflow:0,underflow:0 iptv-background=fd:0,active:0,oldest:none/0,total:0,max:0,error:0/none,hb:0,overflow:0,underflow:0
[INFO] [input] buttons_down=0x2 view=video state=seeking media=1
[INFO] [return-home] phase=request t_ms=85268129 playback_active=1 state=seeking media=1
[INFO] [return-home] phase=player-stop begin state=seeking
[INFO] [media-trace] seq=1 t_ms=7586 layer=player action=Stop phase=backend-call-begin url_hash=07e223ac detail=-
[INFO] [media-trace] seq=1 t_ms=7586 layer=libmpv action=Stop phase=mutex-wait url_hash=07e223ac detail=- url=<URL_REDACTED>
[INFO] [media-trace] seq=1 t_ms=7586 layer=libmpv action=Stop phase=mutex-acquired url_hash=07e223ac detail=- url=<URL_REDACTED>
[INFO] [media-trace] seq=1 t_ms=7586 layer=libmpv action=Stop phase=dispatch url_hash=07e223ac detail=- url=<URL_REDACTED>
[INFO] [media-trace] seq=1 t_ms=7586 layer=player action=Stop phase=backend-call-done url_hash=07e223ac detail=ok
[INFO] [media-trace] seq=1 t_ms=7586 layer=player action=Stop phase=snapshot-refresh-begin url_hash=07e223ac detail=-
[INFO] [media-trace] seq=1 t_ms=7586 layer=player action=Stop phase=snapshot-refresh-done url_hash=07e223ac detail=-
[INFO] [media-trace] seq=1 t_ms=7586 layer=player action=Stop phase=backend-wakeup-begin url_hash=07e223ac detail=-
[INFO] [media-trace] seq=1 t_ms=7586 layer=player action=Stop phase=backend-wakeup-done url_hash=07e223ac detail=-
[INFO] [return-home] phase=player-stop done state=seeking
[INFO] [return-home] phase=wait-player-stopped ready_ms=85268379
[INFO] [input] action=return-home ok=1 stop=1 state=seeking
[INFO] [render] frame begin reason=input view=video state=seeking media=1
[INFO] [render] frame done rendered=1 view=video state=seeking media=1
[INFO] [protocol-coordinator] event=terminal-release owner=dlna token=1 generation=2 seen_active=1
[INFO] [protocol-coordinator] event=release action=release owner=dlna token=1 generation=2 reason=completed
[INFO] [protocol-coordinator] revision=12->15 state=media-active->ready iptv=running->running dlna=running->running airplay=stopped->stopped owner=dlna->none token=0 generation=0 pin_visible=0 resource=dlna-exclusive->dlna-exclusive desired=home transition=1 failed=0 discovery_suspended=0->0 airplay_running=0 airplay_starting=0 status=none
[INFO] [airplay] t_ms=85268146 integration stage=ed25519 begin
[INFO] [airplay] t_ms=85268146 integration stage=ed25519 done
[INFO] [airplay] t_ms=85268146 integration stage=mirror-runtime begin
[INFO] [airplay] t_ms=85268146 integration stage=mirror-runtime done
[INFO] [airplay] t_ms=85268147 integration stage=remote-video begin
[INFO] [airplay] t_ms=85268147 integration stage=remote-video done
[INFO] [airplay] t_ms=85268147 integration stage=receiver begin
[INFO] [airplay] t_ms=85268147 receiver stage=pairing-identity begin
[INFO] [airplay] t_ms=85268153 receiver stage=pairing-identity done
[INFO] [airplay] t_ms=85268153 receiver stage=dns-sd-txt begin
[INFO] [airplay] t_ms=85268153 receiver stage=dns-sd-txt done
[INFO] [airplay] t_ms=85268153 receiver stage=handlers begin
[INFO] [airplay] t_ms=85268153 handlers stage=validate begin
[INFO] [airplay] t_ms=85268153 handlers stage=validate done
[INFO] [airplay] t_ms=85268153 handlers stage=allocate begin bytes=792
[INFO] [airplay] t_ms=85268153 handlers stage=allocate done
[INFO] [airplay] t_ms=85268153 handlers stage=copy begin txt_bytes=214
[INFO] [airplay] t_ms=85268153 handlers stage=copy done
[INFO] [airplay] t_ms=85268153 receiver stage=handlers done
[INFO] [airplay] t_ms=85268153 receiver stage=control-server begin
[INFO] [airplay-server] listening on :7000
[INFO] [airplay] t_ms=85268154 receiver stage=control-server done port=7000
[INFO] [airplay] t_ms=85268154 receiver stage=lifecycle begin
[INFO] [airplay] t_ms=85268154 receiver stage=lifecycle done
[INFO] [airplay] t_ms=85268154 receiver stage=mdns begin
[INFO] [airplay] t_ms=85268154 mdns stage=local-address begin
[INFO] [airplay] t_ms=85268154 mdns stage=local-address done
[INFO] [airplay-mdns] local-address=<IP_REDACTED>
[INFO] [airplay] t_ms=85268154 mdns stage=service-record begin
[INFO] [airplay] t_ms=85268154 mdns stage=service-record done
[INFO] [airplay] t_ms=85268154 mdns stage=socket begin
[INFO] [airplay] t_ms=85268154 mdns socket stage=create begin
[INFO] [airplay] t_ms=85268154 mdns socket stage=create done fd=8
[INFO] [airplay] t_ms=85268155 mdns socket stage=bind begin port=5353
[INFO] [airplay] t_ms=85268155 mdns socket stage=bind done
[INFO] [airplay] t_ms=85268155 mdns socket stage=multicast-join begin
[INFO] [airplay] t_ms=85268155 mdns socket stage=multicast-join done
[INFO] [airplay] t_ms=85268155 mdns stage=socket done
[INFO] [airplay] t_ms=85268155 mdns stage=thread begin
[INFO] [airplay] t_ms=85268155 mdns thread-create begin stack=65536
[INFO] [airplay] t_ms=85268155 mdns thread-create done rc=0x00000000
[INFO] [airplay] t_ms=85268155 mdns thread-start begin
[INFO] [airplay] t_ms=85268155 mdns worker entered
[INFO] [airplay] t_ms=85268155 mdns worker mode=0 priority=0x2b
[INFO] [airplay] t_ms=85268155 mdns worker announce begin
[INFO] [airplay] t_ms=85268155 mdns thread-start done rc=0x00000000
[INFO] [airplay] t_ms=85268155 mdns stage=thread done
[INFO] [airplay-mdns] started airplay=NX-Cast raop=<IDENTIFIER_REDACTED>@NX-Cast port=7000 features=0x5A7FFEE6,0x0
[INFO] [airplay-mdns] started airplay=NX-Cast raop=<IDENTIFIER_REDACTED>@NX-Cast port=7000 features=0x5A7FFEE6,0x0
[INFO] [airplay] t_ms=85268155 receiver stage=mdns done
[INFO] [airplay] t_ms=85268155 integration stage=receiver done
[INFO] [airplay] integration started port=7000 discovery=1
[INFO] [iptv] background-network suspended=0 quiesced=1
[INFO] [airplay] t_ms=85268155 mdns worker announce done
[INFO] [protocol-coordinator] revision=15->19 state=ready->ready iptv=running->running dlna=running->running airplay=stopped->running owner=none->none token=0 generation=0 pin_visible=0 resource=dlna-exclusive->home desired=home transition=0 failed=0 discovery_suspended=0->0 airplay_running=1 airplay_starting=0 status=Ready for AirPlay video
[WARN] [player-libmpv][ffmpeg/demuxer] mov,mp4,m4a,3gp,3g2,mj2: Packet corrupt (stream = 0, dts = 84267).
[ERROR] [player-libmpv][ffmpeg] NULL: Invalid NAL unit size (16747 > 6144).
[ERROR] [player-libmpv][ffmpeg] NULL: missing picture in access unit with size 6148
[INFO] [player-libmpv] end-file uri=<URL_REDACTED> reason=stop error=success
[INFO] [media-trace] seq=1 t_ms=7713 layer=libmpv action=mpv-end-file phase=event url_hash=07e223ac detail=stop url=<URL_REDACTED>
[INFO] [input] action=seek begin delta_ms=10000 state=stopped
[INFO] [input] action=seek done ok=1 delta_ms=10000 state=stopped
[INFO] [return-home] phase=show-home begin reason=player-stopped state=stopped media=1
[INFO] [player-view] manual navigation target=home state=STOPPED
[INFO] [return-home] phase=show-home done ok=1 reason=player-stopped pending=0
[INFO] [input] action=return-home-complete ok=1 state=stopped
[INFO] [player-view] active_view=home frame=1088
[INFO] [input] active_view=home state=stopped media=1 snapshot=1
[INFO] [soap] soap_call "AVTransport" "GetPositionInfo" <InstanceID>0</InstanceID>
[INFO] [protocol-coordinator] event=reject action=guard owner=dlna token=1 current_owner=none current_token=0 current_generation=0 reason=owner-mismatch
[INFO] [soap] assert_http_200 service=AVTransport action=GetPositionInfo handler=avtransport_get_position_info
[INFO] [soap] soap_call "AVTransport" "GetTransportInfo" <InstanceID>0</InstanceID>
[INFO] [soap] assert_http_200 service=AVTransport action=GetTransportInfo handler=avtransport_get_transport_info
[INFO] [soap] soap_call "AVTransport" "GetTransportInfo" <InstanceID>0</InstanceID>
[INFO] [soap] assert_http_200 service=AVTransport action=GetTransportInfo handler=avtransport_get_transport_info
[INFO] [soap] soap_call "AVTransport" "GetPositionInfo" <InstanceID>0</InstanceID>
[INFO] [protocol-coordinator] event=reject action=guard owner=dlna token=1 current_owner=none current_token=0 current_generation=0 reason=owner-mismatch
[INFO] [soap] assert_http_200 service=AVTransport action=GetPositionInfo handler=avtransport_get_position_info
[INFO] [runtime-heartbeat] t_ms=85270062 frame=1191 view=home player_state=stopped media=1 return_home_pending=0 protocol_state=ready owner=none generation=0 resource_desired=home resource_applied=home resource_transition=0 resource_failed=0 resource_age_ms=0 iptv_background=0,0 discovery_suspended=0 service_workers=0,0,0 service_age_ms=19679,19673,1907 media_queue=0 media_high=1 media_command=0 media_kind=0 media_producer=0 media_token=0 media_generation=0 media_command_age_ms=0 media_heartbeat_age_ms=0 media_full=0 media_stale=0 media_timeout=0 media_coalesced=0 media_accepting=1 media_lifecycle=0,1,0,1 log_queue=0 enqueued=310 processed=310 log_high=39 log_heartbeat_age_ms=458 log_waiting=1 queue_dropped=0 mirror_dropped=0 mirror_failures=0 mirror=1 worker=1 mdns_phase=waiting mdns_mode=0 mdns_running=1 mdns_suspended=0 ssdp_suspended=0 mdns_socket=1 mdns_heartbeat_age_ms=106 mdns_select=9 mdns_recv=0 mdns_sent=2
[INFO] [network-heartbeat] threshold_ms=1500 mdns=fd:1,active:1,oldest:select/106,total:77,max:237,error:0/none,hb:106,overflow:0,underflow:0 ssdp=fd:1,active:1,oldest:select/74,total:325,max:102,error:0/none,hb:74,overflow:0,underflow:0 dlna-http=fd:1,active:1,oldest:select/58,total:296,max:239,error:0/none,hb:58,overflow:0,underflow:0 airplay-control=fd:1,active:1,oldest:select/7,total:125,max:239,error:0/none,hb:7,overflow:0,underflow:0 iptv-background=fd:0,active:0,oldest:none/0,total:0,max:0,error:0/none,hb:0,overflow:0,underflow:0
[INFO] [soap] soap_call "AVTransport" "GetTransportInfo" <InstanceID>0</InstanceID>
[INFO] [soap] assert_http_200 service=AVTransport action=GetTransportInfo handler=avtransport_get_transport_info
[INFO] [soap] soap_call "AVTransport" "GetPositionInfo" <InstanceID>0</InstanceID>
[INFO] [protocol-coordinator] event=reject action=guard owner=dlna token=1 current_owner=none current_token=0 current_generation=0 reason=owner-mismatch
[INFO] [soap] assert_http_200 service=AVTransport action=GetPositionInfo handler=avtransport_get_position_info
[INFO] [soap] soap_call "AVTransport" "GetTransportInfo" <InstanceID>0</InstanceID>
[INFO] [soap] assert_http_200 service=AVTransport action=GetTransportInfo handler=avtransport_get_transport_info
[INFO] [soap] soap_call "AVTransport" "GetPositionInfo" <InstanceID>0</InstanceID>
[INFO] [protocol-coordinator] event=reject action=guard owner=dlna token=1 current_owner=none current_token=0 current_generation=0 reason=owner-mismatch
[INFO] [soap] assert_http_200 service=AVTransport action=GetPositionInfo handler=avtransport_get_position_info
[INFO] [runtime-heartbeat] t_ms=85272062 frame=1311 view=home player_state=stopped media=1 return_home_pending=0 protocol_state=ready owner=none generation=0 resource_desired=home resource_applied=home resource_transition=0 resource_failed=0 resource_age_ms=0 iptv_background=0,0 discovery_suspended=0 service_workers=0,0,0 service_age_ms=21679,21673,3907 media_queue=0 media_high=1 media_command=0 media_kind=0 media_producer=0 media_token=0 media_generation=0 media_command_age_ms=0 media_heartbeat_age_ms=9 media_full=0 media_stale=0 media_timeout=0 media_coalesced=0 media_accepting=1 media_lifecycle=0,1,0,1 log_queue=0 enqueued=322 processed=322 log_high=39 log_heartbeat_age_ms=305 log_waiting=1 queue_dropped=0 mirror_dropped=0 mirror_failures=0 mirror=1 worker=1 mdns_phase=waiting mdns_mode=0 mdns_running=1 mdns_suspended=0 ssdp_suspended=0 mdns_socket=1 mdns_heartbeat_age_ms=105 mdns_select=19 mdns_recv=0 mdns_sent=2
[INFO] [network-heartbeat] threshold_ms=1500 mdns=fd:1,active:1,oldest:select/105,total:87,max:237,error:0/none,hb:105,overflow:0,underflow:0 ssdp=fd:1,active:1,oldest:select/73,total:345,max:102,error:0/none,hb:73,overflow:0,underflow:0 dlna-http=fd:1,active:1,oldest:select/4,total:332,max:239,error:0/none,hb:4,overflow:0,underflow:0 airplay-control=fd:1,active:1,oldest:select/6,total:145,max:239,error:0/none,hb:6,overflow:0,underflow:0 iptv-background=fd:0,active:0,oldest:none/0,total:0,max:0,error:0/none,hb:0,overflow:0,underflow:0
[INFO] [soap] soap_call "AVTransport" "GetPositionInfo" <InstanceID>0</InstanceID>
[INFO] [protocol-coordinator] event=reject action=guard owner=dlna token=1 current_owner=none current_token=0 current_generation=0 reason=owner-mismatch
[INFO] [soap] assert_http_200 service=AVTransport action=GetPositionInfo handler=avtransport_get_position_info
[INFO] [soap] soap_call "AVTransport" "GetTransportInfo" <InstanceID>0</InstanceID>
[INFO] [soap] assert_http_200 service=AVTransport action=GetTransportInfo handler=avtransport_get_transport_info
[INFO] [soap] soap_call "AVTransport" "GetPositionInfo" <InstanceID>0</InstanceID>
[INFO] [protocol-coordinator] event=reject action=guard owner=dlna token=1 current_owner=none current_token=0 current_generation=0 reason=owner-mismatch
[INFO] [soap] assert_http_200 service=AVTransport action=GetPositionInfo handler=avtransport_get_position_info
[INFO] [soap] soap_call "AVTransport" "GetTransportInfo" <InstanceID>0</InstanceID>
[INFO] [soap] assert_http_200 service=AVTransport action=GetTransportInfo handler=avtransport_get_transport_info
[INFO] [runtime-heartbeat] t_ms=85274062 frame=1431 view=home player_state=stopped media=1 return_home_pending=0 protocol_state=ready owner=none generation=0 resource_desired=home resource_applied=home resource_transition=0 resource_failed=0 resource_age_ms=0 iptv_background=0,0 discovery_suspended=0 service_workers=0,0,0 service_age_ms=23679,23673,5907 media_queue=0 media_high=1 media_command=0 media_kind=0 media_producer=0 media_token=0 media_generation=0 media_command_age_ms=0 media_heartbeat_age_ms=8 media_full=0 media_stale=0 media_timeout=0 media_coalesced=0 media_accepting=1 media_lifecycle=0,1,0,1 log_queue=0 enqueued=334 processed=334 log_high=39 log_heartbeat_age_ms=464 log_waiting=1 queue_dropped=0 mirror_dropped=0 mirror_failures=0 mirror=1 worker=1 mdns_phase=waiting mdns_mode=0 mdns_running=1 mdns_suspended=0 ssdp_suspended=0 mdns_socket=1 mdns_heartbeat_age_ms=105 mdns_select=29 mdns_recv=0 mdns_sent=2
[INFO] [network-heartbeat] threshold_ms=1500 mdns=fd:1,active:1,oldest:select/105,total:97,max:237,error:0/none,hb:105,overflow:0,underflow:0 ssdp=fd:1,active:1,oldest:select/72,total:365,max:102,error:0/none,hb:72,overflow:0,underflow:0 dlna-http=fd:1,active:1,oldest:select/64,total:367,max:239,error:0/none,hb:64,overflow:0,underflow:0 airplay-control=fd:1,active:1,oldest:select/5,total:165,max:239,error:0/none,hb:5,overflow:0,underflow:0 iptv-background=fd:0,active:0,oldest:none/0,total:0,max:0,error:0/none,hb:0,overflow:0,underflow:0
[INFO] [soap] soap_call "AVTransport" "GetPositionInfo" <InstanceID>0</InstanceID>
[INFO] [protocol-coordinator] event=reject action=guard owner=dlna token=1 current_owner=none current_token=0 current_generation=0 reason=owner-mismatch
[INFO] [soap] assert_http_200 service=AVTransport action=GetPositionInfo handler=avtransport_get_position_info
[INFO] [soap] soap_call "AVTransport" "GetTransportInfo" <InstanceID>0</InstanceID>
[INFO] [soap] assert_http_200 service=AVTransport action=GetTransportInfo handler=avtransport_get_transport_info
[INFO] [ssdp] send packet to <IP_REDACTED>:13406 st=upnp:rootdevice bytes=283
[INFO] [ssdp] send packet to <IP_REDACTED>:13406 st=upnp:rootdevice bytes=283
[INFO] [ssdp] send packet to <IP_REDACTED>:13406 st=upnp:rootdevice bytes=283
[INFO] [soap] soap_call "AVTransport" "GetTransportInfo" <InstanceID>0</InstanceID>
[INFO] [soap] assert_http_200 service=AVTransport action=GetTransportInfo handler=avtransport_get_transport_info
[INFO] [soap] soap_call "AVTransport" "GetPositionInfo" <InstanceID>0</InstanceID>
[INFO] [protocol-coordinator] event=reject action=guard owner=dlna token=1 current_owner=none current_token=0 current_generation=0 reason=owner-mismatch
[INFO] [soap] assert_http_200 service=AVTransport action=GetPositionInfo handler=avtransport_get_position_info
[INFO] [soap] soap_call "AVTransport" "SetAVTransportURI" <InstanceID>0</InstanceID> <CurrentURI><URL_REDACTED></CurrentURI>
[INFO] [media-trace] seq=2 t_ms=0 action=SetAVTransportURI phase=begin url_hash=854aafb0 metadata_bytes=2098 url=<URL_REDACTED>
[INFO] [media-trace] seq=2 t_ms=0 layer=soap action=SetAVTransportURI phase=dispatch instance=0 url_hash=854aafb0 url=<URL_REDACTED>
[INFO] [protocol-coordinator] event=claim previous_owner=none previous_token=0 previous_generation=0 owner=dlna token=1 generation=3
[INFO] [protocol-coordinator] revision=19->22 state=ready->media-active iptv=running->running dlna=running->running airplay=running->running owner=none->dlna token=1 generation=3 pin_visible=0 resource=home->home desired=dlna-exclusive transition=1 failed=0 discovery_suspended=0->0 airplay_running=1 airplay_starting=0 status=Ready for AirPlay video
[INFO] [iptv] background-network suspended=1 quiesced=1
[INFO] [protocol-coordinator] event=reject action=validate owner=none token=0 generation=0 current_owner=dlna current_token=1 current_generation=3 reason=stale-lease
[INFO] [protocol-coordinator] event=reject action=validate owner=none token=0 generation=0 current_owner=dlna current_token=1 current_generation=3 reason=stale-lease
[INFO] [media-trace] seq=2 t_ms=7 layer=player action=set_media phase=begin url_hash=854aafb0 url=<URL_REDACTED>
[INFO] [media-trace] seq=2 t_ms=7 layer=libmpv action=set_media phase=begin url_hash=854aafb0 detail=- url=<URL_REDACTED>
[INFO] [media-trace] seq=2 t_ms=8 layer=libmpv action=set_media phase=mutex-wait url_hash=854aafb0 detail=- url=<URL_REDACTED>
[INFO] [media-trace] seq=2 t_ms=8 layer=libmpv action=set_media phase=mutex-acquired url_hash=854aafb0 detail=- url=<URL_REDACTED>
[INFO] [media-trace] seq=2 t_ms=8 layer=libmpv action=loadfile phase=dispatch url_hash=854aafb0 detail=paused=1 profile=direct-mp4-fast url=<URL_REDACTED>
[INFO] [media-trace] seq=2 t_ms=8 layer=libmpv action=loadfile phase=queued url_hash=854aafb0 detail=paused=1 profile=direct-mp4-fast url=<URL_REDACTED>
[INFO] [media-trace] seq=2 t_ms=8 layer=libmpv action=set_media phase=done url_hash=854aafb0 detail=- url=<URL_REDACTED>
[INFO] [media-trace] seq=2 t_ms=8 layer=player action=set_media phase=done url_hash=854aafb0 url=<URL_REDACTED>
[INFO] [media-trace] seq=2 t_ms=8 layer=libmpv action=mpv-start-file phase=event url_hash=854aafb0 detail=- url=<URL_REDACTED>
[INFO] [player-libmpv] start-file uri=<URL_REDACTED>
[INFO] [media-trace] seq=2 t_ms=8 layer=soap action=SetAVTransportURI phase=done url_hash=854aafb0 url=<URL_REDACTED>
[INFO] [soap] assert_http_200 service=AVTransport action=SetAVTransportURI handler=avtransport_set_uri
[INFO] [protocol-coordinator] revision=22->25 state=media-active->media-active iptv=running->running dlna=running->running airplay=running->stopped owner=dlna->dlna token=1 generation=3 pin_visible=0 resource=home->dlna-exclusive desired=dlna-exclusive transition=0 failed=0 discovery_suspended=0->0 airplay_running=0 airplay_starting=0 status=none
[INFO] [player-view] desired_view=video state=LOADING has_media=1 uri=<URL_REDACTED>
[INFO] [player-view] active_view=video frame=1545
[INFO] [input] active_view=video state=loading media=1 snapshot=1
[INFO] [soap] soap_call "AVTransport" "Play" <InstanceID>0</InstanceID> <Speed>1</Speed>
[INFO] [media-trace] seq=2 t_ms=24 layer=soap action=Play phase=begin url_hash=854aafb0 detail=1 url=<URL_REDACTED>
[INFO] [media-trace] seq=2 t_ms=24 layer=player action=Play phase=backend-call-begin url_hash=854aafb0 detail=-
[INFO] [media-trace] seq=2 t_ms=24 layer=libmpv action=Play phase=mutex-wait url_hash=854aafb0 detail=- url=<URL_REDACTED>
[INFO] [media-trace] seq=2 t_ms=24 layer=libmpv action=Play phase=mutex-acquired url_hash=854aafb0 detail=- url=<URL_REDACTED>
[INFO] [media-trace] seq=2 t_ms=24 layer=libmpv action=Play phase=deferred url_hash=854aafb0 detail=waiting-file-loaded url=<URL_REDACTED>
[INFO] [media-trace] seq=2 t_ms=24 layer=player action=Play phase=backend-call-done url_hash=854aafb0 detail=ok
[INFO] [media-trace] seq=2 t_ms=24 layer=player action=Play phase=snapshot-refresh-begin url_hash=854aafb0 detail=-
[INFO] [media-trace] seq=2 t_ms=24 layer=player action=Play phase=snapshot-refresh-done url_hash=854aafb0 detail=-
[INFO] [media-trace] seq=2 t_ms=24 layer=player action=Play phase=backend-wakeup-begin url_hash=854aafb0 detail=-
[INFO] [media-trace] seq=2 t_ms=24 layer=player action=Play phase=backend-wakeup-done url_hash=854aafb0 detail=-
[INFO] [media-trace] seq=2 t_ms=25 layer=soap action=Play phase=done url_hash=854aafb0 detail=1 url=<URL_REDACTED>
[INFO] [soap] assert_http_200 service=AVTransport action=Play handler=avtransport_play
[INFO] [soap] soap_call "AVTransport" "GetTransportInfo" <InstanceID>0</InstanceID>
[INFO] [soap] assert_http_200 service=AVTransport action=GetTransportInfo handler=avtransport_get_transport_info
[INFO] [soap] soap_call "AVTransport" "GetPositionInfo" <InstanceID>0</InstanceID>
[INFO] [soap] assert_http_200 service=AVTransport action=GetPositionInfo handler=avtransport_get_position_info
[INFO] [runtime-heartbeat] t_ms=85276062 frame=1551 view=video player_state=loading media=1 return_home_pending=0 protocol_state=media-active owner=dlna generation=3 resource_desired=dlna-exclusive resource_applied=dlna-exclusive resource_transition=0 resource_failed=0 resource_age_ms=0 iptv_background=1,0 discovery_suspended=0 service_workers=0,0,0 service_age_ms=25679,25673,99 media_queue=0 media_high=1 media_command=0 media_kind=0 media_producer=0 media_token=0 media_generation=0 media_command_age_ms=0 media_heartbeat_age_ms=1 media_full=0 media_stale=0 media_timeout=0 media_coalesced=0 media_accepting=1 media_lifecycle=0,1,0,1 log_queue=0 enqueued=390 processed=390 log_high=39 log_heartbeat_age_ms=69 log_waiting=1 queue_dropped=0 mirror_dropped=0 mirror_failures=0 mirror=1 worker=1 mdns_phase=stopped mdns_mode=0 mdns_running=0 mdns_suspended=0 ssdp_suspended=0 mdns_socket=0 mdns_heartbeat_age_ms=99 mdns_select=40 mdns_recv=0 mdns_sent=4
[INFO] [network-heartbeat] threshold_ms=1500 mdns=fd:0,active:0,oldest:none/0,total:109,max:237,error:0/none,hb:99,overflow:0,underflow:0 ssdp=fd:1,active:1,oldest:select/43,total:394,max:102,error:0/none,hb:43,overflow:0,underflow:0 dlna-http=fd:1,active:1,oldest:select/69,total:416,max:239,error:0/none,hb:69,overflow:0,underflow:0 airplay-control=fd:0,active:0,oldest:none/0,total:184,max:239,error:0/none,hb:99,overflow:0,underflow:0 iptv-background=fd:0,active:0,oldest:none/0,total:0,max:0,error:0/none,hb:0,overflow:0,underflow:0
[INFO] [player-libmpv][cplayer]  (+) Video --vid=1 (*) (h264 1280x720 30.000fps)
[INFO] [player-libmpv][cplayer]  (+) Audio --aid=1 (*) (aac 2ch 48000Hz)
[INFO] [player-libmpv][display-tags] File tags:
[INFO] [player-libmpv][display-tags]  Description: Bilibili VXCode Swarm Transcoder v1.3.33
[INFO] [media-trace] seq=2 t_ms=569 layer=libmpv action=mpv-file-loaded phase=event url_hash=854aafb0 detail=- url=<URL_REDACTED>
[INFO] [player-libmpv] file-loaded uri=<URL_REDACTED>
[INFO] [media-trace] seq=2 t_ms=569 layer=libmpv action=Play phase=dispatch url_hash=854aafb0 detail=file-loaded-autoplay url=<URL_REDACTED>
[INFO] [player-libmpv][vd] Using hardware decoding (nvtegra).
[INFO] [player-libmpv][cplayer] AO: [hos] 48000Hz stereo 2ch s16
[INFO] [player-libmpv][cplayer] VO: [libmpv] 1280x720 nvtegra[nv12]
[INFO] [media-trace] seq=2 t_ms=793 layer=libmpv action=mpv-playback-restart phase=event url_hash=854aafb0 detail=- url=<URL_REDACTED>
[INFO] [media-trace] seq=2 t_ms=793 layer=libmpv action=startup-gate phase=seek-window url_hash=854aafb0 detail=open url=<URL_REDACTED>
[INFO] [soap] soap_call "AVTransport" "GetPositionInfo" <InstanceID>0</InstanceID>
[INFO] [soap] assert_http_200 service=AVTransport action=GetPositionInfo handler=avtransport_get_position_info
[INFO] [soap] soap_call "AVTransport" "GetTransportInfo" <InstanceID>0</InstanceID>
[INFO] [soap] assert_http_200 service=AVTransport action=GetTransportInfo handler=avtransport_get_transport_info
[INFO] [media-trace] seq=2 t_ms=1149 layer=libmpv action=startup-gate phase=released url_hash=854aafb0 detail=initial-seek-window-expired url=<URL_REDACTED>
[INFO] [media-trace] seq=2 t_ms=1190 layer=render action=first-frame phase=presented url_hash=854aafb0 frame=1613 presented=1613
[INFO] [soap] soap_call "AVTransport" "GetPositionInfo" <InstanceID>0</InstanceID>
[INFO] [soap] assert_http_200 service=AVTransport action=GetPositionInfo handler=avtransport_get_position_info
[INFO] [soap] soap_call "AVTransport" "GetTransportInfo" <InstanceID>0</InstanceID>
[INFO] [soap] assert_http_200 service=AVTransport action=GetTransportInfo handler=avtransport_get_transport_info
[INFO] [soap] soap_call "AVTransport" "Seek" <InstanceID>0</InstanceID> <Unit>REL_TIME</Unit> <Target>0:00:01</Target>
[INFO] [media-trace] seq=2 t_ms=2056 layer=soap action=Seek phase=begin url_hash=854aafb0 detail=00:00:01 url=<URL_REDACTED>
[INFO] [media-trace] seq=2 t_ms=2057 layer=libmpv action=Seek phase=dispatch url_hash=854aafb0 detail=1.000 url=<URL_REDACTED>
[INFO] [media-trace] seq=2 t_ms=2057 layer=soap action=Seek phase=done url_hash=854aafb0 detail=00:00:01 url=<URL_REDACTED>
[INFO] [soap] assert_http_200 service=AVTransport action=Seek handler=avtransport_seek
[INFO] [media-trace] seq=2 t_ms=2096 layer=libmpv action=mpv-playback-restart phase=event url_hash=854aafb0 detail=- url=<URL_REDACTED>
[INFO] [runtime-heartbeat] t_ms=85278063 frame=1665 view=video player_state=playing media=1 return_home_pending=0 protocol_state=media-active owner=dlna generation=3 resource_desired=dlna-exclusive resource_applied=dlna-exclusive resource_transition=0 resource_failed=0 resource_age_ms=0 iptv_background=1,0 discovery_suspended=0 service_workers=0,0,0 service_age_ms=27680,27674,2100 media_queue=0 media_high=1 media_command=0 media_kind=0 media_producer=0 media_token=0 media_generation=0 media_command_age_ms=0 media_heartbeat_age_ms=10 media_full=0 media_stale=0 media_timeout=0 media_coalesced=0 media_accepting=1 media_lifecycle=0,1,0,1 log_queue=0 enqueued=420 processed=420 log_high=39 log_heartbeat_age_ms=11 log_waiting=1 queue_dropped=0 mirror_dropped=0 mirror_failures=0 mirror=1 worker=1 mdns_phase=stopped mdns_mode=0 mdns_running=0 mdns_suspended=0 ssdp_suspended=0 mdns_socket=0 mdns_heartbeat_age_ms=2100 mdns_select=40 mdns_recv=0 mdns_sent=4
[INFO] [network-heartbeat] threshold_ms=1500 mdns=fd:0,active:0,oldest:none/0,total:109,max:237,error:0/none,hb:2100,overflow:0,underflow:0 ssdp=fd:1,active:1,oldest:select/38,total:414,max:102,error:0/none,hb:38,overflow:0,underflow:0 dlna-http=fd:1,active:1,oldest:select/50,total:455,max:239,error:0/none,hb:50,overflow:0,underflow:0 airplay-control=fd:0,active:0,oldest:none/0,total:184,max:239,error:0/none,hb:2100,overflow:0,underflow:0 iptv-background=fd:0,active:0,oldest:none/0,total:0,max:0,error:0/none,hb:0,overflow:0,underflow:0
[INFO] [soap] soap_call "AVTransport" "GetTransportInfo" <InstanceID>0</InstanceID>
[INFO] [soap] assert_http_200 service=AVTransport action=GetTransportInfo handler=avtransport_get_transport_info
[INFO] [soap] soap_call "AVTransport" "GetPositionInfo" <InstanceID>0</InstanceID>
[INFO] [soap] assert_http_200 service=AVTransport action=GetPositionInfo handler=avtransport_get_position_info
[INFO] [soap] soap_call "AVTransport" "GetTransportInfo" <InstanceID>0</InstanceID>
[INFO] [soap] assert_http_200 service=AVTransport action=GetTransportInfo handler=avtransport_get_transport_info
[INFO] [soap] soap_call "AVTransport" "GetPositionInfo" <InstanceID>0</InstanceID>
[INFO] [soap] assert_http_200 service=AVTransport action=GetPositionInfo handler=avtransport_get_position_info
[INFO] [runtime-heartbeat] t_ms=85280096 frame=1766 view=video player_state=playing media=1 return_home_pending=0 protocol_state=media-active owner=dlna generation=3 resource_desired=dlna-exclusive resource_applied=dlna-exclusive resource_transition=0 resource_failed=0 resource_age_ms=0 iptv_background=1,0 discovery_suspended=0 service_workers=0,0,0 service_age_ms=29713,29707,4133 media_queue=0 media_high=1 media_command=0 media_kind=0 media_producer=0 media_token=0 media_generation=0 media_command_age_ms=0 media_heartbeat_age_ms=9 media_full=0 media_stale=0 media_timeout=0 media_coalesced=0 media_accepting=1 media_lifecycle=0,1,0,1 log_queue=0 enqueued=430 processed=430 log_high=39 log_heartbeat_age_ms=98 log_waiting=1 queue_dropped=0 mirror_dropped=0 mirror_failures=0 mirror=1 worker=1 mdns_phase=stopped mdns_mode=0 mdns_running=0 mdns_suspended=0 ssdp_suspended=0 mdns_socket=0 mdns_heartbeat_age_ms=4133 mdns_select=40 mdns_recv=0 mdns_sent=4
[INFO] [network-heartbeat] threshold_ms=1500 mdns=fd:0,active:0,oldest:none/0,total:109,max:237,error:0/none,hb:4133,overflow:0,underflow:0 ssdp=fd:1,active:1,oldest:select/67,total:434,max:102,error:0/none,hb:67,overflow:0,underflow:0 dlna-http=fd:1,active:1,oldest:select/98,total:489,max:239,error:0/none,hb:98,overflow:0,underflow:0 airplay-control=fd:0,active:0,oldest:none/0,total:184,max:239,error:0/none,hb:4133,overflow:0,underflow:0 iptv-background=fd:0,active:0,oldest:none/0,total:0,max:0,error:0/none,hb:0,overflow:0,underflow:0
[INFO] [soap] soap_call "AVTransport" "GetTransportInfo" <InstanceID>0</InstanceID>
[INFO] [soap] assert_http_200 service=AVTransport action=GetTransportInfo handler=avtransport_get_transport_info
[INFO] [soap] soap_call "AVTransport" "GetPositionInfo" <InstanceID>0</InstanceID>
[INFO] [soap] assert_http_200 service=AVTransport action=GetPositionInfo handler=avtransport_get_position_info
[INFO] [soap] soap_call "AVTransport" "GetTransportInfo" <InstanceID>0</InstanceID>
[INFO] [soap] assert_http_200 service=AVTransport action=GetTransportInfo handler=avtransport_get_transport_info
[INFO] [soap] soap_call "AVTransport" "GetPositionInfo" <InstanceID>0</InstanceID>
[INFO] [soap] assert_http_200 service=AVTransport action=GetPositionInfo handler=avtransport_get_position_info
[INFO] [runtime-heartbeat] t_ms=85282096 frame=1870 view=video player_state=playing media=1 return_home_pending=0 protocol_state=media-active owner=dlna generation=3 resource_desired=dlna-exclusive resource_applied=dlna-exclusive resource_transition=0 resource_failed=0 resource_age_ms=0 iptv_background=1,0 discovery_suspended=0 service_workers=0,0,0 service_age_ms=31713,31707,6133 media_queue=0 media_high=1 media_command=0 media_kind=0 media_producer=0 media_token=0 media_generation=0 media_command_age_ms=0 media_heartbeat_age_ms=3 media_full=0 media_stale=0 media_timeout=0 media_coalesced=0 media_accepting=1 media_lifecycle=0,1,0,1 log_queue=0 enqueued=440 processed=440 log_high=39 log_heartbeat_age_ms=99 log_waiting=1 queue_dropped=0 mirror_dropped=0 mirror_failures=0 mirror=1 worker=1 mdns_phase=stopped mdns_mode=0 mdns_running=0 mdns_suspended=0 ssdp_suspended=0 mdns_socket=0 mdns_heartbeat_age_ms=6133 mdns_select=40 mdns_recv=0 mdns_sent=4
[INFO] [network-heartbeat] threshold_ms=1500 mdns=fd:0,active:0,oldest:none/0,total:109,max:237,error:0/none,hb:6133,overflow:0,underflow:0 ssdp=fd:1,active:1,oldest:select/61,total:466,max:103,error:0/none,hb:61,overflow:0,underflow:0 dlna-http=fd:1,active:1,oldest:select/99,total:524,max:239,error:0/none,hb:99,overflow:0,underflow:0 airplay-control=fd:0,active:0,oldest:none/0,total:184,max:239,error:0/none,hb:6133,overflow:0,underflow:0 iptv-background=fd:0,active:0,oldest:none/0,total:0,max:0,error:0/none,hb:0,overflow:0,underflow:0
[INFO] [soap] soap_call "AVTransport" "Seek" <InstanceID>0</InstanceID> <Unit>REL_TIME</Unit> <Target>0:03:52</Target>
[INFO] [media-trace] seq=2 t_ms=6846 layer=soap action=Seek phase=begin url_hash=854aafb0 detail=00:03:52 url=<URL_REDACTED>
[INFO] [media-trace] seq=2 t_ms=6846 layer=libmpv action=Seek phase=dispatch url_hash=854aafb0 detail=232.000 url=<URL_REDACTED>
[INFO] [media-trace] seq=2 t_ms=6846 layer=soap action=Seek phase=done url_hash=854aafb0 detail=00:03:52 url=<URL_REDACTED>
[INFO] [soap] assert_http_200 service=AVTransport action=Seek handler=avtransport_seek
[INFO] [soap] soap_call "AVTransport" "Seek" <InstanceID>0</InstanceID> <Unit>REL_TIME</Unit> <Target>0:03:52</Target>
[INFO] [media-trace] seq=2 t_ms=6848 layer=soap action=Seek phase=begin url_hash=854aafb0 detail=00:03:52 url=<URL_REDACTED>
[INFO] [media-trace] seq=2 t_ms=6848 layer=libmpv action=Seek phase=dispatch url_hash=854aafb0 detail=232.000 url=<URL_REDACTED>
[INFO] [media-trace] seq=2 t_ms=6848 layer=soap action=Seek phase=done url_hash=854aafb0 detail=00:03:52 url=<URL_REDACTED>
[INFO] [soap] assert_http_200 service=AVTransport action=Seek handler=avtransport_seek
[INFO] [soap] soap_call "AVTransport" "GetPositionInfo" <InstanceID>0</InstanceID>
[INFO] [soap] assert_http_200 service=AVTransport action=GetPositionInfo handler=avtransport_get_position_info
[INFO] [soap] soap_call "AVTransport" "GetTransportInfo" <InstanceID>0</InstanceID>
[INFO] [soap] assert_http_200 service=AVTransport action=GetTransportInfo handler=avtransport_get_transport_info
[INFO] [media-trace] seq=2 t_ms=7243 layer=libmpv action=mpv-playback-restart phase=event url_hash=854aafb0 detail=- url=<URL_REDACTED>
[INFO] [soap] soap_call "AVTransport" "GetPositionInfo" <InstanceID>0</InstanceID>
[INFO] [soap] assert_http_200 service=AVTransport action=GetPositionInfo handler=avtransport_get_position_info
[INFO] [soap] soap_call "AVTransport" "GetTransportInfo" <InstanceID>0</InstanceID>
[INFO] [soap] assert_http_200 service=AVTransport action=GetTransportInfo handler=avtransport_get_transport_info
[INFO] [runtime-heartbeat] t_ms=85284107 frame=1985 view=video player_state=playing media=1 return_home_pending=0 protocol_state=media-active owner=dlna generation=3 resource_desired=dlna-exclusive resource_applied=dlna-exclusive resource_transition=0 resource_failed=0 resource_age_ms=0 iptv_background=1,0 discovery_suspended=0 service_workers=0,0,0 service_age_ms=33724,33718,8144 media_queue=0 media_high=1 media_command=0 media_kind=0 media_producer=0 media_token=0 media_generation=0 media_command_age_ms=0 media_heartbeat_age_ms=4 media_full=0 media_stale=0 media_timeout=0 media_coalesced=0 media_accepting=1 media_lifecycle=0,1,0,1 log_queue=0 enqueued=461 processed=461 log_high=39 log_heartbeat_age_ms=104 log_waiting=1 queue_dropped=0 mirror_dropped=0 mirror_failures=0 mirror=1 worker=1 mdns_phase=stopped mdns_mode=0 mdns_running=0 mdns_suspended=0 ssdp_suspended=0 mdns_socket=0 mdns_heartbeat_age_ms=8144 mdns_select=40 mdns_recv=0 mdns_sent=4
[INFO] [network-heartbeat] threshold_ms=1500 mdns=fd:0,active:0,oldest:none/0,total:109,max:237,error:0/none,hb:8144,overflow:0,underflow:0 ssdp=fd:1,active:1,oldest:select/70,total:486,max:103,error:0/none,hb:70,overflow:0,underflow:0 dlna-http=fd:1,active:1,oldest:select/4,total:568,max:239,error:0/none,hb:4,overflow:0,underflow:0 airplay-control=fd:0,active:0,oldest:none/0,total:184,max:239,error:0/none,hb:8144,overflow:0,underflow:0 iptv-background=fd:0,active:0,oldest:none/0,total:0,max:0,error:0/none,hb:0,overflow:0,underflow:0
[INFO] [soap] soap_call "AVTransport" "Seek" <InstanceID>0</InstanceID> <Unit>REL_TIME</Unit> <Target>0:08:20</Target>
[INFO] [media-trace] seq=2 t_ms=8360 layer=soap action=Seek phase=begin url_hash=854aafb0 detail=00:08:20 url=<URL_REDACTED>
[INFO] [media-trace] seq=2 t_ms=8360 layer=libmpv action=Seek phase=dispatch url_hash=854aafb0 detail=500.000 url=<URL_REDACTED>
[INFO] [media-trace] seq=2 t_ms=8361 layer=soap action=Seek phase=done url_hash=854aafb0 detail=00:08:20 url=<URL_REDACTED>
[INFO] [soap] assert_http_200 service=AVTransport action=Seek handler=avtransport_seek
[INFO] [soap] soap_call "AVTransport" "Seek" <InstanceID>0</InstanceID> <Unit>REL_TIME</Unit> <Target>0:08:20</Target>
[INFO] [media-trace] seq=2 t_ms=8362 layer=soap action=Seek phase=begin url_hash=854aafb0 detail=00:08:20 url=<URL_REDACTED>
[INFO] [media-trace] seq=2 t_ms=8362 layer=libmpv action=Seek phase=dispatch url_hash=854aafb0 detail=500.000 url=<URL_REDACTED>
[INFO] [media-trace] seq=2 t_ms=8362 layer=soap action=Seek phase=done url_hash=854aafb0 detail=00:08:20 url=<URL_REDACTED>
[INFO] [soap] assert_http_200 service=AVTransport action=Seek handler=avtransport_seek
[INFO] [soap] soap_call "AVTransport" "GetTransportInfo" <InstanceID>0</InstanceID>
[INFO] [soap] assert_http_200 service=AVTransport action=GetTransportInfo handler=avtransport_get_transport_info
[INFO] [soap] soap_call "AVTransport" "GetPositionInfo" <InstanceID>0</InstanceID>
[INFO] [soap] assert_http_200 service=AVTransport action=GetPositionInfo handler=avtransport_get_position_info
[INFO] [soap] soap_call "AVTransport" "GetTransportInfo" <InstanceID>0</InstanceID>
[INFO] [soap] assert_http_200 service=AVTransport action=GetTransportInfo handler=avtransport_get_transport_info
[INFO] [soap] soap_call "AVTransport" "GetPositionInfo" <InstanceID>0</InstanceID>
[INFO] [soap] assert_http_200 service=AVTransport action=GetPositionInfo handler=avtransport_get_position_info
[INFO] [runtime-heartbeat] t_ms=85286113 frame=2104 view=video player_state=seeking media=1 return_home_pending=0 protocol_state=media-active owner=dlna generation=3 resource_desired=dlna-exclusive resource_applied=dlna-exclusive resource_transition=0 resource_failed=0 resource_age_ms=0 iptv_background=1,0 discovery_suspended=0 service_workers=0,0,0 service_age_ms=35730,35724,10150 media_queue=0 media_high=1 media_command=0 media_kind=0 media_producer=0 media_token=0 media_generation=0 media_command_age_ms=0 media_heartbeat_age_ms=9 media_full=0 media_stale=0 media_timeout=0 media_coalesced=0 media_accepting=1 media_lifecycle=0,1,0,1 log_queue=0 enqueued=481 processed=481 log_high=39 log_heartbeat_age_ms=114 log_waiting=1 queue_dropped=0 mirror_dropped=0 mirror_failures=0 mirror=1 worker=1 mdns_phase=stopped mdns_mode=0 mdns_running=0 mdns_suspended=0 ssdp_suspended=0 mdns_socket=0 mdns_heartbeat_age_ms=10150 mdns_select=40 mdns_recv=0 mdns_sent=4
[INFO] [network-heartbeat] threshold_ms=1500 mdns=fd:0,active:0,oldest:none/0,total:109,max:237,error:0/none,hb:10150,overflow:0,underflow:0 ssdp=fd:1,active:1,oldest:select/75,total:506,max:103,error:0/none,hb:75,overflow:0,underflow:0 dlna-http=fd:1,active:1,oldest:select/14,total:610,max:239,error:0/none,hb:14,overflow:0,underflow:0 airplay-control=fd:0,active:0,oldest:none/0,total:184,max:239,error:0/none,hb:10150,overflow:0,underflow:0 iptv-background=fd:0,active:0,oldest:none/0,total:0,max:0,error:0/none,hb:0,overflow:0,underflow:0
[INFO] [soap] soap_call "AVTransport" "GetPositionInfo" <InstanceID>0</InstanceID>
[INFO] [soap] assert_http_200 service=AVTransport action=GetPositionInfo handler=avtransport_get_position_info
[INFO] [soap] soap_call "AVTransport" "GetTransportInfo" <InstanceID>0</InstanceID>
[INFO] [soap] assert_http_200 service=AVTransport action=GetTransportInfo handler=avtransport_get_transport_info
[INFO] [soap] soap_call "AVTransport" "GetPositionInfo" <InstanceID>0</InstanceID>
[INFO] [soap] assert_http_200 service=AVTransport action=GetPositionInfo handler=avtransport_get_position_info
[INFO] [soap] soap_call "AVTransport" "GetTransportInfo" <InstanceID>0</InstanceID>
[INFO] [soap] assert_http_200 service=AVTransport action=GetTransportInfo handler=avtransport_get_transport_info
[INFO] [runtime-heartbeat] t_ms=85288113 frame=2224 view=video player_state=seeking media=1 return_home_pending=0 protocol_state=media-active owner=dlna generation=3 resource_desired=dlna-exclusive resource_applied=dlna-exclusive resource_transition=0 resource_failed=0 resource_age_ms=0 iptv_background=1,0 discovery_suspended=0 service_workers=0,0,0 service_age_ms=37730,37724,12150 media_queue=0 media_high=1 media_command=0 media_kind=0 media_producer=0 media_token=0 media_generation=0 media_command_age_ms=0 media_heartbeat_age_ms=8 media_full=0 media_stale=0 media_timeout=0 media_coalesced=0 media_accepting=1 media_lifecycle=0,1,0,1 log_queue=0 enqueued=491 processed=491 log_high=39 log_heartbeat_age_ms=115 log_waiting=1 queue_dropped=0 mirror_dropped=0 mirror_failures=0 mirror=1 worker=1 mdns_phase=stopped mdns_mode=0 mdns_running=0 mdns_suspended=0 ssdp_suspended=0 mdns_socket=0 mdns_heartbeat_age_ms=12150 mdns_select=40 mdns_recv=0 mdns_sent=4
[INFO] [network-heartbeat] threshold_ms=1500 mdns=fd:0,active:0,oldest:none/0,total:109,max:237,error:0/none,hb:12150,overflow:0,underflow:0 ssdp=fd:1,active:1,oldest:select/75,total:526,max:103,error:0/none,hb:75,overflow:0,underflow:0 dlna-http=fd:1,active:1,oldest:select/15,total:644,max:239,error:0/none,hb:15,overflow:0,underflow:0 airplay-control=fd:0,active:0,oldest:none/0,total:184,max:239,error:0/none,hb:12150,overflow:0,underflow:0 iptv-background=fd:0,active:0,oldest:none/0,total:0,max:0,error:0/none,hb:0,overflow:0,underflow:0
[INFO] [soap] soap_call "AVTransport" "GetTransportInfo" <InstanceID>0</InstanceID>
[INFO] [soap] assert_http_200 service=AVTransport action=GetTransportInfo handler=avtransport_get_transport_info
[INFO] [soap] soap_call "AVTransport" "GetPositionInfo" <InstanceID>0</InstanceID>
[INFO] [soap] assert_http_200 service=AVTransport action=GetPositionInfo handler=avtransport_get_position_info
[INFO] [soap] soap_call "AVTransport" "GetTransportInfo" <InstanceID>0</InstanceID>
[INFO] [soap] assert_http_200 service=AVTransport action=GetTransportInfo handler=avtransport_get_transport_info
[INFO] [soap] soap_call "AVTransport" "GetPositionInfo" <InstanceID>0</InstanceID>
[INFO] [soap] assert_http_200 service=AVTransport action=GetPositionInfo handler=avtransport_get_position_info
[INFO] [runtime-heartbeat] t_ms=85290113 frame=2344 view=video player_state=seeking media=1 return_home_pending=0 protocol_state=media-active owner=dlna generation=3 resource_desired=dlna-exclusive resource_applied=dlna-exclusive resource_transition=0 resource_failed=0 resource_age_ms=0 iptv_background=1,0 discovery_suspended=0 service_workers=0,0,0 service_age_ms=39730,39724,14150 media_queue=0 media_high=1 media_command=0 media_kind=0 media_producer=0 media_token=0 media_generation=0 media_command_age_ms=0 media_heartbeat_age_ms=6 media_full=0 media_stale=0 media_timeout=0 media_coalesced=0 media_accepting=1 media_lifecycle=0,1,0,1 log_queue=0 enqueued=501 processed=501 log_high=39 log_heartbeat_age_ms=117 log_waiting=1 queue_dropped=0 mirror_dropped=0 mirror_failures=0 mirror=1 worker=1 mdns_phase=stopped mdns_mode=0 mdns_running=0 mdns_suspended=0 ssdp_suspended=0 mdns_socket=0 mdns_heartbeat_age_ms=14150 mdns_select=40 mdns_recv=0 mdns_sent=4
[INFO] [network-heartbeat] threshold_ms=1500 mdns=fd:0,active:0,oldest:none/0,total:109,max:237,error:0/none,hb:14150,overflow:0,underflow:0 ssdp=fd:1,active:1,oldest:select/22,total:630,max:103,error:0/none,hb:22,overflow:0,underflow:0 dlna-http=fd:1,active:1,oldest:select/14,total:678,max:239,error:0/none,hb:14,overflow:0,underflow:0 airplay-control=fd:0,active:0,oldest:none/0,total:184,max:239,error:0/none,hb:14150,overflow:0,underflow:0 iptv-background=fd:0,active:0,oldest:none/0,total:0,max:0,error:0/none,hb:0,overflow:0,underflow:0
[INFO] [media-trace] seq=2 t_ms=14716 layer=libmpv action=mpv-playback-restart phase=event url_hash=854aafb0 detail=- url=<URL_REDACTED>
[INFO] [soap] soap_call "AVTransport" "GetTransportInfo" <InstanceID>0</InstanceID>
[INFO] [soap] assert_http_200 service=AVTransport action=GetTransportInfo handler=avtransport_get_transport_info
[INFO] [soap] soap_call "AVTransport" "GetPositionInfo" <InstanceID>0</InstanceID>
[INFO] [soap] assert_http_200 service=AVTransport action=GetPositionInfo handler=avtransport_get_position_info
[INFO] [soap] soap_call "AVTransport" "GetTransportInfo" <InstanceID>0</InstanceID>
[INFO] [soap] assert_http_200 service=AVTransport action=GetTransportInfo handler=avtransport_get_transport_info
[INFO] [soap] soap_call "AVTransport" "GetPositionInfo" <InstanceID>0</InstanceID>
[INFO] [soap] assert_http_200 service=AVTransport action=GetPositionInfo handler=avtransport_get_position_info
[INFO] [runtime-heartbeat] t_ms=85292143 frame=2441 view=video player_state=playing media=1 return_home_pending=0 protocol_state=media-active owner=dlna generation=3 resource_desired=dlna-exclusive resource_applied=dlna-exclusive resource_transition=0 resource_failed=0 resource_age_ms=0 iptv_background=1,0 discovery_suspended=0 service_workers=0,0,0 service_age_ms=41760,41754,16180 media_queue=0 media_high=1 media_command=0 media_kind=0 media_producer=0 media_token=0 media_generation=0 media_command_age_ms=0 media_heartbeat_age_ms=7 media_full=0 media_stale=0 media_timeout=0 media_coalesced=0 media_accepting=1 media_lifecycle=0,1,0,1 log_queue=0 enqueued=512 processed=512 log_high=39 log_heartbeat_age_ms=145 log_waiting=1 queue_dropped=0 mirror_dropped=0 mirror_failures=0 mirror=1 worker=1 mdns_phase=stopped mdns_mode=0 mdns_running=0 mdns_suspended=0 ssdp_suspended=0 mdns_socket=0 mdns_heartbeat_age_ms=16180 mdns_select=40 mdns_recv=0 mdns_sent=4
[INFO] [network-heartbeat] threshold_ms=1500 mdns=fd:0,active:0,oldest:none/0,total:109,max:237,error:0/none,hb:16180,overflow:0,underflow:0 ssdp=fd:1,active:1,oldest:select/60,total:651,max:103,error:0/none,hb:60,overflow:0,underflow:0 dlna-http=fd:1,active:1,oldest:select/45,total:712,max:239,error:0/none,hb:45,overflow:0,underflow:0 airplay-control=fd:0,active:0,oldest:none/0,total:184,max:239,error:0/none,hb:16180,overflow:0,underflow:0 iptv-background=fd:0,active:0,oldest:none/0,total:0,max:0,error:0/none,hb:0,overflow:0,underflow:0
[INFO] [soap] soap_call "AVTransport" "GetTransportInfo" <InstanceID>0</InstanceID>
[INFO] [soap] assert_http_200 service=AVTransport action=GetTransportInfo handler=avtransport_get_transport_info
[INFO] [soap] soap_call "AVTransport" "GetPositionInfo" <InstanceID>0</InstanceID>
[INFO] [soap] assert_http_200 service=AVTransport action=GetPositionInfo handler=avtransport_get_position_info
[INFO] [soap] soap_call "AVTransport" "Pause" <InstanceID>0</InstanceID>
[INFO] [media-trace] seq=2 t_ms=17462 layer=soap action=Pause phase=begin url_hash=854aafb0 detail=- url=<URL_REDACTED>
[INFO] [media-trace] seq=2 t_ms=17463 layer=player action=Pause phase=backend-call-begin url_hash=854aafb0 detail=-
[INFO] [media-trace] seq=2 t_ms=17463 layer=libmpv action=Pause phase=dispatch url_hash=854aafb0 detail=- url=<URL_REDACTED>
[INFO] [media-trace] seq=2 t_ms=17463 layer=player action=Pause phase=backend-call-done url_hash=854aafb0 detail=ok
[INFO] [media-trace] seq=2 t_ms=17463 layer=player action=Pause phase=snapshot-refresh-begin url_hash=854aafb0 detail=-
[INFO] [media-trace] seq=2 t_ms=17463 layer=player action=Pause phase=snapshot-refresh-done url_hash=854aafb0 detail=-
[INFO] [media-trace] seq=2 t_ms=17463 layer=player action=Pause phase=backend-wakeup-begin url_hash=854aafb0 detail=-
[INFO] [media-trace] seq=2 t_ms=17463 layer=player action=Pause phase=backend-wakeup-done url_hash=854aafb0 detail=-
[INFO] [media-trace] seq=2 t_ms=17463 layer=soap action=Pause phase=done url_hash=854aafb0 detail=- url=<URL_REDACTED>
[INFO] [soap] assert_http_200 service=AVTransport action=Pause handler=avtransport_pause
[INFO] [soap] soap_call "AVTransport" "Play" <InstanceID>0</InstanceID> <Speed>1</Speed>
[INFO] [media-trace] seq=2 t_ms=17891 layer=soap action=Play phase=begin url_hash=854aafb0 detail=1 url=<URL_REDACTED>
[INFO] [media-trace] seq=2 t_ms=17891 layer=player action=Play phase=backend-call-begin url_hash=854aafb0 detail=-
[INFO] [media-trace] seq=2 t_ms=17891 layer=libmpv action=Play phase=mutex-wait url_hash=854aafb0 detail=- url=<URL_REDACTED>
[INFO] [media-trace] seq=2 t_ms=17891 layer=libmpv action=Play phase=mutex-acquired url_hash=854aafb0 detail=- url=<URL_REDACTED>
[INFO] [media-trace] seq=2 t_ms=17891 layer=libmpv action=Play phase=dispatch url_hash=854aafb0 detail=immediate url=<URL_REDACTED>
[INFO] [media-trace] seq=2 t_ms=17891 layer=player action=Play phase=backend-call-done url_hash=854aafb0 detail=ok
[INFO] [media-trace] seq=2 t_ms=17891 layer=player action=Play phase=snapshot-refresh-begin url_hash=854aafb0 detail=-
[INFO] [media-trace] seq=2 t_ms=17891 layer=player action=Play phase=snapshot-refresh-done url_hash=854aafb0 detail=-
[INFO] [media-trace] seq=2 t_ms=17891 layer=player action=Play phase=backend-wakeup-begin url_hash=854aafb0 detail=-
[INFO] [media-trace] seq=2 t_ms=17891 layer=player action=Play phase=backend-wakeup-done url_hash=854aafb0 detail=-
[INFO] [media-trace] seq=2 t_ms=17892 layer=soap action=Play phase=done url_hash=854aafb0 detail=1 url=<URL_REDACTED>
[INFO] [soap] assert_http_200 service=AVTransport action=Play handler=avtransport_play
[INFO] [soap] soap_call "AVTransport" "GetPositionInfo" <InstanceID>0</InstanceID>
[INFO] [soap] assert_http_200 service=AVTransport action=GetPositionInfo handler=avtransport_get_position_info
[INFO] [soap] soap_call "AVTransport" "GetTransportInfo" <InstanceID>0</InstanceID>
[INFO] [soap] assert_http_200 service=AVTransport action=GetTransportInfo handler=avtransport_get_transport_info
[WARN] [player-libmpv][cplayer] Audio device underrun detected.
[INFO] [runtime-heartbeat] t_ms=85294146 frame=2534 view=video player_state=buffering media=1 return_home_pending=0 protocol_state=media-active owner=dlna generation=3 resource_desired=dlna-exclusive resource_applied=dlna-exclusive resource_transition=0 resource_failed=0 resource_age_ms=0 iptv_background=1,0 discovery_suspended=0 service_workers=0,0,0 service_age_ms=43763,43757,18183 media_queue=0 media_high=1 media_command=0 media_kind=0 media_producer=0 media_token=0 media_generation=0 media_command_age_ms=0 media_heartbeat_age_ms=7 media_full=0 media_stale=0 media_timeout=0 media_coalesced=0 media_accepting=1 media_lifecycle=0,1,0,1 log_queue=0 enqueued=547 processed=547 log_high=39 log_heartbeat_age_ms=127 log_waiting=1 queue_dropped=0 mirror_dropped=0 mirror_failures=0 mirror=1 worker=1 mdns_phase=stopped mdns_mode=0 mdns_running=0 mdns_suspended=0 ssdp_suspended=0 mdns_socket=0 mdns_heartbeat_age_ms=18183 mdns_select=40 mdns_recv=0 mdns_sent=4
[INFO] [network-heartbeat] threshold_ms=1500 mdns=fd:0,active:0,oldest:none/0,total:109,max:237,error:0/none,hb:18183,overflow:0,underflow:0 ssdp=fd:1,active:1,oldest:select/61,total:671,max:103,error:0/none,hb:61,overflow:0,underflow:0 dlna-http=fd:1,active:1,oldest:select/81,total:754,max:239,error:0/none,hb:81,overflow:0,underflow:0 airplay-control=fd:0,active:0,oldest:none/0,total:184,max:239,error:0/none,hb:18183,overflow:0,underflow:0 iptv-background=fd:0,active:0,oldest:none/0,total:0,max:0,error:0/none,hb:0,overflow:0,underflow:0
[INFO] [soap] soap_call "AVTransport" "GetPositionInfo" <InstanceID>0</InstanceID>
[INFO] [soap] assert_http_200 service=AVTransport action=GetPositionInfo handler=avtransport_get_position_info
[INFO] [soap] soap_call "AVTransport" "GetTransportInfo" <InstanceID>0</InstanceID>
[INFO] [soap] assert_http_200 service=AVTransport action=GetTransportInfo handler=avtransport_get_transport_info
[ERROR] [player-libmpv][ffmpeg] NULL: Invalid NAL unit size (-925419960 > 4354).
[ERROR] [player-libmpv][ffmpeg] NULL: missing picture in access unit with size 4358
[ERROR] [player-libmpv][ffmpeg] NULL: Invalid NAL unit size (463162769 > 1742).
[ERROR] [player-libmpv][ffmpeg] NULL: missing picture in access unit with size 1746
[ERROR] [player-libmpv][ffmpeg/audio] aac: channel element 2.10 is not allocated
[ERROR] [player-libmpv][ad] Error decoding audio.
[ERROR] [player-libmpv][ffmpeg/audio] aac: Number of scalefactor bands in group (63) exceeds limit (49).
[ERROR] [player-libmpv][ad] Error decoding audio.
[ERROR] [player-libmpv][ffmpeg/audio] aac: SBR was found before the first channel element.
[ERROR] [player-libmpv][ffmpeg/audio] aac: skip_data_stream_element: Input buffer exhausted before END element found
[ERROR] [player-libmpv][ad] Error decoding audio.
[ERROR] [player-libmpv][ffmpeg/audio] aac: channel element 2.9 is not allocated
[WARN] [player-libmpv] suppressing repeated AAC decode log messages after 8 entries
[INFO] [soap] soap_call "AVTransport" "GetPositionInfo" <InstanceID>0</InstanceID>
[INFO] [soap] assert_http_200 service=AVTransport action=GetPositionInfo handler=avtransport_get_position_info
[INFO] [soap] soap_call "AVTransport" "GetTransportInfo" <InstanceID>0</InstanceID>
[INFO] [soap] assert_http_200 service=AVTransport action=GetTransportInfo handler=avtransport_get_transport_info
[ERROR] [player-libmpv][ffmpeg] NULL: Invalid NAL unit size (-727030820 > 20747).
[ERROR] [player-libmpv][ffmpeg] NULL: missing picture in access unit with size 20751
[ERROR] [player-libmpv][ffmpeg] NULL: Invalid NAL unit size (1332081953 > 1569).
[ERROR] [player-libmpv][ffmpeg] NULL: missing picture in access unit with size 1573
[WARN] [player-libmpv] suppressing repeated H.264 decode log messages after 8 entries
[INFO] [runtime-heartbeat] t_ms=85296146 frame=2654 view=video player_state=buffering media=1 return_home_pending=0 protocol_state=media-active owner=dlna generation=3 resource_desired=dlna-exclusive resource_applied=dlna-exclusive resource_transition=0 resource_failed=0 resource_age_ms=0 iptv_background=1,0 discovery_suspended=0 service_workers=0,0,0 service_age_ms=45763,45757,20183 media_queue=0 media_high=1 media_command=0 media_kind=0 media_producer=0 media_token=0 media_generation=0 media_command_age_ms=0 media_heartbeat_age_ms=8 media_full=0 media_stale=0 media_timeout=0 media_coalesced=0 media_accepting=1 media_lifecycle=0,1,0,1 log_queue=0 enqueued=575 processed=575 log_high=39 log_heartbeat_age_ms=101 log_waiting=1 queue_dropped=0 mirror_dropped=0 mirror_failures=0 mirror=1 worker=1 mdns_phase=stopped mdns_mode=0 mdns_running=0 mdns_suspended=0 ssdp_suspended=0 mdns_socket=0 mdns_heartbeat_age_ms=20183 mdns_select=40 mdns_recv=0 mdns_sent=4
[INFO] [network-heartbeat] threshold_ms=1500 mdns=fd:0,active:0,oldest:none/0,total:109,max:237,error:0/none,hb:20183,overflow:0,underflow:0 ssdp=fd:1,active:1,oldest:select/60,total:691,max:103,error:0/none,hb:60,overflow:0,underflow:0 dlna-http=fd:1,active:1,oldest:select/78,total:789,max:239,error:0/none,hb:78,overflow:0,underflow:0 airplay-control=fd:0,active:0,oldest:none/0,total:184,max:239,error:0/none,hb:20183,overflow:0,underflow:0 iptv-background=fd:0,active:0,oldest:none/0,total:0,max:0,error:0/none,hb:0,overflow:0,underflow:0
[ERROR] [player-libmpv][ffmpeg/audio] aac: Too many channels
[INFO] [soap] soap_call "AVTransport" "GetTransportInfo" <InstanceID>0</InstanceID>
[INFO] [soap] assert_http_200 service=AVTransport action=GetTransportInfo handler=avtransport_get_transport_info
[INFO] [soap] soap_call "AVTransport" "GetPositionInfo" <InstanceID>0</InstanceID>
[INFO] [soap] assert_http_200 service=AVTransport action=GetPositionInfo handler=avtransport_get_position_info
[INFO] [soap] soap_call "AVTransport" "GetTransportInfo" <InstanceID>0</InstanceID>
[INFO] [soap] assert_http_200 service=AVTransport action=GetTransportInfo handler=avtransport_get_transport_info
[INFO] [soap] soap_call "AVTransport" "GetPositionInfo" <InstanceID>0</InstanceID>
[INFO] [soap] assert_http_200 service=AVTransport action=GetPositionInfo handler=avtransport_get_position_info
[INFO] [runtime-heartbeat] t_ms=85298146 frame=2774 view=video player_state=buffering media=1 return_home_pending=0 protocol_state=media-active owner=dlna generation=3 resource_desired=dlna-exclusive resource_applied=dlna-exclusive resource_transition=0 resource_failed=0 resource_age_ms=0 iptv_background=1,0 discovery_suspended=0 service_workers=0,0,0 service_age_ms=47763,47757,22183 media_queue=0 media_high=1 media_command=0 media_kind=0 media_producer=0 media_token=0 media_generation=0 media_command_age_ms=0 media_heartbeat_age_ms=9 media_full=0 media_stale=0 media_timeout=0 media_coalesced=0 media_accepting=1 media_lifecycle=0,1,0,1 log_queue=0 enqueued=586 processed=586 log_high=39 log_heartbeat_age_ms=74 log_waiting=1 queue_dropped=0 mirror_dropped=0 mirror_failures=0 mirror=1 worker=1 mdns_phase=stopped mdns_mode=0 mdns_running=0 mdns_suspended=0 ssdp_suspended=0 mdns_socket=0 mdns_heartbeat_age_ms=22183 mdns_select=40 mdns_recv=0 mdns_sent=4
[INFO] [network-heartbeat] threshold_ms=1500 mdns=fd:0,active:0,oldest:none/0,total:109,max:237,error:0/none,hb:22183,overflow:0,underflow:0 ssdp=fd:1,active:1,oldest:select/59,total:711,max:103,error:0/none,hb:59,overflow:0,underflow:0 dlna-http=fd:1,active:1,oldest:select/74,total:824,max:239,error:0/none,hb:74,overflow:0,underflow:0 airplay-control=fd:0,active:0,oldest:none/0,total:184,max:239,error:0/none,hb:22183,overflow:0,underflow:0 iptv-background=fd:0,active:0,oldest:none/0,total:0,max:0,error:0/none,hb:0,overflow:0,underflow:0
[INFO] [soap] soap_call "AVTransport" "GetPositionInfo" <InstanceID>0</InstanceID>
[INFO] [soap] assert_http_200 service=AVTransport action=GetPositionInfo handler=avtransport_get_position_info
[INFO] [soap] soap_call "AVTransport" "GetTransportInfo" <InstanceID>0</InstanceID>
[INFO] [soap] assert_http_200 service=AVTransport action=GetTransportInfo handler=avtransport_get_transport_info
[INFO] [soap] soap_call "AVTransport" "GetPositionInfo" <InstanceID>0</InstanceID>
[INFO] [soap] assert_http_200 service=AVTransport action=GetPositionInfo handler=avtransport_get_position_info
[INFO] [soap] soap_call "AVTransport" "GetTransportInfo" <InstanceID>0</InstanceID>
[INFO] [soap] assert_http_200 service=AVTransport action=GetTransportInfo handler=avtransport_get_transport_info
[INFO] [runtime-heartbeat] t_ms=85300146 frame=2894 view=video player_state=buffering media=1 return_home_pending=0 protocol_state=media-active owner=dlna generation=3 resource_desired=dlna-exclusive resource_applied=dlna-exclusive resource_transition=0 resource_failed=0 resource_age_ms=0 iptv_background=1,0 discovery_suspended=0 service_workers=0,0,0 service_age_ms=49763,49757,24183 media_queue=0 media_high=1 media_command=0 media_kind=0 media_producer=0 media_token=0 media_generation=0 media_command_age_ms=0 media_heartbeat_age_ms=2 media_full=0 media_stale=0 media_timeout=0 media_coalesced=0 media_accepting=1 media_lifecycle=0,1,0,1 log_queue=0 enqueued=596 processed=596 log_high=39 log_heartbeat_age_ms=280 log_waiting=1 queue_dropped=0 mirror_dropped=0 mirror_failures=0 mirror=1 worker=1 mdns_phase=stopped mdns_mode=0 mdns_running=0 mdns_suspended=0 ssdp_suspended=0 mdns_socket=0 mdns_heartbeat_age_ms=24183 mdns_select=40 mdns_recv=0 mdns_sent=4
[INFO] [network-heartbeat] threshold_ms=1500 mdns=fd:0,active:0,oldest:none/0,total:109,max:237,error:0/none,hb:24183,overflow:0,underflow:0 ssdp=fd:1,active:1,oldest:select/58,total:731,max:103,error:0/none,hb:58,overflow:0,underflow:0 dlna-http=fd:1,active:1,oldest:select/80,total:858,max:239,error:0/none,hb:80,overflow:0,underflow:0 airplay-control=fd:0,active:0,oldest:none/0,total:184,max:239,error:0/none,hb:24183,overflow:0,underflow:0 iptv-background=fd:0,active:0,oldest:none/0,total:0,max:0,error:0/none,hb:0,overflow:0,underflow:0
[INFO] [soap] soap_call "AVTransport" "GetPositionInfo" <InstanceID>0</InstanceID>
[INFO] [soap] assert_http_200 service=AVTransport action=GetPositionInfo handler=avtransport_get_position_info
[INFO] [soap] soap_call "AVTransport" "GetTransportInfo" <InstanceID>0</InstanceID>
[INFO] [soap] assert_http_200 service=AVTransport action=GetTransportInfo handler=avtransport_get_transport_info
[INFO] [soap] soap_call "AVTransport" "GetTransportInfo" <InstanceID>0</InstanceID>
[INFO] [soap] assert_http_200 service=AVTransport action=GetTransportInfo handler=avtransport_get_transport_info
[INFO] [soap] soap_call "AVTransport" "GetPositionInfo" <InstanceID>0</InstanceID>
[INFO] [soap] assert_http_200 service=AVTransport action=GetPositionInfo handler=avtransport_get_position_info
[INFO] [runtime-heartbeat] t_ms=85302146 frame=3014 view=video player_state=buffering media=1 return_home_pending=0 protocol_state=media-active owner=dlna generation=3 resource_desired=dlna-exclusive resource_applied=dlna-exclusive resource_transition=0 resource_failed=0 resource_age_ms=0 iptv_background=1,0 discovery_suspended=0 service_workers=0,0,0 service_age_ms=51763,51757,26183 media_queue=0 media_high=1 media_command=0 media_kind=0 media_producer=0 media_token=0 media_generation=0 media_command_age_ms=0 media_heartbeat_age_ms=6 media_full=0 media_stale=0 media_timeout=0 media_coalesced=0 media_accepting=1 media_lifecycle=0,1,0,1 log_queue=0 enqueued=606 processed=606 log_high=39 log_heartbeat_age_ms=282 log_waiting=1 queue_dropped=0 mirror_dropped=0 mirror_failures=0 mirror=1 worker=1 mdns_phase=stopped mdns_mode=0 mdns_running=0 mdns_suspended=0 ssdp_suspended=0 mdns_socket=0 mdns_heartbeat_age_ms=26183 mdns_select=40 mdns_recv=0 mdns_sent=4
[INFO] [network-heartbeat] threshold_ms=1500 mdns=fd:0,active:0,oldest:none/0,total:109,max:237,error:0/none,hb:26183,overflow:0,underflow:0 ssdp=fd:1,active:1,oldest:select/57,total:751,max:103,error:0/none,hb:57,overflow:0,underflow:0 dlna-http=fd:1,active:1,oldest:select/82,total:892,max:239,error:0/none,hb:82,overflow:0,underflow:0 airplay-control=fd:0,active:0,oldest:none/0,total:184,max:239,error:0/none,hb:26183,overflow:0,underflow:0 iptv-background=fd:0,active:0,oldest:none/0,total:0,max:0,error:0/none,hb:0,overflow:0,underflow:0
[INFO] [soap] soap_call "AVTransport" "GetTransportInfo" <InstanceID>0</InstanceID>
[INFO] [soap] assert_http_200 service=AVTransport action=GetTransportInfo handler=avtransport_get_transport_info
[INFO] [soap] soap_call "AVTransport" "GetPositionInfo" <InstanceID>0</InstanceID>
[INFO] [soap] assert_http_200 service=AVTransport action=GetPositionInfo handler=avtransport_get_position_info
[INFO] [soap] soap_call "AVTransport" "GetPositionInfo" <InstanceID>0</InstanceID>
[INFO] [soap] assert_http_200 service=AVTransport action=GetPositionInfo handler=avtransport_get_position_info
[INFO] [soap] soap_call "AVTransport" "GetTransportInfo" <InstanceID>0</InstanceID>
[INFO] [soap] assert_http_200 service=AVTransport action=GetTransportInfo handler=avtransport_get_transport_info
[INFO] [runtime-heartbeat] t_ms=85304146 frame=3134 view=video player_state=buffering media=1 return_home_pending=0 protocol_state=media-active owner=dlna generation=3 resource_desired=dlna-exclusive resource_applied=dlna-exclusive resource_transition=0 resource_failed=0 resource_age_ms=0 iptv_background=1,0 discovery_suspended=0 service_workers=0,0,0 service_age_ms=53763,53757,28183 media_queue=0 media_high=1 media_command=0 media_kind=0 media_producer=0 media_token=0 media_generation=0 media_command_age_ms=0 media_heartbeat_age_ms=1 media_full=0 media_stale=0 media_timeout=0 media_coalesced=0 media_accepting=1 media_lifecycle=0,1,0,1 log_queue=0 enqueued=616 processed=616 log_high=39 log_heartbeat_age_ms=279 log_waiting=1 queue_dropped=0 mirror_dropped=0 mirror_failures=0 mirror=1 worker=1 mdns_phase=stopped mdns_mode=0 mdns_running=0 mdns_suspended=0 ssdp_suspended=0 mdns_socket=0 mdns_heartbeat_age_ms=28183 mdns_select=40 mdns_recv=0 mdns_sent=4
[INFO] [network-heartbeat] threshold_ms=1500 mdns=fd:0,active:0,oldest:none/0,total:109,max:237,error:0/none,hb:28183,overflow:0,underflow:0 ssdp=fd:1,active:1,oldest:select/55,total:771,max:103,error:0/none,hb:55,overflow:0,underflow:0 dlna-http=fd:1,active:1,oldest:select/79,total:926,max:239,error:0/none,hb:79,overflow:0,underflow:0 airplay-control=fd:0,active:0,oldest:none/0,total:184,max:239,error:0/none,hb:28183,overflow:0,underflow:0 iptv-background=fd:0,active:0,oldest:none/0,total:0,max:0,error:0/none,hb:0,overflow:0,underflow:0
[INFO] [soap] soap_call "AVTransport" "GetPositionInfo" <InstanceID>0</InstanceID>
[INFO] [soap] assert_http_200 service=AVTransport action=GetPositionInfo handler=avtransport_get_position_info
[INFO] [soap] soap_call "AVTransport" "GetTransportInfo" <InstanceID>0</InstanceID>
[INFO] [soap] assert_http_200 service=AVTransport action=GetTransportInfo handler=avtransport_get_transport_info
[INFO] [soap] soap_call "AVTransport" "GetPositionInfo" <InstanceID>0</InstanceID>
[INFO] [soap] assert_http_200 service=AVTransport action=GetPositionInfo handler=avtransport_get_position_info
[INFO] [soap] soap_call "AVTransport" "GetTransportInfo" <InstanceID>0</InstanceID>
[INFO] [soap] assert_http_200 service=AVTransport action=GetTransportInfo handler=avtransport_get_transport_info
[INFO] [runtime-heartbeat] t_ms=85306146 frame=3254 view=video player_state=buffering media=1 return_home_pending=0 protocol_state=media-active owner=dlna generation=3 resource_desired=dlna-exclusive resource_applied=dlna-exclusive resource_transition=0 resource_failed=0 resource_age_ms=0 iptv_background=1,0 discovery_suspended=0 service_workers=0,0,0 service_age_ms=55763,55757,30183 media_queue=0 media_high=1 media_command=0 media_kind=0 media_producer=0 media_token=0 media_generation=0 media_command_age_ms=0 media_heartbeat_age_ms=4 media_full=0 media_stale=0 media_timeout=0 media_coalesced=0 media_accepting=1 media_lifecycle=0,1,0,1 log_queue=0 enqueued=626 processed=626 log_high=39 log_heartbeat_age_ms=282 log_waiting=1 queue_dropped=0 mirror_dropped=0 mirror_failures=0 mirror=1 worker=1 mdns_phase=stopped mdns_mode=0 mdns_running=0 mdns_suspended=0 ssdp_suspended=0 mdns_socket=0 mdns_heartbeat_age_ms=30183 mdns_select=40 mdns_recv=0 mdns_sent=4
[INFO] [network-heartbeat] threshold_ms=1500 mdns=fd:0,active:0,oldest:none/0,total:109,max:237,error:0/none,hb:30183,overflow:0,underflow:0 ssdp=fd:1,active:1,oldest:select/54,total:791,max:103,error:0/none,hb:54,overflow:0,underflow:0 dlna-http=fd:1,active:1,oldest:select/82,total:960,max:239,error:0/none,hb:82,overflow:0,underflow:0 airplay-control=fd:0,active:0,oldest:none/0,total:184,max:239,error:0/none,hb:30183,overflow:0,underflow:0 iptv-background=fd:0,active:0,oldest:none/0,total:0,max:0,error:0/none,hb:0,overflow:0,underflow:0
[INFO] [soap] soap_call "AVTransport" "GetTransportInfo" <InstanceID>0</InstanceID>
[INFO] [soap] assert_http_200 service=AVTransport action=GetTransportInfo handler=avtransport_get_transport_info
[INFO] [soap] soap_call "AVTransport" "GetPositionInfo" <InstanceID>0</InstanceID>
[INFO] [soap] assert_http_200 service=AVTransport action=GetPositionInfo handler=avtransport_get_position_info
[INFO] [soap] soap_call "AVTransport" "GetTransportInfo" <InstanceID>0</InstanceID>
[INFO] [soap] assert_http_200 service=AVTransport action=GetTransportInfo handler=avtransport_get_transport_info
[INFO] [soap] soap_call "AVTransport" "GetPositionInfo" <InstanceID>0</InstanceID>
[INFO] [soap] assert_http_200 service=AVTransport action=GetPositionInfo handler=avtransport_get_position_info
[INFO] [runtime-heartbeat] t_ms=85308146 frame=3374 view=video player_state=buffering media=1 return_home_pending=0 protocol_state=media-active owner=dlna generation=3 resource_desired=dlna-exclusive resource_applied=dlna-exclusive resource_transition=0 resource_failed=0 resource_age_ms=0 iptv_background=1,0 discovery_suspended=0 service_workers=0,0,0 service_age_ms=57763,57757,32183 media_queue=0 media_high=1 media_command=0 media_kind=0 media_producer=0 media_token=0 media_generation=0 media_command_age_ms=0 media_heartbeat_age_ms=3 media_full=0 media_stale=0 media_timeout=0 media_coalesced=0 media_accepting=1 media_lifecycle=0,1,0,1 log_queue=0 enqueued=636 processed=636 log_high=39 log_heartbeat_age_ms=279 log_waiting=1 queue_dropped=0 mirror_dropped=0 mirror_failures=0 mirror=1 worker=1 mdns_phase=stopped mdns_mode=0 mdns_running=0 mdns_suspended=0 ssdp_suspended=0 mdns_socket=0 mdns_heartbeat_age_ms=32183 mdns_select=40 mdns_recv=0 mdns_sent=4
[INFO] [network-heartbeat] threshold_ms=1500 mdns=fd:0,active:0,oldest:none/0,total:109,max:237,error:0/none,hb:32183,overflow:0,underflow:0 ssdp=fd:1,active:1,oldest:select/53,total:811,max:103,error:0/none,hb:53,overflow:0,underflow:0 dlna-http=fd:1,active:1,oldest:select/78,total:994,max:239,error:0/none,hb:78,overflow:0,underflow:0 airplay-control=fd:0,active:0,oldest:none/0,total:184,max:239,error:0/none,hb:32183,overflow:0,underflow:0 iptv-background=fd:0,active:0,oldest:none/0,total:0,max:0,error:0/none,hb:0,overflow:0,underflow:0
[INFO] [soap] soap_call "AVTransport" "GetPositionInfo" <InstanceID>0</InstanceID>
[INFO] [soap] assert_http_200 service=AVTransport action=GetPositionInfo handler=avtransport_get_position_info
[INFO] [soap] soap_call "AVTransport" "GetTransportInfo" <InstanceID>0</InstanceID>
[INFO] [soap] assert_http_200 service=AVTransport action=GetTransportInfo handler=avtransport_get_transport_info
[INFO] [soap] soap_call "AVTransport" "GetTransportInfo" <InstanceID>0</InstanceID>
[INFO] [soap] assert_http_200 service=AVTransport action=GetTransportInfo handler=avtransport_get_transport_info
[INFO] [soap] soap_call "AVTransport" "GetPositionInfo" <InstanceID>0</InstanceID>
[INFO] [soap] assert_http_200 service=AVTransport action=GetPositionInfo handler=avtransport_get_position_info
[INFO] [soap] soap_call "AVTransport" "Seek" <InstanceID>0</InstanceID> <Unit>REL_TIME</Unit> <Target>0:03:50</Target>
[INFO] [media-trace] seq=2 t_ms=34097 layer=soap action=Seek phase=begin url_hash=854aafb0 detail=00:03:50 url=<URL_REDACTED>
[INFO] [media-trace] seq=2 t_ms=34097 layer=libmpv action=Seek phase=dispatch url_hash=854aafb0 detail=230.000 url=<URL_REDACTED>
[INFO] [media-trace] seq=2 t_ms=34098 layer=soap action=Seek phase=done url_hash=854aafb0 detail=00:03:50 url=<URL_REDACTED>
[INFO] [soap] assert_http_200 service=AVTransport action=Seek handler=avtransport_seek
[INFO] [soap] soap_call "AVTransport" "Seek" <InstanceID>0</InstanceID> <Unit>REL_TIME</Unit> <Target>0:03:50</Target>
[INFO] [media-trace] seq=2 t_ms=34099 layer=soap action=Seek phase=begin url_hash=854aafb0 detail=00:03:50 url=<URL_REDACTED>
[INFO] [media-trace] seq=2 t_ms=34099 layer=libmpv action=Seek phase=dispatch url_hash=854aafb0 detail=230.000 url=<URL_REDACTED>
[INFO] [media-trace] seq=2 t_ms=34099 layer=soap action=Seek phase=done url_hash=854aafb0 detail=00:03:50 url=<URL_REDACTED>
[INFO] [soap] assert_http_200 service=AVTransport action=Seek handler=avtransport_seek
[INFO] [media-trace] seq=2 t_ms=34163 layer=libmpv action=mpv-playback-restart phase=event url_hash=854aafb0 detail=- url=<URL_REDACTED>
[INFO] [runtime-heartbeat] t_ms=85310160 frame=3494 view=video player_state=playing media=1 return_home_pending=0 protocol_state=media-active owner=dlna generation=3 resource_desired=dlna-exclusive resource_applied=dlna-exclusive resource_transition=0 resource_failed=0 resource_age_ms=0 iptv_background=1,0 discovery_suspended=0 service_workers=0,0,0 service_age_ms=59777,59771,34197 media_queue=0 media_high=1 media_command=0 media_kind=0 media_producer=0 media_token=0 media_generation=0 media_command_age_ms=0 media_heartbeat_age_ms=7 media_full=0 media_stale=0 media_timeout=0 media_coalesced=0 media_accepting=1 media_lifecycle=0,1,0,1 log_queue=0 enqueued=657 processed=657 log_high=39 log_heartbeat_age_ms=40 log_waiting=1 queue_dropped=0 mirror_dropped=0 mirror_failures=0 mirror=1 worker=1 mdns_phase=stopped mdns_mode=0 mdns_running=0 mdns_suspended=0 ssdp_suspended=0 mdns_socket=0 mdns_heartbeat_age_ms=34197 mdns_select=40 mdns_recv=0 mdns_sent=4
[INFO] [network-heartbeat] threshold_ms=1500 mdns=fd:0,active:0,oldest:none/0,total:109,max:237,error:0/none,hb:34197,overflow:0,underflow:0 ssdp=fd:1,active:1,oldest:select/66,total:831,max:103,error:0/none,hb:66,overflow:0,underflow:0 dlna-http=fd:1,active:1,oldest:select/4,total:1037,max:239,error:0/none,hb:4,overflow:0,underflow:0 airplay-control=fd:0,active:0,oldest:none/0,total:184,max:239,error:0/none,hb:34197,overflow:0,underflow:0 iptv-background=fd:0,active:0,oldest:none/0,total:0,max:0,error:0/none,hb:0,overflow:0,underflow:0
[INFO] [soap] soap_call "AVTransport" "GetTransportInfo" <InstanceID>0</InstanceID>
[INFO] [soap] assert_http_200 service=AVTransport action=GetTransportInfo handler=avtransport_get_transport_info
[INFO] [soap] soap_call "AVTransport" "GetPositionInfo" <InstanceID>0</InstanceID>
[INFO] [soap] assert_http_200 service=AVTransport action=GetPositionInfo handler=avtransport_get_position_info
[INFO] [soap] soap_call "AVTransport" "GetTransportInfo" <InstanceID>0</InstanceID>
[INFO] [soap] assert_http_200 service=AVTransport action=GetTransportInfo handler=avtransport_get_transport_info
[INFO] [soap] soap_call "AVTransport" "GetPositionInfo" <InstanceID>0</InstanceID>
[INFO] [soap] assert_http_200 service=AVTransport action=GetPositionInfo handler=avtransport_get_position_info
[INFO] [runtime-heartbeat] t_ms=85312163 frame=3601 view=video player_state=playing media=1 return_home_pending=0 protocol_state=media-active owner=dlna generation=3 resource_desired=dlna-exclusive resource_applied=dlna-exclusive resource_transition=0 resource_failed=0 resource_age_ms=0 iptv_background=1,0 discovery_suspended=0 service_workers=0,0,0 service_age_ms=61780,61774,36200 media_queue=0 media_high=1 media_command=0 media_kind=0 media_producer=0 media_token=0 media_generation=0 media_command_age_ms=0 media_heartbeat_age_ms=6 media_full=0 media_stale=0 media_timeout=0 media_coalesced=0 media_accepting=1 media_lifecycle=0,1,0,1 log_queue=0 enqueued=667 processed=667 log_high=39 log_heartbeat_age_ms=294 log_waiting=1 queue_dropped=0 mirror_dropped=0 mirror_failures=0 mirror=1 worker=1 mdns_phase=stopped mdns_mode=0 mdns_running=0 mdns_suspended=0 ssdp_suspended=0 mdns_socket=0 mdns_heartbeat_age_ms=36200 mdns_select=40 mdns_recv=0 mdns_sent=4
[INFO] [network-heartbeat] threshold_ms=1500 mdns=fd:0,active:0,oldest:none/0,total:109,max:237,error:0/none,hb:36200,overflow:0,underflow:0 ssdp=fd:1,active:1,oldest:select/63,total:863,max:103,error:0/none,hb:63,overflow:0,underflow:0 dlna-http=fd:1,active:1,oldest:select/94,total:1071,max:239,error:0/none,hb:94,overflow:0,underflow:0 airplay-control=fd:0,active:0,oldest:none/0,total:184,max:239,error:0/none,hb:36200,overflow:0,underflow:0 iptv-background=fd:0,active:0,oldest:none/0,total:0,max:0,error:0/none,hb:0,overflow:0,underflow:0
[INFO] [soap] soap_call "AVTransport" "GetPositionInfo" <InstanceID>0</InstanceID>
[INFO] [soap] assert_http_200 service=AVTransport action=GetPositionInfo handler=avtransport_get_position_info
[INFO] [soap] soap_call "AVTransport" "GetTransportInfo" <InstanceID>0</InstanceID>
[INFO] [soap] assert_http_200 service=AVTransport action=GetTransportInfo handler=avtransport_get_transport_info
[INFO] [input] touch begin view=video x=156 y=390 state=playing media=1
[INFO] [input] touch end start_view=video view=video duration_ms=100 dx=-6 dy=-7 state=playing media=1
[INFO] [input] touch tap accepted x=150 y=383 duration_ms=100
[INFO] [input] action=touch-show-controls begin x=150 y=383 state=playing
[INFO] [input] action=touch-show-controls done duration_ms=2200 state=playing
[INFO] [render] frame begin reason=input view=video state=playing media=1
[INFO] [render] frame done rendered=1 view=video state=playing media=1
[INFO] [soap] soap_call "AVTransport" "GetPositionInfo" <InstanceID>0</InstanceID>
[INFO] [soap] assert_http_200 service=AVTransport action=GetPositionInfo handler=avtransport_get_position_info
[INFO] [soap] soap_call "AVTransport" "GetTransportInfo" <InstanceID>0</InstanceID>
[INFO] [soap] assert_http_200 service=AVTransport action=GetTransportInfo handler=avtransport_get_transport_info
[INFO] [runtime-heartbeat] t_ms=85314163 frame=3713 view=video player_state=playing media=1 return_home_pending=0 protocol_state=media-active owner=dlna generation=3 resource_desired=dlna-exclusive resource_applied=dlna-exclusive resource_transition=0 resource_failed=0 resource_age_ms=0 iptv_background=1,0 discovery_suspended=0 service_workers=0,0,0 service_age_ms=63780,63774,38200 media_queue=0 media_high=1 media_command=0 media_kind=0 media_producer=0 media_token=0 media_generation=0 media_command_age_ms=0 media_heartbeat_age_ms=6 media_full=0 media_stale=0 media_timeout=0 media_coalesced=0 media_accepting=1 media_lifecycle=0,1,0,1 log_queue=0 enqueued=684 processed=684 log_high=39 log_heartbeat_age_ms=296 log_waiting=1 queue_dropped=0 mirror_dropped=0 mirror_failures=0 mirror=1 worker=1 mdns_phase=stopped mdns_mode=0 mdns_running=0 mdns_suspended=0 ssdp_suspended=0 mdns_socket=0 mdns_heartbeat_age_ms=38200 mdns_select=40 mdns_recv=0 mdns_sent=4
[INFO] [network-heartbeat] threshold_ms=1500 mdns=fd:0,active:0,oldest:none/0,total:109,max:237,error:0/none,hb:38200,overflow:0,underflow:0 ssdp=fd:1,active:1,oldest:select/62,total:883,max:103,error:0/none,hb:62,overflow:0,underflow:0 dlna-http=fd:1,active:1,oldest:select/96,total:1105,max:239,error:0/none,hb:96,overflow:0,underflow:0 airplay-control=fd:0,active:0,oldest:none/0,total:184,max:239,error:0/none,hb:38200,overflow:0,underflow:0 iptv-background=fd:0,active:0,oldest:none/0,total:0,max:0,error:0/none,hb:0,overflow:0,underflow:0
[INFO] [soap] soap_call "AVTransport" "GetTransportInfo" <InstanceID>0</InstanceID>
[INFO] [soap] assert_http_200 service=AVTransport action=GetTransportInfo handler=avtransport_get_transport_info
[INFO] [soap] soap_call "AVTransport" "GetPositionInfo" <InstanceID>0</InstanceID>
[INFO] [soap] assert_http_200 service=AVTransport action=GetPositionInfo handler=avtransport_get_position_info
[INFO] [soap] soap_call "AVTransport" "GetTransportInfo" <InstanceID>0</InstanceID>
[INFO] [soap] assert_http_200 service=AVTransport action=GetTransportInfo handler=avtransport_get_transport_info
[INFO] [soap] soap_call "AVTransport" "GetPositionInfo" <InstanceID>0</InstanceID>
[INFO] [soap] assert_http_200 service=AVTransport action=GetPositionInfo handler=avtransport_get_position_info
[INFO] [runtime-heartbeat] t_ms=85316163 frame=3823 view=video player_state=playing media=1 return_home_pending=0 protocol_state=media-active owner=dlna generation=3 resource_desired=dlna-exclusive resource_applied=dlna-exclusive resource_transition=0 resource_failed=0 resource_age_ms=0 iptv_background=1,0 discovery_suspended=0 service_workers=0,0,0 service_age_ms=65780,65774,40200 media_queue=0 media_high=1 media_command=0 media_kind=0 media_producer=0 media_token=0 media_generation=0 media_command_age_ms=0 media_heartbeat_age_ms=7 media_full=0 media_stale=0 media_timeout=0 media_coalesced=0 media_accepting=1 media_lifecycle=0,1,0,1 log_queue=0 enqueued=694 processed=694 log_high=39 log_heartbeat_age_ms=296 log_waiting=1 queue_dropped=0 mirror_dropped=0 mirror_failures=0 mirror=1 worker=1 mdns_phase=stopped mdns_mode=0 mdns_running=0 mdns_suspended=0 ssdp_suspended=0 mdns_socket=0 mdns_heartbeat_age_ms=40200 mdns_select=40 mdns_recv=0 mdns_sent=4
[INFO] [network-heartbeat] threshold_ms=1500 mdns=fd:0,active:0,oldest:none/0,total:109,max:237,error:0/none,hb:40200,overflow:0,underflow:0 ssdp=fd:1,active:1,oldest:select/60,total:903,max:103,error:0/none,hb:60,overflow:0,underflow:0 dlna-http=fd:1,active:1,oldest:select/96,total:1139,max:239,error:0/none,hb:96,overflow:0,underflow:0 airplay-control=fd:0,active:0,oldest:none/0,total:184,max:239,error:0/none,hb:40200,overflow:0,underflow:0 iptv-background=fd:0,active:0,oldest:none/0,total:0,max:0,error:0/none,hb:0,overflow:0,underflow:0
[INFO] [soap] soap_call "AVTransport" "GetTransportInfo" <InstanceID>0</InstanceID>
[INFO] [soap] assert_http_200 service=AVTransport action=GetTransportInfo handler=avtransport_get_transport_info
[INFO] [soap] soap_call "AVTransport" "GetPositionInfo" <InstanceID>0</InstanceID>
[INFO] [soap] assert_http_200 service=AVTransport action=GetPositionInfo handler=avtransport_get_position_info
[INFO] [soap] soap_call "AVTransport" "GetPositionInfo" <InstanceID>0</InstanceID>
[INFO] [soap] assert_http_200 service=AVTransport action=GetPositionInfo handler=avtransport_get_position_info
[INFO] [soap] soap_call "AVTransport" "GetTransportInfo" <InstanceID>0</InstanceID>
[INFO] [soap] assert_http_200 service=AVTransport action=GetTransportInfo handler=avtransport_get_transport_info
[INFO] [runtime-heartbeat] t_ms=85318163 frame=3934 view=video player_state=playing media=1 return_home_pending=0 protocol_state=media-active owner=dlna generation=3 resource_desired=dlna-exclusive resource_applied=dlna-exclusive resource_transition=0 resource_failed=0 resource_age_ms=0 iptv_background=1,0 discovery_suspended=0 service_workers=0,0,0 service_age_ms=67780,67774,42200 media_queue=0 media_high=1 media_command=0 media_kind=0 media_producer=0 media_token=0 media_generation=0 media_command_age_ms=0 media_heartbeat_age_ms=4 media_full=0 media_stale=0 media_timeout=0 media_coalesced=0 media_accepting=1 media_lifecycle=0,1,0,1 log_queue=0 enqueued=704 processed=704 log_high=39 log_heartbeat_age_ms=296 log_waiting=1 queue_dropped=0 mirror_dropped=0 mirror_failures=0 mirror=1 worker=1 mdns_phase=stopped mdns_mode=0 mdns_running=0 mdns_suspended=0 ssdp_suspended=0 mdns_socket=0 mdns_heartbeat_age_ms=42200 mdns_select=40 mdns_recv=0 mdns_sent=4
[INFO] [network-heartbeat] threshold_ms=1500 mdns=fd:0,active:0,oldest:none/0,total:109,max:237,error:0/none,hb:42200,overflow:0,underflow:0 ssdp=fd:1,active:1,oldest:select/59,total:923,max:103,error:0/none,hb:59,overflow:0,underflow:0 dlna-http=fd:1,active:1,oldest:select/96,total:1174,max:239,error:0/none,hb:96,overflow:0,underflow:0 airplay-control=fd:0,active:0,oldest:none/0,total:184,max:239,error:0/none,hb:42200,overflow:0,underflow:0 iptv-background=fd:0,active:0,oldest:none/0,total:0,max:0,error:0/none,hb:0,overflow:0,underflow:0
[INFO] [soap] soap_call "AVTransport" "Stop" <InstanceID>0</InstanceID>
[INFO] [media-trace] seq=2 t_ms=42535 layer=soap action=Stop phase=begin url_hash=854aafb0 detail=- url=<URL_REDACTED>
[INFO] [media-trace] seq=2 t_ms=42535 layer=player action=Stop phase=backend-call-begin url_hash=854aafb0 detail=-
[INFO] [media-trace] seq=2 t_ms=42535 layer=libmpv action=Stop phase=mutex-wait url_hash=854aafb0 detail=- url=<URL_REDACTED>
[INFO] [media-trace] seq=2 t_ms=42535 layer=libmpv action=Stop phase=mutex-acquired url_hash=854aafb0 detail=- url=<URL_REDACTED>
[INFO] [media-trace] seq=2 t_ms=42535 layer=libmpv action=Stop phase=dispatch url_hash=854aafb0 detail=- url=<URL_REDACTED>
[INFO] [media-trace] seq=2 t_ms=42535 layer=player action=Stop phase=backend-call-done url_hash=854aafb0 detail=ok
[INFO] [media-trace] seq=2 t_ms=42535 layer=player action=Stop phase=snapshot-refresh-begin url_hash=854aafb0 detail=-
[INFO] [media-trace] seq=2 t_ms=42535 layer=player action=Stop phase=snapshot-refresh-done url_hash=854aafb0 detail=-
[INFO] [media-trace] seq=2 t_ms=42535 layer=player action=Stop phase=backend-wakeup-begin url_hash=854aafb0 detail=-
[INFO] [media-trace] seq=2 t_ms=42535 layer=player action=Stop phase=backend-wakeup-done url_hash=854aafb0 detail=-
[INFO] [protocol-coordinator] event=release action=release owner=dlna token=1 generation=3 reason=completed
[INFO] [media-trace] seq=2 t_ms=42535 layer=soap action=Stop phase=done url_hash=854aafb0 detail=- url=<URL_REDACTED>
[INFO] [soap] assert_http_200 service=AVTransport action=Stop handler=avtransport_stop
[INFO] [protocol-coordinator] revision=25->28 state=media-active->ready iptv=running->running dlna=running->running airplay=stopped->stopped owner=dlna->none token=0 generation=0 pin_visible=0 resource=dlna-exclusive->dlna-exclusive desired=home transition=1 failed=0 discovery_suspended=0->0 airplay_running=0 airplay_starting=0 status=none
[INFO] [airplay] t_ms=85318496 integration stage=ed25519 begin
[INFO] [airplay] t_ms=85318497 integration stage=ed25519 done
[INFO] [airplay] t_ms=85318497 integration stage=mirror-runtime begin
[INFO] [airplay] t_ms=85318498 integration stage=mirror-runtime done
[INFO] [airplay] t_ms=85318498 integration stage=remote-video begin
[INFO] [airplay] t_ms=85318498 integration stage=remote-video done
[INFO] [airplay] t_ms=85318498 integration stage=receiver begin
[INFO] [airplay] t_ms=85318498 receiver stage=pairing-identity begin
[INFO] [airplay] t_ms=85318505 receiver stage=pairing-identity done
[INFO] [airplay] t_ms=85318505 receiver stage=dns-sd-txt begin
[INFO] [airplay] t_ms=85318506 receiver stage=dns-sd-txt done
[INFO] [airplay] t_ms=85318506 receiver stage=handlers begin
[INFO] [airplay] t_ms=85318506 handlers stage=validate begin
[INFO] [airplay] t_ms=85318506 handlers stage=validate done
[INFO] [airplay] t_ms=85318506 handlers stage=allocate begin bytes=792
[INFO] [airplay] t_ms=85318506 handlers stage=allocate done
[INFO] [airplay] t_ms=85318506 handlers stage=copy begin txt_bytes=214
[INFO] [airplay] t_ms=85318506 handlers stage=copy done
[INFO] [airplay] t_ms=85318506 receiver stage=handlers done
[INFO] [airplay] t_ms=85318506 receiver stage=control-server begin
[INFO] [airplay-server] listening on :7000
[INFO] [airplay] t_ms=85318507 receiver stage=control-server done port=7000
[INFO] [airplay] t_ms=85318507 receiver stage=lifecycle begin
[INFO] [airplay] t_ms=85318507 receiver stage=lifecycle done
[INFO] [airplay] t_ms=85318507 receiver stage=mdns begin
[INFO] [airplay] t_ms=85318507 mdns stage=local-address begin
[INFO] [airplay] t_ms=85318507 mdns stage=local-address done
[INFO] [airplay-mdns] local-address=<IP_REDACTED>
[INFO] [airplay] t_ms=85318508 mdns stage=service-record begin
[INFO] [airplay] t_ms=85318508 mdns stage=service-record done
[INFO] [airplay] t_ms=85318508 mdns stage=socket begin
[INFO] [airplay] t_ms=85318508 mdns socket stage=create begin
[INFO] [airplay] t_ms=85318508 mdns socket stage=create done fd=8
[INFO] [airplay] t_ms=85318508 mdns socket stage=bind begin port=5353
[INFO] [airplay] t_ms=85318508 mdns socket stage=bind done
[INFO] [airplay] t_ms=85318508 mdns socket stage=multicast-join begin
[INFO] [airplay] t_ms=85318508 mdns socket stage=multicast-join done
[INFO] [airplay] t_ms=85318509 mdns stage=socket done
[INFO] [airplay] t_ms=85318509 mdns stage=thread begin
[INFO] [airplay] t_ms=85318509 mdns thread-create begin stack=65536
[INFO] [airplay] t_ms=85318509 mdns thread-create done rc=0x00000000
[INFO] [airplay] t_ms=85318509 mdns thread-start begin
[INFO] [airplay] t_ms=85318509 mdns worker entered
[INFO] [airplay] t_ms=85318509 mdns worker mode=0 priority=0x2b
[INFO] [airplay] t_ms=85318509 mdns worker announce begin
[INFO] [airplay] t_ms=85318509 mdns thread-start done rc=0x00000000
[INFO] [airplay] t_ms=85318509 mdns stage=thread done
[INFO] [airplay-mdns] started airplay=NX-Cast raop=<IDENTIFIER_REDACTED>@NX-Cast port=7000 features=0x5A7FFEE6,0x0
[INFO] [airplay-mdns] started airplay=NX-Cast raop=<IDENTIFIER_REDACTED>@NX-Cast port=7000 features=0x5A7FFEE6,0x0
[INFO] [airplay] t_ms=85318509 receiver stage=mdns done
[INFO] [airplay] t_ms=85318509 mdns worker announce done
[INFO] [airplay] t_ms=85318509 integration stage=receiver done
[INFO] [airplay] integration started port=7000 discovery=1
[INFO] [iptv] background-network suspended=0 quiesced=1
[WARN] [player-libmpv] suppressed 990 repeated H.264 decode log messages
[WARN] [player-libmpv] suppressed 1899 repeated AAC decode log messages
[INFO] [player-libmpv] end-file uri=<URL_REDACTED> reason=stop error=success
[INFO] [media-trace] seq=2 t_ms=42564 layer=libmpv action=mpv-end-file phase=event url_hash=854aafb0 detail=stop url=<URL_REDACTED>
[INFO] [protocol-coordinator] revision=28->32 state=ready->ready iptv=running->running dlna=running->running airplay=stopped->running owner=none->none token=0 generation=0 pin_visible=0 resource=dlna-exclusive->home desired=home transition=0 failed=0 discovery_suspended=0->0 airplay_running=1 airplay_starting=0 status=Ready for AirPlay video
[INFO] [player-view] desired_view=home state=STOPPED has_media=1 uri=<URL_REDACTED>
[INFO] [player-view] active_view=home frame=4041
[INFO] [input] active_view=home state=stopped media=1 snapshot=1
[INFO] [runtime-heartbeat] t_ms=85320179 frame=4054 view=home player_state=stopped media=1 return_home_pending=0 protocol_state=ready owner=none generation=0 resource_desired=home resource_applied=home resource_transition=0 resource_failed=0 resource_age_ms=0 iptv_background=0,0 discovery_suspended=0 service_workers=0,0,0 service_age_ms=69796,69790,1670 media_queue=0 media_high=1 media_command=0 media_kind=0 media_producer=0 media_token=0 media_generation=0 media_command_age_ms=0 media_heartbeat_age_ms=4 media_full=0 media_stale=0 media_timeout=0 media_coalesced=0 media_accepting=1 media_lifecycle=0,1,0,1 log_queue=0 enqueued=783 processed=783 log_high=39 log_heartbeat_age_ms=182 log_waiting=1 queue_dropped=0 mirror_dropped=0 mirror_failures=0 mirror=1 worker=1 mdns_phase=waiting mdns_mode=0 mdns_running=1 mdns_suspended=0 ssdp_suspended=0 mdns_socket=1 mdns_heartbeat_age_ms=69 mdns_select=8 mdns_recv=0 mdns_sent=2
[INFO] [network-heartbeat] threshold_ms=1500 mdns=fd:1,active:1,oldest:select/69,total:123,max:237,error:0/none,hb:69,overflow:0,underflow:0 ssdp=fd:1,active:1,oldest:select/84,total:1026,max:103,error:0/none,hb:84,overflow:0,underflow:0 dlna-http=fd:1,active:1,oldest:select/86,total:1198,max:239,error:0/none,hb:86,overflow:0,underflow:0 airplay-control=fd:1,active:1,oldest:select/72,total:202,max:239,error:0/none,hb:72,overflow:0,underflow:0 iptv-background=fd:0,active:0,oldest:none/0,total:0,max:0,error:0/none,hb:0,overflow:0,underflow:0
[INFO] [runtime-heartbeat] t_ms=85322179 frame=4174 view=home player_state=stopped media=1 return_home_pending=0 protocol_state=ready owner=none generation=0 resource_desired=home resource_applied=home resource_transition=0 resource_failed=0 resource_age_ms=0 iptv_background=0,0 discovery_suspended=0 service_workers=0,0,0 service_age_ms=71796,71790,3670 media_queue=0 media_high=1 media_command=0 media_kind=0 media_producer=0 media_token=0 media_generation=0 media_command_age_ms=0 media_heartbeat_age_ms=3 media_full=0 media_stale=0 media_timeout=0 media_coalesced=0 media_accepting=1 media_lifecycle=0,1,0,1 log_queue=0 enqueued=785 processed=785 log_high=39 log_heartbeat_age_ms=2000 log_waiting=1 queue_dropped=0 mirror_dropped=0 mirror_failures=0 mirror=1 worker=1 mdns_phase=waiting mdns_mode=0 mdns_running=1 mdns_suspended=0 ssdp_suspended=0 mdns_socket=1 mdns_heartbeat_age_ms=69 mdns_select=18 mdns_recv=0 mdns_sent=2
[INFO] [network-heartbeat] threshold_ms=1500 mdns=fd:1,active:1,oldest:select/69,total:133,max:237,error:0/none,hb:69,overflow:0,underflow:0 ssdp=fd:1,active:1,oldest:select/93,total:1049,max:103,error:0/none,hb:93,overflow:0,underflow:0 dlna-http=fd:1,active:1,oldest:select/86,total:1218,max:239,error:0/none,hb:86,overflow:0,underflow:0 airplay-control=fd:1,active:1,oldest:select/71,total:222,max:239,error:0/none,hb:71,overflow:0,underflow:0 iptv-background=fd:0,active:0,oldest:none/0,total:0,max:0,error:0/none,hb:0,overflow:0,underflow:0
[INFO] [runtime-heartbeat] t_ms=85324179 frame=4294 view=home player_state=stopped media=1 return_home_pending=0 protocol_state=ready owner=none generation=0 resource_desired=home resource_applied=home resource_transition=0 resource_failed=0 resource_age_ms=0 iptv_background=0,0 discovery_suspended=0 service_workers=0,0,0 service_age_ms=73796,73790,5670 media_queue=0 media_high=1 media_command=0 media_kind=0 media_producer=0 media_token=0 media_generation=0 media_command_age_ms=0 media_heartbeat_age_ms=2 media_full=0 media_stale=0 media_timeout=0 media_coalesced=0 media_accepting=1 media_lifecycle=0,1,0,1 log_queue=0 enqueued=787 processed=787 log_high=39 log_heartbeat_age_ms=2000 log_waiting=1 queue_dropped=0 mirror_dropped=0 mirror_failures=0 mirror=1 worker=1 mdns_phase=waiting mdns_mode=0 mdns_running=1 mdns_suspended=0 ssdp_suspended=0 mdns_socket=1 mdns_heartbeat_age_ms=68 mdns_select=28 mdns_recv=0 mdns_sent=2
[INFO] [network-heartbeat] threshold_ms=1500 mdns=fd:1,active:1,oldest:select/68,total:143,max:237,error:0/none,hb:68,overflow:0,underflow:0 ssdp=fd:1,active:1,oldest:select/92,total:1069,max:103,error:0/none,hb:92,overflow:0,underflow:0 dlna-http=fd:1,active:1,oldest:select/85,total:1238,max:239,error:0/none,hb:85,overflow:0,underflow:0 airplay-control=fd:1,active:1,oldest:select/70,total:242,max:239,error:0/none,hb:70,overflow:0,underflow:0 iptv-background=fd:0,active:0,oldest:none/0,total:0,max:0,error:0/none,hb:0,overflow:0,underflow:0
[INFO] [ssdp] send packet to <IP_REDACTED>:3324 st=upnp:rootdevice bytes=283
[INFO] [ssdp] send packet to <IP_REDACTED>:3324 st=upnp:rootdevice bytes=283
[INFO] [ssdp] send packet to <IP_REDACTED>:3324 st=upnp:rootdevice bytes=283
[INFO] [runtime-heartbeat] t_ms=85326179 frame=4414 view=home player_state=stopped media=1 return_home_pending=0 protocol_state=ready owner=none generation=0 resource_desired=home resource_applied=home resource_transition=0 resource_failed=0 resource_age_ms=0 iptv_background=0,0 discovery_suspended=0 service_workers=0,0,0 service_age_ms=75796,75790,7670 media_queue=0 media_high=1 media_command=0 media_kind=0 media_producer=0 media_token=0 media_generation=0 media_command_age_ms=0 media_heartbeat_age_ms=1 media_full=0 media_stale=0 media_timeout=0 media_coalesced=0 media_accepting=1 media_lifecycle=0,1,0,1 log_queue=0 enqueued=792 processed=792 log_high=39 log_heartbeat_age_ms=56 log_waiting=1 queue_dropped=0 mirror_dropped=0 mirror_failures=0 mirror=1 worker=1 mdns_phase=waiting mdns_mode=0 mdns_running=1 mdns_suspended=0 ssdp_suspended=0 mdns_socket=1 mdns_heartbeat_age_ms=68 mdns_select=38 mdns_recv=0 mdns_sent=2
[INFO] [network-heartbeat] threshold_ms=1500 mdns=fd:1,active:1,oldest:select/68,total:153,max:237,error:0/none,hb:68,overflow:0,underflow:0 ssdp=fd:1,active:1,oldest:select/56,total:1098,max:103,error:0/none,hb:56,overflow:0,underflow:0 dlna-http=fd:1,active:1,oldest:select/83,total:1258,max:239,error:0/none,hb:83,overflow:0,underflow:0 airplay-control=fd:1,active:1,oldest:select/69,total:262,max:239,error:0/none,hb:69,overflow:0,underflow:0 iptv-background=fd:0,active:0,oldest:none/0,total:0,max:0,error:0/none,hb:0,overflow:0,underflow:0
[INFO] [soap] soap_call "AVTransport" "SetAVTransportURI" <InstanceID>0</InstanceID> <CurrentURI><URL_REDACTED></CurrentURI>
[INFO] [media-trace] seq=3 t_ms=0 action=SetAVTransportURI phase=begin url_hash=3f6c811f metadata_bytes=2160 url=<URL_REDACTED>
[INFO] [media-trace] seq=3 t_ms=0 layer=soap action=SetAVTransportURI phase=dispatch instance=0 url_hash=3f6c811f url=<URL_REDACTED>
[INFO] [protocol-coordinator] event=claim previous_owner=none previous_token=0 previous_generation=0 owner=dlna token=1 generation=4
[INFO] [protocol-coordinator] revision=32->35 state=ready->media-active iptv=running->running dlna=running->running airplay=running->running owner=none->dlna token=1 generation=4 pin_visible=0 resource=home->home desired=dlna-exclusive transition=1 failed=0 discovery_suspended=0->0 airplay_running=1 airplay_starting=0 status=Ready for AirPlay video
[INFO] [iptv] background-network suspended=1 quiesced=1
[INFO] [protocol-coordinator] event=reject action=validate owner=none token=0 generation=0 current_owner=dlna current_token=1 current_generation=4 reason=stale-lease
[INFO] [protocol-coordinator] event=reject action=validate owner=none token=0 generation=0 current_owner=dlna current_token=1 current_generation=4 reason=stale-lease
[INFO] [media-trace] seq=3 t_ms=17 layer=player action=set_media phase=begin url_hash=3f6c811f url=<URL_REDACTED>
[INFO] [media-trace] seq=3 t_ms=17 layer=libmpv action=set_media phase=begin url_hash=3f6c811f detail=- url=<URL_REDACTED>
[INFO] [media-trace] seq=3 t_ms=17 layer=libmpv action=set_media phase=mutex-wait url_hash=3f6c811f detail=- url=<URL_REDACTED>
[INFO] [media-trace] seq=3 t_ms=17 layer=libmpv action=set_media phase=mutex-acquired url_hash=3f6c811f detail=- url=<URL_REDACTED>
[INFO] [media-trace] seq=3 t_ms=17 layer=libmpv action=loadfile phase=dispatch url_hash=3f6c811f detail=paused=1 profile=direct-mp4-fast url=<URL_REDACTED>
[INFO] [media-trace] seq=3 t_ms=17 layer=libmpv action=loadfile phase=queued url_hash=3f6c811f detail=paused=1 profile=direct-mp4-fast url=<URL_REDACTED>
[INFO] [media-trace] seq=3 t_ms=18 layer=libmpv action=set_media phase=done url_hash=3f6c811f detail=- url=<URL_REDACTED>
[INFO] [media-trace] seq=3 t_ms=18 layer=player action=set_media phase=done url_hash=3f6c811f url=<URL_REDACTED>
[INFO] [media-trace] seq=3 t_ms=18 layer=libmpv action=mpv-start-file phase=event url_hash=3f6c811f detail=- url=<URL_REDACTED>
[INFO] [player-libmpv] start-file uri=<URL_REDACTED>
[INFO] [media-trace] seq=3 t_ms=18 layer=soap action=SetAVTransportURI phase=done url_hash=3f6c811f url=<URL_REDACTED>
[INFO] [soap] assert_http_200 service=AVTransport action=SetAVTransportURI handler=avtransport_set_uri
[INFO] [protocol-coordinator] revision=35->38 state=media-active->media-active iptv=running->running dlna=running->running airplay=running->stopped owner=dlna->dlna token=1 generation=4 pin_visible=0 resource=home->dlna-exclusive desired=dlna-exclusive transition=0 failed=0 discovery_suspended=0->0 airplay_running=0 airplay_starting=0 status=none
[INFO] [player-view] desired_view=video state=LOADING has_media=1 uri=<URL_REDACTED>
[INFO] [player-view] active_view=video frame=4504
[INFO] [input] active_view=video state=loading media=1 snapshot=1
[INFO] [soap] soap_call "AVTransport" "Play" <InstanceID>0</InstanceID> <Speed>1</Speed>
[INFO] [media-trace] seq=3 t_ms=33 layer=soap action=Play phase=begin url_hash=3f6c811f detail=1 url=<URL_REDACTED>
[INFO] [media-trace] seq=3 t_ms=33 layer=player action=Play phase=backend-call-begin url_hash=3f6c811f detail=-
[INFO] [media-trace] seq=3 t_ms=33 layer=libmpv action=Play phase=mutex-wait url_hash=3f6c811f detail=- url=<URL_REDACTED>
[INFO] [media-trace] seq=3 t_ms=33 layer=libmpv action=Play phase=mutex-acquired url_hash=3f6c811f detail=- url=<URL_REDACTED>
[INFO] [media-trace] seq=3 t_ms=33 layer=libmpv action=Play phase=deferred url_hash=3f6c811f detail=waiting-file-loaded url=<URL_REDACTED>
[INFO] [media-trace] seq=3 t_ms=33 layer=player action=Play phase=backend-call-done url_hash=3f6c811f detail=ok
[INFO] [media-trace] seq=3 t_ms=33 layer=player action=Play phase=snapshot-refresh-begin url_hash=3f6c811f detail=-
[INFO] [media-trace] seq=3 t_ms=33 layer=player action=Play phase=snapshot-refresh-done url_hash=3f6c811f detail=-
[INFO] [media-trace] seq=3 t_ms=33 layer=player action=Play phase=backend-wakeup-begin url_hash=3f6c811f detail=-
[INFO] [media-trace] seq=3 t_ms=33 layer=player action=Play phase=backend-wakeup-done url_hash=3f6c811f detail=-
[INFO] [media-trace] seq=3 t_ms=33 layer=soap action=Play phase=done url_hash=3f6c811f detail=1 url=<URL_REDACTED>
[INFO] [soap] assert_http_200 service=AVTransport action=Play handler=avtransport_play
[INFO] [soap] soap_call "AVTransport" "GetPositionInfo" <InstanceID>0</InstanceID>
[INFO] [soap] assert_http_200 service=AVTransport action=GetPositionInfo handler=avtransport_get_position_info
[INFO] [soap] soap_call "AVTransport" "GetTransportInfo" <InstanceID>0</InstanceID>
[INFO] [soap] assert_http_200 service=AVTransport action=GetTransportInfo handler=avtransport_get_transport_info
[INFO] [runtime-heartbeat] t_ms=85328195 frame=4535 view=video player_state=loading media=1 return_home_pending=0 protocol_state=media-active owner=dlna generation=4 resource_desired=dlna-exclusive resource_applied=dlna-exclusive resource_transition=0 resource_failed=0 resource_age_ms=0 iptv_background=1,0 discovery_suspended=0 service_workers=0,0,0 service_age_ms=77812,77806,514 media_queue=0 media_high=1 media_command=0 media_kind=0 media_producer=0 media_token=0 media_generation=0 media_command_age_ms=0 media_heartbeat_age_ms=7 media_full=0 media_stale=0 media_timeout=0 media_coalesced=0 media_accepting=1 media_lifecycle=0,1,0,1 log_queue=0 enqueued=835 processed=835 log_high=39 log_heartbeat_age_ms=485 log_waiting=1 queue_dropped=0 mirror_dropped=0 mirror_failures=0 mirror=1 worker=1 mdns_phase=stopped mdns_mode=0 mdns_running=0 mdns_suspended=0 ssdp_suspended=0 mdns_socket=0 mdns_heartbeat_age_ms=515 mdns_select=46 mdns_recv=0 mdns_sent=4
[INFO] [network-heartbeat] threshold_ms=1500 mdns=fd:0,active:0,oldest:none/0,total:162,max:237,error:0/none,hb:516,overflow:0,underflow:0 ssdp=fd:1,active:1,oldest:select/72,total:1118,max:103,error:0/none,hb:72,overflow:0,underflow:0 dlna-http=fd:1,active:1,oldest:select/85,total:1293,max:239,error:0/none,hb:85,overflow:0,underflow:0 airplay-control=fd:0,active:0,oldest:none/0,total:277,max:239,error:0/none,hb:515,overflow:0,underflow:0 iptv-background=fd:0,active:0,oldest:none/0,total:0,max:0,error:0/none,hb:0,overflow:0,underflow:0
[INFO] [soap] soap_call "AVTransport" "GetPositionInfo" <InstanceID>0</InstanceID>
[INFO] [soap] assert_http_200 service=AVTransport action=GetPositionInfo handler=avtransport_get_position_info
[INFO] [soap] soap_call "AVTransport" "GetTransportInfo" <InstanceID>0</InstanceID>
[INFO] [soap] assert_http_200 service=AVTransport action=GetTransportInfo handler=avtransport_get_transport_info
[INFO] [soap] soap_call "AVTransport" "GetTransportInfo" <InstanceID>0</InstanceID>
[INFO] [soap] assert_http_200 service=AVTransport action=GetTransportInfo handler=avtransport_get_transport_info
[INFO] [soap] soap_call "AVTransport" "GetPositionInfo" <InstanceID>0</InstanceID>
[INFO] [soap] assert_http_200 service=AVTransport action=GetPositionInfo handler=avtransport_get_position_info
[INFO] [player-libmpv][cplayer]  (+) Video --vid=1 (*) (h264 1280x720 30.000fps)
[INFO] [player-libmpv][cplayer]  (+) Audio --aid=1 (*) (aac 2ch 44100Hz)
[INFO] [player-libmpv][display-tags] File tags:
[INFO] [player-libmpv][display-tags]  Description: Packed by Bilibili XCoder v2.0.2
[INFO] [media-trace] seq=3 t_ms=2526 layer=libmpv action=mpv-file-loaded phase=event url_hash=3f6c811f detail=- url=<URL_REDACTED>
[INFO] [player-libmpv] file-loaded uri=<URL_REDACTED>
[INFO] [media-trace] seq=3 t_ms=2527 layer=libmpv action=Play phase=dispatch url_hash=3f6c811f detail=file-loaded-autoplay url=<URL_REDACTED>
[INFO] [runtime-heartbeat] t_ms=85330195 frame=4655 view=video player_state=loading media=1 return_home_pending=0 protocol_state=media-active owner=dlna generation=4 resource_desired=dlna-exclusive resource_applied=dlna-exclusive resource_transition=0 resource_failed=0 resource_age_ms=0 iptv_background=1,0 discovery_suspended=0 service_workers=0,0,0 service_age_ms=79812,79806,2514 media_queue=0 media_high=1 media_command=0 media_kind=0 media_producer=0 media_token=0 media_generation=0 media_command_age_ms=0 media_heartbeat_age_ms=4 media_full=0 media_stale=0 media_timeout=0 media_coalesced=0 media_accepting=1 media_lifecycle=0,1,0,1 log_queue=0 enqueued=852 processed=852 log_high=39 log_heartbeat_age_ms=5 log_waiting=1 queue_dropped=0 mirror_dropped=0 mirror_failures=0 mirror=1 worker=1 mdns_phase=stopped mdns_mode=0 mdns_running=0 mdns_suspended=0 ssdp_suspended=0 mdns_socket=0 mdns_heartbeat_age_ms=2516 mdns_select=46 mdns_recv=0 mdns_sent=4
[INFO] [network-heartbeat] threshold_ms=1500 mdns=fd:0,active:0,oldest:none/0,total:162,max:237,error:0/none,hb:2516,overflow:0,underflow:0 ssdp=fd:1,active:1,oldest:select/71,total:1138,max:103,error:0/none,hb:71,overflow:0,underflow:0 dlna-http=fd:1,active:1,oldest:select/82,total:1329,max:239,error:0/none,hb:82,overflow:0,underflow:0 airplay-control=fd:0,active:0,oldest:none/0,total:277,max:239,error:0/none,hb:2515,overflow:0,underflow:0 iptv-background=fd:0,active:0,oldest:none/0,total:0,max:0,error:0/none,hb:0,overflow:0,underflow:0
[INFO] [player-libmpv][vd] Using hardware decoding (nvtegra).
[INFO] [player-libmpv][cplayer] AO: [hos] 44100Hz stereo 2ch s16
[INFO] [player-libmpv][cplayer] VO: [libmpv] 1280x720 nvtegra[nv12]
[INFO] [soap] soap_call "AVTransport" "GetTransportInfo" <InstanceID>0</InstanceID>
[INFO] [soap] assert_http_200 service=AVTransport action=GetTransportInfo handler=avtransport_get_transport_info
[INFO] [soap] soap_call "AVTransport" "GetPositionInfo" <InstanceID>0</InstanceID>
[INFO] [soap] assert_http_200 service=AVTransport action=GetPositionInfo handler=avtransport_get_position_info
[INFO] [media-trace] seq=3 t_ms=3062 layer=libmpv action=mpv-playback-restart phase=event url_hash=3f6c811f detail=- url=<URL_REDACTED>
[INFO] [media-trace] seq=3 t_ms=3062 layer=libmpv action=startup-gate phase=seek-window url_hash=3f6c811f detail=open url=<URL_REDACTED>
[INFO] [media-trace] seq=3 t_ms=3417 layer=libmpv action=startup-gate phase=released url_hash=3f6c811f detail=initial-seek-window-expired url=<URL_REDACTED>
[INFO] [media-trace] seq=3 t_ms=3465 layer=render action=first-frame phase=presented url_hash=3f6c811f frame=4708 presented=4708
[INFO] [soap] soap_call "AVTransport" "GetPositionInfo" <InstanceID>0</InstanceID>
[INFO] [soap] assert_http_200 service=AVTransport action=GetPositionInfo handler=avtransport_get_position_info
[INFO] [soap] soap_call "AVTransport" "GetTransportInfo" <InstanceID>0</InstanceID>
[INFO] [soap] assert_http_200 service=AVTransport action=GetTransportInfo handler=avtransport_get_transport_info
[INFO] [soap] soap_call "AVTransport" "Seek" <InstanceID>0</InstanceID> <Unit>REL_TIME</Unit> <Target>0:00:00</Target>
[INFO] [media-trace] seq=3 t_ms=4063 layer=soap action=Seek phase=begin url_hash=3f6c811f detail=00:00:00 url=<URL_REDACTED>
[INFO] [media-trace] seq=3 t_ms=4063 layer=libmpv action=Seek phase=dispatch url_hash=3f6c811f detail=0.000 url=<URL_REDACTED>
[INFO] [media-trace] seq=3 t_ms=4063 layer=soap action=Seek phase=done url_hash=3f6c811f detail=00:00:00 url=<URL_REDACTED>
[INFO] [soap] assert_http_200 service=AVTransport action=Seek handler=avtransport_seek
[INFO] [runtime-heartbeat] t_ms=85332196 frame=4764 view=video player_state=seeking media=1 return_home_pending=0 protocol_state=media-active owner=dlna generation=4 resource_desired=dlna-exclusive resource_applied=dlna-exclusive resource_transition=0 resource_failed=0 resource_age_ms=0 iptv_background=1,0 discovery_suspended=0 service_workers=0,0,0 service_age_ms=81813,81807,4515 media_queue=0 media_high=1 media_command=0 media_kind=0 media_producer=0 media_token=0 media_generation=0 media_command_age_ms=0 media_heartbeat_age_ms=3 media_full=0 media_stale=0 media_timeout=0 media_coalesced=0 media_accepting=1 media_lifecycle=0,1,0,1 log_queue=0 enqueued=874 processed=874 log_high=39 log_heartbeat_age_ms=468 log_waiting=1 queue_dropped=0 mirror_dropped=0 mirror_failures=0 mirror=1 worker=1 mdns_phase=stopped mdns_mode=0 mdns_running=0 mdns_suspended=0 ssdp_suspended=0 mdns_socket=0 mdns_heartbeat_age_ms=4516 mdns_select=46 mdns_recv=0 mdns_sent=4
[INFO] [network-heartbeat] threshold_ms=1500 mdns=fd:0,active:0,oldest:none/0,total:162,max:237,error:0/none,hb:4516,overflow:0,underflow:0 ssdp=fd:1,active:1,oldest:select/69,total:1158,max:103,error:0/none,hb:69,overflow:0,underflow:0 dlna-http=fd:1,active:1,oldest:select/68,total:1367,max:239,error:0/none,hb:68,overflow:0,underflow:0 airplay-control=fd:0,active:0,oldest:none/0,total:277,max:239,error:0/none,hb:4515,overflow:0,underflow:0 iptv-background=fd:0,active:0,oldest:none/0,total:0,max:0,error:0/none,hb:0,overflow:0,underflow:0
[INFO] [soap] soap_call "AVTransport" "GetTransportInfo" <InstanceID>0</InstanceID>
[INFO] [soap] assert_http_200 service=AVTransport action=GetTransportInfo handler=avtransport_get_transport_info
[INFO] [soap] soap_call "AVTransport" "GetPositionInfo" <InstanceID>0</InstanceID>
[INFO] [soap] assert_http_200 service=AVTransport action=GetPositionInfo handler=avtransport_get_position_info
[INFO] [soap] soap_call "AVTransport" "GetPositionInfo" <InstanceID>0</InstanceID>
[INFO] [soap] assert_http_200 service=AVTransport action=GetPositionInfo handler=avtransport_get_position_info
[INFO] [soap] soap_call "AVTransport" "GetTransportInfo" <InstanceID>0</InstanceID>
[INFO] [soap] assert_http_200 service=AVTransport action=GetTransportInfo handler=avtransport_get_transport_info
[INFO] [media-trace] seq=3 t_ms=6305 layer=libmpv action=mpv-playback-restart phase=event url_hash=3f6c811f detail=- url=<URL_REDACTED>
[INFO] [runtime-heartbeat] t_ms=85334211 frame=4882 view=video player_state=playing media=1 return_home_pending=0 protocol_state=media-active owner=dlna generation=4 resource_desired=dlna-exclusive resource_applied=dlna-exclusive resource_transition=0 resource_failed=0 resource_age_ms=0 iptv_background=1,0 discovery_suspended=0 service_workers=0,0,0 service_age_ms=83828,83822,6530 media_queue=0 media_high=1 media_command=0 media_kind=0 media_producer=0 media_token=0 media_generation=0 media_command_age_ms=0 media_heartbeat_age_ms=3 media_full=0 media_stale=0 media_timeout=0 media_coalesced=0 media_accepting=1 media_lifecycle=0,1,0,1 log_queue=0 enqueued=885 processed=885 log_high=39 log_heartbeat_age_ms=242 log_waiting=1 queue_dropped=0 mirror_dropped=0 mirror_failures=0 mirror=1 worker=1 mdns_phase=stopped mdns_mode=0 mdns_running=0 mdns_suspended=0 ssdp_suspended=0 mdns_socket=0 mdns_heartbeat_age_ms=6531 mdns_select=46 mdns_recv=0 mdns_sent=4
[INFO] [network-heartbeat] threshold_ms=1500 mdns=fd:0,active:0,oldest:none/0,total:162,max:237,error:0/none,hb:6531,overflow:0,underflow:0 ssdp=fd:1,active:1,oldest:select/83,total:1178,max:103,error:0/none,hb:83,overflow:0,underflow:0 dlna-http=fd:1,active:1,oldest:select/97,total:1401,max:239,error:0/none,hb:97,overflow:0,underflow:0 airplay-control=fd:0,active:0,oldest:none/0,total:277,max:239,error:0/none,hb:6530,overflow:0,underflow:0 iptv-background=fd:0,active:0,oldest:none/0,total:0,max:0,error:0/none,hb:0,overflow:0,underflow:0
[INFO] [soap] soap_call "AVTransport" "GetTransportInfo" <InstanceID>0</InstanceID>
[INFO] [soap] assert_http_200 service=AVTransport action=GetTransportInfo handler=avtransport_get_transport_info
[INFO] [soap] soap_call "AVTransport" "GetPositionInfo" <InstanceID>0</InstanceID>
[INFO] [soap] assert_http_200 service=AVTransport action=GetPositionInfo handler=avtransport_get_position_info
[INFO] [soap] soap_call "AVTransport" "GetTransportInfo" <InstanceID>0</InstanceID>
[INFO] [soap] assert_http_200 service=AVTransport action=GetTransportInfo handler=avtransport_get_transport_info
[INFO] [soap] soap_call "AVTransport" "GetPositionInfo" <InstanceID>0</InstanceID>
[INFO] [soap] assert_http_200 service=AVTransport action=GetPositionInfo handler=avtransport_get_position_info
[INFO] [runtime-heartbeat] t_ms=85336237 frame=4967 view=video player_state=playing media=1 return_home_pending=0 protocol_state=media-active owner=dlna generation=4 resource_desired=dlna-exclusive resource_applied=dlna-exclusive resource_transition=0 resource_failed=0 resource_age_ms=0 iptv_background=1,0 discovery_suspended=0 service_workers=0,0,0 service_age_ms=85854,85848,8556 media_queue=0 media_high=1 media_command=0 media_kind=0 media_producer=0 media_token=0 media_generation=0 media_command_age_ms=0 media_heartbeat_age_ms=0 media_full=0 media_stale=0 media_timeout=0 media_coalesced=0 media_accepting=1 media_lifecycle=0,1,0,1 log_queue=0 enqueued=895 processed=895 log_high=39 log_heartbeat_age_ms=522 log_waiting=1 queue_dropped=0 mirror_dropped=0 mirror_failures=0 mirror=1 worker=1 mdns_phase=stopped mdns_mode=0 mdns_running=0 mdns_suspended=0 ssdp_suspended=0 mdns_socket=0 mdns_heartbeat_age_ms=8557 mdns_select=46 mdns_recv=0 mdns_sent=4
[INFO] [network-heartbeat] threshold_ms=1500 mdns=fd:0,active:0,oldest:none/0,total:162,max:237,error:0/none,hb:8557,overflow:0,underflow:0 ssdp=fd:1,active:1,oldest:select/6,total:1199,max:103,error:0/none,hb:6,overflow:0,underflow:0 dlna-http=fd:1,active:1,oldest:select/22,total:1437,max:239,error:0/none,hb:22,overflow:0,underflow:0 airplay-control=fd:0,active:0,oldest:none/0,total:277,max:239,error:0/none,hb:8556,overflow:0,underflow:0 iptv-background=fd:0,active:0,oldest:none/0,total:0,max:0,error:0/none,hb:0,overflow:0,underflow:0
[INFO] [soap] soap_call "AVTransport" "GetPositionInfo" <InstanceID>0</InstanceID>
[INFO] [soap] assert_http_200 service=AVTransport action=GetPositionInfo handler=avtransport_get_position_info
[INFO] [soap] soap_call "AVTransport" "GetTransportInfo" <InstanceID>0</InstanceID>
[INFO] [soap] assert_http_200 service=AVTransport action=GetTransportInfo handler=avtransport_get_transport_info
[INFO] [soap] soap_call "AVTransport" "GetTransportInfo" <InstanceID>0</InstanceID>
[INFO] [soap] assert_http_200 service=AVTransport action=GetTransportInfo handler=avtransport_get_transport_info
[INFO] [soap] soap_call "AVTransport" "GetPositionInfo" <InstanceID>0</InstanceID>
[INFO] [soap] assert_http_200 service=AVTransport action=GetPositionInfo handler=avtransport_get_position_info
[INFO] [runtime-heartbeat] t_ms=85338237 frame=5044 view=video player_state=playing media=1 return_home_pending=0 protocol_state=media-active owner=dlna generation=4 resource_desired=dlna-exclusive resource_applied=dlna-exclusive resource_transition=0 resource_failed=0 resource_age_ms=0 iptv_background=1,0 discovery_suspended=0 service_workers=0,0,0 service_age_ms=87854,87848,10556 media_queue=0 media_high=1 media_command=0 media_kind=0 media_producer=0 media_token=0 media_generation=0 media_command_age_ms=0 media_heartbeat_age_ms=0 media_full=0 media_stale=0 media_timeout=0 media_coalesced=0 media_accepting=1 media_lifecycle=0,1,0,1 log_queue=0 enqueued=905 processed=905 log_high=39 log_heartbeat_age_ms=522 log_waiting=1 queue_dropped=0 mirror_dropped=0 mirror_failures=0 mirror=1 worker=1 mdns_phase=stopped mdns_mode=0 mdns_running=0 mdns_suspended=0 ssdp_suspended=0 mdns_socket=0 mdns_heartbeat_age_ms=10557 mdns_select=46 mdns_recv=0 mdns_sent=4
[INFO] [network-heartbeat] threshold_ms=1500 mdns=fd:0,active:0,oldest:none/0,total:162,max:237,error:0/none,hb:10557,overflow:0,underflow:0 ssdp=fd:1,active:1,oldest:select/0,total:1219,max:103,error:0/none,hb:0,overflow:0,underflow:0 dlna-http=fd:1,active:1,oldest:select/22,total:1472,max:239,error:0/none,hb:22,overflow:0,underflow:0 airplay-control=fd:0,active:0,oldest:none/0,total:277,max:239,error:0/none,hb:10556,overflow:0,underflow:0 iptv-background=fd:0,active:0,oldest:none/0,total:0,max:0,error:0/none,hb:0,overflow:0,underflow:0
[INFO] [soap] soap_call "AVTransport" "GetPositionInfo" <InstanceID>0</InstanceID>
[INFO] [soap] assert_http_200 service=AVTransport action=GetPositionInfo handler=avtransport_get_position_info
[INFO] [soap] soap_call "AVTransport" "GetTransportInfo" <InstanceID>0</InstanceID>
[INFO] [soap] assert_http_200 service=AVTransport action=GetTransportInfo handler=avtransport_get_transport_info
[INFO] [soap] soap_call "AVTransport" "GetTransportInfo" <InstanceID>0</InstanceID>
[INFO] [soap] assert_http_200 service=AVTransport action=GetTransportInfo handler=avtransport_get_transport_info
[INFO] [soap] soap_call "AVTransport" "GetPositionInfo" <InstanceID>0</InstanceID>
[INFO] [soap] assert_http_200 service=AVTransport action=GetPositionInfo handler=avtransport_get_position_info
[INFO] [runtime-heartbeat] t_ms=85340238 frame=5120 view=video player_state=playing media=1 return_home_pending=0 protocol_state=media-active owner=dlna generation=4 resource_desired=dlna-exclusive resource_applied=dlna-exclusive resource_transition=0 resource_failed=0 resource_age_ms=0 iptv_background=1,0 discovery_suspended=0 service_workers=0,0,0 service_age_ms=89855,89849,12557 media_queue=0 media_high=1 media_command=0 media_kind=0 media_producer=0 media_token=0 media_generation=0 media_command_age_ms=0 media_heartbeat_age_ms=9 media_full=0 media_stale=0 media_timeout=0 media_coalesced=0 media_accepting=1 media_lifecycle=0,1,0,1 log_queue=0 enqueued=915 processed=915 log_high=39 log_heartbeat_age_ms=526 log_waiting=1 queue_dropped=0 mirror_dropped=0 mirror_failures=0 mirror=1 worker=1 mdns_phase=stopped mdns_mode=0 mdns_running=0 mdns_suspended=0 ssdp_suspended=0 mdns_socket=0 mdns_heartbeat_age_ms=12558 mdns_select=46 mdns_recv=0 mdns_sent=4
[INFO] [network-heartbeat] threshold_ms=1500 mdns=fd:0,active:0,oldest:none/0,total:162,max:237,error:0/none,hb:12558,overflow:0,underflow:0 ssdp=fd:1,active:1,oldest:select/94,total:1238,max:103,error:0/none,hb:94,overflow:0,underflow:0 dlna-http=fd:1,active:1,oldest:select/25,total:1507,max:239,error:0/none,hb:25,overflow:0,underflow:0 airplay-control=fd:0,active:0,oldest:none/0,total:277,max:239,error:0/none,hb:12557,overflow:0,underflow:0 iptv-background=fd:0,active:0,oldest:none/0,total:0,max:0,error:0/none,hb:0,overflow:0,underflow:0
[INFO] [soap] soap_call "AVTransport" "Stop" <InstanceID>0</InstanceID>
[INFO] [media-trace] seq=3 t_ms=12638 layer=soap action=Stop phase=begin url_hash=3f6c811f detail=- url=<URL_REDACTED>
[INFO] [media-trace] seq=3 t_ms=12638 layer=player action=Stop phase=backend-call-begin url_hash=3f6c811f detail=-
[INFO] [media-trace] seq=3 t_ms=12638 layer=libmpv action=Stop phase=mutex-wait url_hash=3f6c811f detail=- url=<URL_REDACTED>
[INFO] [media-trace] seq=3 t_ms=12638 layer=libmpv action=Stop phase=mutex-acquired url_hash=3f6c811f detail=- url=<URL_REDACTED>
[INFO] [media-trace] seq=3 t_ms=12638 layer=libmpv action=Stop phase=dispatch url_hash=3f6c811f detail=- url=<URL_REDACTED>
[INFO] [media-trace] seq=3 t_ms=12638 layer=player action=Stop phase=backend-call-done url_hash=3f6c811f detail=ok
[INFO] [media-trace] seq=3 t_ms=12638 layer=player action=Stop phase=snapshot-refresh-begin url_hash=3f6c811f detail=-
[INFO] [media-trace] seq=3 t_ms=12638 layer=player action=Stop phase=snapshot-refresh-done url_hash=3f6c811f detail=-
[INFO] [media-trace] seq=3 t_ms=12638 layer=player action=Stop phase=backend-wakeup-begin url_hash=3f6c811f detail=-
[INFO] [media-trace] seq=3 t_ms=12638 layer=player action=Stop phase=backend-wakeup-done url_hash=3f6c811f detail=-
[INFO] [protocol-coordinator] event=release action=release owner=dlna token=1 generation=4 reason=completed
[INFO] [media-trace] seq=3 t_ms=12638 layer=soap action=Stop phase=done url_hash=3f6c811f detail=- url=<URL_REDACTED>
[INFO] [soap] assert_http_200 service=AVTransport action=Stop handler=avtransport_stop
[INFO] [protocol-coordinator] revision=38->41 state=media-active->ready iptv=running->running dlna=running->running airplay=stopped->stopped owner=dlna->none token=0 generation=0 pin_visible=0 resource=dlna-exclusive->dlna-exclusive desired=home transition=1 failed=0 discovery_suspended=0->0 airplay_running=0 airplay_starting=0 status=none
[INFO] [airplay] t_ms=85340309 integration stage=ed25519 begin
[INFO] [airplay] t_ms=85340309 integration stage=ed25519 done
[INFO] [airplay] t_ms=85340309 integration stage=mirror-runtime begin
[INFO] [airplay] t_ms=85340309 integration stage=mirror-runtime done
[INFO] [airplay] t_ms=85340309 integration stage=remote-video begin
[INFO] [airplay] t_ms=85340309 integration stage=remote-video done
[INFO] [airplay] t_ms=85340309 integration stage=receiver begin
[INFO] [airplay] t_ms=85340309 receiver stage=pairing-identity begin
[INFO] [protocol-coordinator] revision=41->42 state=ready->ready iptv=running->running dlna=running->running airplay=stopped->starting owner=none->none token=0 generation=0 pin_visible=0 resource=dlna-exclusive->dlna-exclusive desired=home transition=1 failed=0 discovery_suspended=0->0 airplay_running=0 airplay_starting=0 status=none
[INFO] [airplay] t_ms=85340318 receiver stage=pairing-identity done
[INFO] [airplay] t_ms=85340318 receiver stage=dns-sd-txt begin
[INFO] [airplay] t_ms=85340318 receiver stage=dns-sd-txt done
[INFO] [airplay] t_ms=85340318 receiver stage=handlers begin
[INFO] [airplay] t_ms=85340318 handlers stage=validate begin
[INFO] [airplay] t_ms=85340318 handlers stage=validate done
[INFO] [airplay] t_ms=85340318 handlers stage=allocate begin bytes=792
[INFO] [airplay] t_ms=85340318 handlers stage=allocate done
[INFO] [airplay] t_ms=85340318 handlers stage=copy begin txt_bytes=214
[INFO] [airplay] t_ms=85340318 handlers stage=copy done
[INFO] [airplay] t_ms=85340318 receiver stage=handlers done
[INFO] [airplay] t_ms=85340318 receiver stage=control-server begin
[INFO] [airplay-server] listening on :7000
[INFO] [airplay] t_ms=85340319 receiver stage=control-server done port=7000
[INFO] [airplay] t_ms=85340319 receiver stage=lifecycle begin
[INFO] [airplay] t_ms=85340319 receiver stage=lifecycle done
[INFO] [airplay] t_ms=85340319 receiver stage=mdns begin
[INFO] [airplay] t_ms=85340319 mdns stage=local-address begin
[INFO] [airplay] t_ms=85340319 mdns stage=local-address done
[INFO] [airplay-mdns] local-address=<IP_REDACTED>
[INFO] [airplay] t_ms=85340319 mdns stage=service-record begin
[INFO] [airplay] t_ms=85340319 mdns stage=service-record done
[INFO] [airplay] t_ms=85340319 mdns stage=socket begin
[INFO] [airplay] t_ms=85340319 mdns socket stage=create begin
[INFO] [airplay] t_ms=85340319 mdns socket stage=create done fd=8
[INFO] [airplay] t_ms=85340319 mdns socket stage=bind begin port=5353
[INFO] [airplay] t_ms=85340319 mdns socket stage=bind done
[INFO] [airplay] t_ms=85340319 mdns socket stage=multicast-join begin
[INFO] [airplay] t_ms=85340320 mdns socket stage=multicast-join done
[INFO] [airplay] t_ms=85340320 mdns stage=socket done
[INFO] [airplay] t_ms=85340320 mdns stage=thread begin
[INFO] [airplay] t_ms=85340320 mdns thread-create begin stack=65536
[INFO] [airplay] t_ms=85340320 mdns thread-create done rc=0x00000000
[INFO] [airplay] t_ms=85340320 mdns thread-start begin
[INFO] [airplay] t_ms=85340320 mdns worker entered
[INFO] [airplay] t_ms=85340320 mdns worker mode=0 priority=0x2b
[INFO] [airplay] t_ms=85340320 mdns worker announce begin
[INFO] [airplay] t_ms=85340320 mdns thread-start done rc=0x00000000
[INFO] [airplay] t_ms=85340320 mdns stage=thread done
[INFO] [airplay-mdns] started airplay=NX-Cast raop=<IDENTIFIER_REDACTED>@NX-Cast port=7000 features=0x5A7FFEE6,0x0
[INFO] [airplay-mdns] started airplay=NX-Cast raop=<IDENTIFIER_REDACTED>@NX-Cast port=7000 features=0x5A7FFEE6,0x0
[INFO] [airplay] t_ms=85340320 receiver stage=mdns done
[INFO] [airplay] t_ms=85340320 integration stage=receiver done
[INFO] [airplay] integration started port=7000 discovery=1
[INFO] [iptv] background-network suspended=0 quiesced=1
[INFO] [airplay] t_ms=85340320 mdns worker announce done
[INFO] [protocol-coordinator] revision=42->45 state=ready->ready iptv=running->running dlna=running->running airplay=starting->running owner=none->none token=0 generation=0 pin_visible=0 resource=dlna-exclusive->home desired=home transition=0 failed=0 discovery_suspended=0->0 airplay_running=1 airplay_starting=0 status=Ready for AirPlay video
[INFO] [player-libmpv] end-file uri=<URL_REDACTED> reason=stop error=success
[INFO] [media-trace] seq=3 t_ms=12671 layer=libmpv action=mpv-end-file phase=event url_hash=3f6c811f detail=stop url=<URL_REDACTED>
[INFO] [player-view] desired_view=home state=STOPPED has_media=1 uri=<URL_REDACTED>
[INFO] [player-view] active_view=home frame=5210
[INFO] [input] active_view=home state=stopped media=1 snapshot=1
[INFO] [runtime-heartbeat] t_ms=85342245 frame=5240 view=home player_state=stopped media=1 return_home_pending=0 protocol_state=ready owner=none generation=0 resource_desired=home resource_applied=home resource_transition=0 resource_failed=0 resource_age_ms=0 iptv_background=0,0 discovery_suspended=0 service_workers=0,0,0 service_age_ms=91862,91856,1925 media_queue=0 media_high=1 media_command=0 media_kind=0 media_producer=0 media_token=0 media_generation=0 media_command_age_ms=0 media_heartbeat_age_ms=3 media_full=0 media_stale=0 media_timeout=0 media_coalesced=0 media_accepting=1 media_lifecycle=0,1,0,1 log_queue=0 enqueued=993 processed=993 log_high=39 log_heartbeat_age_ms=466 log_waiting=1 queue_dropped=0 mirror_dropped=0 mirror_failures=0 mirror=1 worker=1 mdns_phase=waiting mdns_mode=0 mdns_running=1 mdns_suspended=0 ssdp_suspended=0 mdns_socket=1 mdns_heartbeat_age_ms=125 mdns_select=9 mdns_recv=0 mdns_sent=2
[INFO] [network-heartbeat] threshold_ms=1500 mdns=fd:1,active:1,oldest:select/125,total:177,max:237,error:0/none,hb:125,overflow:0,underflow:0 ssdp=fd:1,active:1,oldest:select/97,total:1270,max:103,error:0/none,hb:97,overflow:0,underflow:0 dlna-http=fd:1,active:1,oldest:select/42,total:1530,max:239,error:0/none,hb:42,overflow:0,underflow:0 airplay-control=fd:1,active:1,oldest:select/27,total:298,max:239,error:0/none,hb:27,overflow:0,underflow:0 iptv-background=fd:0,active:0,oldest:none/0,total:0,max:0,error:0/none,hb:0,overflow:0,underflow:0
[INFO] [ssdp] send packet to <IP_REDACTED>:2843 st=upnp:rootdevice bytes=283
[INFO] [ssdp] send packet to <IP_REDACTED>:2843 st=upnp:rootdevice bytes=283
[INFO] [ssdp] send packet to <IP_REDACTED>:2843 st=upnp:rootdevice bytes=283
[INFO] [runtime-heartbeat] t_ms=85344245 frame=5360 view=home player_state=stopped media=1 return_home_pending=0 protocol_state=ready owner=none generation=0 resource_desired=home resource_applied=home resource_transition=0 resource_failed=0 resource_age_ms=0 iptv_background=0,0 discovery_suspended=0 service_workers=0,0,0 service_age_ms=93862,93856,3925 media_queue=0 media_high=1 media_command=0 media_kind=0 media_producer=0 media_token=0 media_generation=0 media_command_age_ms=0 media_heartbeat_age_ms=2 media_full=0 media_stale=0 media_timeout=0 media_coalesced=0 media_accepting=1 media_lifecycle=0,1,0,1 log_queue=0 enqueued=998 processed=998 log_high=39 log_heartbeat_age_ms=1329 log_waiting=1 queue_dropped=0 mirror_dropped=0 mirror_failures=0 mirror=1 worker=1 mdns_phase=waiting mdns_mode=0 mdns_running=1 mdns_suspended=0 ssdp_suspended=0 mdns_socket=1 mdns_heartbeat_age_ms=125 mdns_select=19 mdns_recv=0 mdns_sent=2
[INFO] [network-heartbeat] threshold_ms=1500 mdns=fd:1,active:1,oldest:select/125,total:187,max:237,error:0/none,hb:125,overflow:0,underflow:0 ssdp=fd:1,active:1,oldest:select/28,total:1299,max:103,error:0/none,hb:28,overflow:0,underflow:0 dlna-http=fd:1,active:1,oldest:select/41,total:1550,max:239,error:0/none,hb:41,overflow:0,underflow:0 airplay-control=fd:1,active:1,oldest:select/26,total:318,max:239,error:0/none,hb:26,overflow:0,underflow:0 iptv-background=fd:0,active:0,oldest:none/0,total:0,max:0,error:0/none,hb:0,overflow:0,underflow:0
[INFO] [soap] soap_call "AVTransport" "SetAVTransportURI" <InstanceID>0</InstanceID> <CurrentURI><URL_REDACTED></CurrentURI>
[INFO] [media-trace] seq=4 t_ms=0 action=SetAVTransportURI phase=begin url_hash=9a486157 metadata_bytes=2160 url=<URL_REDACTED>
[INFO] [media-trace] seq=4 t_ms=0 layer=soap action=SetAVTransportURI phase=dispatch instance=0 url_hash=9a486157 url=<URL_REDACTED>
[INFO] [protocol-coordinator] event=claim previous_owner=none previous_token=0 previous_generation=0 owner=dlna token=1 generation=5
[INFO] [protocol-coordinator] revision=45->48 state=ready->media-active iptv=running->running dlna=running->running airplay=running->running owner=none->dlna token=1 generation=5 pin_visible=0 resource=home->home desired=dlna-exclusive transition=1 failed=0 discovery_suspended=0->0 airplay_running=1 airplay_starting=0 status=Ready for AirPlay video
[INFO] [iptv] background-network suspended=1 quiesced=1
[INFO] [protocol-coordinator] event=reject action=validate owner=none token=0 generation=0 current_owner=dlna current_token=1 current_generation=5 reason=stale-lease
[INFO] [protocol-coordinator] event=reject action=validate owner=none token=0 generation=0 current_owner=dlna current_token=1 current_generation=5 reason=stale-lease
[INFO] [media-trace] seq=4 t_ms=18 layer=player action=set_media phase=begin url_hash=9a486157 url=<URL_REDACTED>
[INFO] [media-trace] seq=4 t_ms=18 layer=libmpv action=set_media phase=begin url_hash=9a486157 detail=- url=<URL_REDACTED>
[INFO] [media-trace] seq=4 t_ms=18 layer=libmpv action=set_media phase=mutex-wait url_hash=9a486157 detail=- url=<URL_REDACTED>
[INFO] [media-trace] seq=4 t_ms=18 layer=libmpv action=set_media phase=mutex-acquired url_hash=9a486157 detail=- url=<URL_REDACTED>
[INFO] [media-trace] seq=4 t_ms=18 layer=libmpv action=loadfile phase=dispatch url_hash=9a486157 detail=paused=1 profile=direct-mp4-fast url=<URL_REDACTED>
[INFO] [media-trace] seq=4 t_ms=18 layer=libmpv action=loadfile phase=queued url_hash=9a486157 detail=paused=1 profile=direct-mp4-fast url=<URL_REDACTED>
[INFO] [media-trace] seq=4 t_ms=18 layer=libmpv action=set_media phase=done url_hash=9a486157 detail=- url=<URL_REDACTED>
[INFO] [media-trace] seq=4 t_ms=18 layer=player action=set_media phase=done url_hash=9a486157 url=<URL_REDACTED>
[INFO] [media-trace] seq=4 t_ms=18 layer=libmpv action=mpv-start-file phase=event url_hash=9a486157 detail=- url=<URL_REDACTED>
[INFO] [player-libmpv] start-file uri=<URL_REDACTED>
[INFO] [media-trace] seq=4 t_ms=18 layer=soap action=SetAVTransportURI phase=done url_hash=9a486157 url=<URL_REDACTED>
[INFO] [soap] assert_http_200 service=AVTransport action=SetAVTransportURI handler=avtransport_set_uri
[INFO] [protocol-coordinator] revision=48->51 state=media-active->media-active iptv=running->running dlna=running->running airplay=running->stopped owner=dlna->dlna token=1 generation=5 pin_visible=0 resource=home->dlna-exclusive desired=dlna-exclusive transition=0 failed=0 discovery_suspended=0->0 airplay_running=0 airplay_starting=0 status=none
[INFO] [player-view] desired_view=video state=LOADING has_media=1 uri=<URL_REDACTED>
[INFO] [player-view] active_view=video frame=5369
[INFO] [input] active_view=video state=loading media=1 snapshot=1
[INFO] [soap] soap_call "AVTransport" "Play" <InstanceID>0</InstanceID> <Speed>1</Speed>
[INFO] [media-trace] seq=4 t_ms=37 layer=soap action=Play phase=begin url_hash=9a486157 detail=1 url=<URL_REDACTED>
[INFO] [media-trace] seq=4 t_ms=37 layer=player action=Play phase=backend-call-begin url_hash=9a486157 detail=-
[INFO] [media-trace] seq=4 t_ms=37 layer=libmpv action=Play phase=mutex-wait url_hash=9a486157 detail=- url=<URL_REDACTED>
[INFO] [media-trace] seq=4 t_ms=37 layer=libmpv action=Play phase=mutex-acquired url_hash=9a486157 detail=- url=<URL_REDACTED>
[INFO] [media-trace] seq=4 t_ms=37 layer=libmpv action=Play phase=deferred url_hash=9a486157 detail=waiting-file-loaded url=<URL_REDACTED>
[INFO] [media-trace] seq=4 t_ms=37 layer=player action=Play phase=backend-call-done url_hash=9a486157 detail=ok
[INFO] [media-trace] seq=4 t_ms=37 layer=player action=Play phase=snapshot-refresh-begin url_hash=9a486157 detail=-
[INFO] [media-trace] seq=4 t_ms=37 layer=player action=Play phase=snapshot-refresh-done url_hash=9a486157 detail=-
[INFO] [media-trace] seq=4 t_ms=37 layer=player action=Play phase=backend-wakeup-begin url_hash=9a486157 detail=-
[INFO] [media-trace] seq=4 t_ms=37 layer=player action=Play phase=backend-wakeup-done url_hash=9a486157 detail=-
[INFO] [media-trace] seq=4 t_ms=37 layer=soap action=Play phase=done url_hash=9a486157 detail=1 url=<URL_REDACTED>
[INFO] [soap] assert_http_200 service=AVTransport action=Play handler=avtransport_play
[INFO] [soap] soap_call "AVTransport" "GetTransportInfo" <InstanceID>0</InstanceID>
[INFO] [soap] assert_http_200 service=AVTransport action=GetTransportInfo handler=avtransport_get_transport_info
[INFO] [soap] soap_call "AVTransport" "GetPositionInfo" <InstanceID>0</InstanceID>
[INFO] [soap] assert_http_200 service=AVTransport action=GetPositionInfo handler=avtransport_get_position_info
[INFO] [player-libmpv][cplayer]  (+) Video --vid=1 (*) (h264 1280x720 30.000fps)
[INFO] [player-libmpv][cplayer]  (+) Audio --aid=1 (*) (aac 2ch 44100Hz)
[INFO] [player-libmpv][display-tags] File tags:
[INFO] [player-libmpv][display-tags]  Description: Packed by Bilibili XCoder v2.0.2
[INFO] [media-trace] seq=4 t_ms=262 layer=libmpv action=mpv-file-loaded phase=event url_hash=9a486157 detail=- url=<URL_REDACTED>
[INFO] [player-libmpv] file-loaded uri=<URL_REDACTED>
[INFO] [media-trace] seq=4 t_ms=262 layer=libmpv action=Play phase=dispatch url_hash=9a486157 detail=file-loaded-autoplay url=<URL_REDACTED>
[INFO] [ssdp] send packet to <IP_REDACTED>:11308 st=upnp:rootdevice bytes=283
[INFO] [player-libmpv][vd] Using hardware decoding (nvtegra).
[INFO] [ssdp] send packet to <IP_REDACTED>:11308 st=upnp:rootdevice bytes=283
[INFO] [ssdp] send packet to <IP_REDACTED>:11308 st=upnp:rootdevice bytes=283
[INFO] [player-libmpv][cplayer] AO: [hos] 44100Hz stereo 2ch s16
[INFO] [player-libmpv][cplayer] VO: [libmpv] 1280x720 nvtegra[nv12]
[INFO] [media-trace] seq=4 t_ms=493 layer=libmpv action=mpv-playback-restart phase=event url_hash=9a486157 detail=- url=<URL_REDACTED>
[INFO] [media-trace] seq=4 t_ms=493 layer=libmpv action=startup-gate phase=seek-window url_hash=9a486157 detail=open url=<URL_REDACTED>
[INFO] [media-trace] seq=4 t_ms=848 layer=libmpv action=startup-gate phase=released url_hash=9a486157 detail=initial-seek-window-expired url=<URL_REDACTED>
[INFO] [media-trace] seq=4 t_ms=883 layer=render action=first-frame phase=presented url_hash=9a486157 frame=5418 presented=5418
[INFO] [soap] soap_call "AVTransport" "GetTransportInfo" <InstanceID>0</InstanceID>
[INFO] [soap] assert_http_200 service=AVTransport action=GetTransportInfo handler=avtransport_get_transport_info
[INFO] [soap] soap_call "AVTransport" "GetPositionInfo" <InstanceID>0</InstanceID>
[INFO] [soap] assert_http_200 service=AVTransport action=GetPositionInfo handler=avtransport_get_position_info
[INFO] [runtime-heartbeat] t_ms=85346250 frame=5452 view=video player_state=playing media=1 return_home_pending=0 protocol_state=media-active owner=dlna generation=5 resource_desired=dlna-exclusive resource_applied=dlna-exclusive resource_transition=0 resource_failed=0 resource_age_ms=0 iptv_background=1,0 discovery_suspended=0 service_workers=0,0,0 service_age_ms=95867,95861,1853 media_queue=0 media_high=1 media_command=0 media_kind=0 media_producer=0 media_token=0 media_generation=0 media_command_age_ms=0 media_heartbeat_age_ms=7 media_full=0 media_stale=0 media_timeout=0 media_coalesced=0 media_accepting=1 media_lifecycle=0,1,0,1 log_queue=0 enqueued=1062 processed=1062 log_high=39 log_heartbeat_age_ms=819 log_waiting=1 queue_dropped=0 mirror_dropped=0 mirror_failures=0 mirror=1 worker=1 mdns_phase=stopped mdns_mode=0 mdns_running=0 mdns_suspended=0 ssdp_suspended=0 mdns_socket=0 mdns_heartbeat_age_ms=1853 mdns_select=21 mdns_recv=0 mdns_sent=4
[INFO] [network-heartbeat] threshold_ms=1500 mdns=fd:0,active:0,oldest:none/0,total:190,max:237,error:0/none,hb:1853,overflow:0,underflow:0 ssdp=fd:1,active:1,oldest:select/89,total:1327,max:103,error:0/none,hb:89,overflow:0,underflow:0 dlna-http=fd:1,active:1,oldest:select/19,total:1592,max:239,error:0/none,hb:19,overflow:0,underflow:0 airplay-control=fd:0,active:0,oldest:none/0,total:319,max:239,error:0/none,hb:1853,overflow:0,underflow:0 iptv-background=fd:0,active:0,oldest:none/0,total:0,max:0,error:0/none,hb:0,overflow:0,underflow:0
[INFO] [soap] soap_call "AVTransport" "GetTransportInfo" <InstanceID>0</InstanceID>
[INFO] [soap] assert_http_200 service=AVTransport action=GetTransportInfo handler=avtransport_get_transport_info
[INFO] [soap] soap_call "AVTransport" "GetPositionInfo" <InstanceID>0</InstanceID>
[INFO] [soap] assert_http_200 service=AVTransport action=GetPositionInfo handler=avtransport_get_position_info
[INFO] [soap] soap_call "AVTransport" "Seek" <InstanceID>0</InstanceID> <Unit>REL_TIME</Unit> <Target>0:00:05</Target>
[INFO] [media-trace] seq=4 t_ms=2138 layer=soap action=Seek phase=begin url_hash=9a486157 detail=00:00:05 url=<URL_REDACTED>
[INFO] [media-trace] seq=4 t_ms=2139 layer=libmpv action=Seek phase=dispatch url_hash=9a486157 detail=5.000 url=<URL_REDACTED>
[INFO] [media-trace] seq=4 t_ms=2139 layer=soap action=Seek phase=done url_hash=9a486157 detail=00:00:05 url=<URL_REDACTED>
[INFO] [soap] assert_http_200 service=AVTransport action=Seek handler=avtransport_seek
[INFO] [media-trace] seq=4 t_ms=2171 layer=libmpv action=mpv-playback-restart phase=event url_hash=9a486157 detail=- url=<URL_REDACTED>
[INFO] [soap] soap_call "AVTransport" "GetPositionInfo" <InstanceID>0</InstanceID>
[INFO] [soap] assert_http_200 service=AVTransport action=GetPositionInfo handler=avtransport_get_position_info
[INFO] [soap] soap_call "AVTransport" "GetTransportInfo" <InstanceID>0</InstanceID>
[INFO] [soap] assert_http_200 service=AVTransport action=GetTransportInfo handler=avtransport_get_transport_info
[INFO] [runtime-heartbeat] t_ms=85348255 frame=5514 view=video player_state=playing media=1 return_home_pending=0 protocol_state=media-active owner=dlna generation=5 resource_desired=dlna-exclusive resource_applied=dlna-exclusive resource_transition=0 resource_failed=0 resource_age_ms=0 iptv_background=1,0 discovery_suspended=0 service_workers=0,0,0 service_age_ms=97872,97866,3858 media_queue=0 media_high=1 media_command=0 media_kind=0 media_producer=0 media_token=0 media_generation=0 media_command_age_ms=0 media_heartbeat_age_ms=0 media_full=0 media_stale=0 media_timeout=0 media_coalesced=0 media_accepting=1 media_lifecycle=0,1,0,1 log_queue=0 enqueued=1078 processed=1078 log_high=39 log_heartbeat_age_ms=820 log_waiting=1 queue_dropped=0 mirror_dropped=0 mirror_failures=0 mirror=1 worker=1 mdns_phase=stopped mdns_mode=0 mdns_running=0 mdns_suspended=0 ssdp_suspended=0 mdns_socket=0 mdns_heartbeat_age_ms=3858 mdns_select=21 mdns_recv=0 mdns_sent=4
[INFO] [network-heartbeat] threshold_ms=1500 mdns=fd:0,active:0,oldest:none/0,total:190,max:237,error:0/none,hb:3858,overflow:0,underflow:0 ssdp=fd:1,active:1,oldest:select/92,total:1347,max:103,error:0/none,hb:92,overflow:0,underflow:0 dlna-http=fd:1,active:1,oldest:select/19,total:1632,max:239,error:0/none,hb:19,overflow:0,underflow:0 airplay-control=fd:0,active:0,oldest:none/0,total:319,max:239,error:0/none,hb:3858,overflow:0,underflow:0 iptv-background=fd:0,active:0,oldest:none/0,total:0,max:0,error:0/none,hb:0,overflow:0,underflow:0
[INFO] [soap] soap_call "AVTransport" "GetTransportInfo" <InstanceID>0</InstanceID>
[INFO] [soap] assert_http_200 service=AVTransport action=GetTransportInfo handler=avtransport_get_transport_info
[INFO] [soap] soap_call "AVTransport" "GetPositionInfo" <InstanceID>0</InstanceID>
[INFO] [soap] assert_http_200 service=AVTransport action=GetPositionInfo handler=avtransport_get_position_info
[INFO] [soap] soap_call "AVTransport" "GetPositionInfo" <InstanceID>0</InstanceID>
[INFO] [soap] assert_http_200 service=AVTransport action=GetPositionInfo handler=avtransport_get_position_info
[INFO] [soap] soap_call "AVTransport" "GetTransportInfo" <InstanceID>0</InstanceID>
[INFO] [soap] assert_http_200 service=AVTransport action=GetTransportInfo handler=avtransport_get_transport_info
[INFO] [runtime-heartbeat] t_ms=85350284 frame=5575 view=video player_state=playing media=1 return_home_pending=0 protocol_state=media-active owner=dlna generation=5 resource_desired=dlna-exclusive resource_applied=dlna-exclusive resource_transition=0 resource_failed=0 resource_age_ms=0 iptv_background=1,0 discovery_suspended=0 service_workers=0,0,0 service_age_ms=99901,99895,5887 media_queue=0 media_high=1 media_command=0 media_kind=0 media_producer=0 media_token=0 media_generation=0 media_command_age_ms=0 media_heartbeat_age_ms=1 media_full=0 media_stale=0 media_timeout=0 media_coalesced=0 media_accepting=1 media_lifecycle=0,1,0,1 log_queue=0 enqueued=1088 processed=1088 log_high=39 log_heartbeat_age_ms=825 log_waiting=1 queue_dropped=0 mirror_dropped=0 mirror_failures=0 mirror=1 worker=1 mdns_phase=stopped mdns_mode=0 mdns_running=0 mdns_suspended=0 ssdp_suspended=0 mdns_socket=0 mdns_heartbeat_age_ms=5887 mdns_select=21 mdns_recv=0 mdns_sent=4
[INFO] [network-heartbeat] threshold_ms=1500 mdns=fd:0,active:0,oldest:none/0,total:190,max:237,error:0/none,hb:5887,overflow:0,underflow:0 ssdp=fd:1,active:1,oldest:select/97,total:1449,max:103,error:0/none,hb:97,overflow:0,underflow:0 dlna-http=fd:1,active:1,oldest:select/24,total:1668,max:239,error:0/none,hb:24,overflow:0,underflow:0 airplay-control=fd:0,active:0,oldest:none/0,total:319,max:239,error:0/none,hb:5887,overflow:0,underflow:0 iptv-background=fd:0,active:0,oldest:none/0,total:0,max:0,error:0/none,hb:0,overflow:0,underflow:0
[INFO] [soap] soap_call "AVTransport" "GetTransportInfo" <InstanceID>0</InstanceID>
[INFO] [soap] assert_http_200 service=AVTransport action=GetTransportInfo handler=avtransport_get_transport_info
[INFO] [soap] soap_call "AVTransport" "GetPositionInfo" <InstanceID>0</InstanceID>
[INFO] [soap] assert_http_200 service=AVTransport action=GetPositionInfo handler=avtransport_get_position_info
[INFO] [ssdp] send packet to <IP_REDACTED>:11944 st=upnp:rootdevice bytes=283
[INFO] [ssdp] send packet to <IP_REDACTED>:11944 st=upnp:rootdevice bytes=283
[INFO] [ssdp] send packet to <IP_REDACTED>:11944 st=upnp:rootdevice bytes=283
[INFO] [soap] soap_call "AVTransport" "GetTransportInfo" <InstanceID>0</InstanceID>
[INFO] [soap] assert_http_200 service=AVTransport action=GetTransportInfo handler=avtransport_get_transport_info
[INFO] [soap] soap_call "AVTransport" "GetPositionInfo" <InstanceID>0</InstanceID>
[INFO] [soap] assert_http_200 service=AVTransport action=GetPositionInfo handler=avtransport_get_position_info
[INFO] [runtime-heartbeat] t_ms=85352284 frame=5635 view=video player_state=playing media=1 return_home_pending=0 protocol_state=media-active owner=dlna generation=5 resource_desired=dlna-exclusive resource_applied=dlna-exclusive resource_transition=0 resource_failed=0 resource_age_ms=0 iptv_background=1,0 discovery_suspended=0 service_workers=0,0,0 service_age_ms=101901,101895,7887 media_queue=0 media_high=1 media_command=0 media_kind=0 media_producer=0 media_token=0 media_generation=0 media_command_age_ms=0 media_heartbeat_age_ms=9 media_full=0 media_stale=0 media_timeout=0 media_coalesced=0 media_accepting=1 media_lifecycle=0,1,0,1 log_queue=0 enqueued=1101 processed=1101 log_high=39 log_heartbeat_age_ms=854 log_waiting=1 queue_dropped=0 mirror_dropped=0 mirror_failures=0 mirror=1 worker=1 mdns_phase=stopped mdns_mode=0 mdns_running=0 mdns_suspended=0 ssdp_suspended=0 mdns_socket=0 mdns_heartbeat_age_ms=7888 mdns_select=21 mdns_recv=0 mdns_sent=4
[INFO] [network-heartbeat] threshold_ms=1500 mdns=fd:0,active:0,oldest:none/0,total:190,max:237,error:0/none,hb:7888,overflow:0,underflow:0 ssdp=fd:1,active:1,oldest:select/75,total:1480,max:103,error:0/none,hb:75,overflow:0,underflow:0 dlna-http=fd:1,active:1,oldest:select/53,total:1703,max:239,error:0/none,hb:53,overflow:0,underflow:0 airplay-control=fd:0,active:0,oldest:none/0,total:319,max:239,error:0/none,hb:7888,overflow:0,underflow:0 iptv-background=fd:0,active:0,oldest:none/0,total:0,max:0,error:0/none,hb:0,overflow:0,underflow:0
[INFO] [soap] soap_call "AVTransport" "GetTransportInfo" <InstanceID>0</InstanceID>
[INFO] [soap] assert_http_200 service=AVTransport action=GetTransportInfo handler=avtransport_get_transport_info
[INFO] [soap] soap_call "AVTransport" "GetPositionInfo" <InstanceID>0</InstanceID>
[INFO] [soap] assert_http_200 service=AVTransport action=GetPositionInfo handler=avtransport_get_position_info
[INFO] [ssdp] send packet to <IP_REDACTED>:10265 st=upnp:rootdevice bytes=283
[INFO] [ssdp] send packet to <IP_REDACTED>:10265 st=upnp:rootdevice bytes=283
[INFO] [ssdp] send packet to <IP_REDACTED>:10265 st=upnp:rootdevice bytes=283
[INFO] [scpd] served path=/description.xml bytes=2696 template=Description.xml
[INFO] [scpd] served path=/dlna/AVTransport.xml bytes=20658 template=AVTransport.xml
[INFO] [scpd] served path=/dlna/RenderingControl.xml bytes=7102 template=RenderingControl.xml
[INFO] [ssdp] send packet to <IP_REDACTED>:5838 st=upnp:rootdevice bytes=283
[INFO] [ssdp] send packet to <IP_REDACTED>:5838 st=upnp:rootdevice bytes=283
[INFO] [ssdp] send packet to <IP_REDACTED>:5838 st=upnp:rootdevice bytes=283
[INFO] [ssdp] send packet to <IP_REDACTED>:3976 st=upnp:rootdevice bytes=283
[INFO] [ssdp] send packet to <IP_REDACTED>:3976 st=upnp:rootdevice bytes=283
[INFO] [ssdp] send packet to <IP_REDACTED>:3976 st=upnp:rootdevice bytes=283
[INFO] [scpd] served path=/description.xml bytes=2696 template=Description.xml
[INFO] [runtime-heartbeat] t_ms=85354285 frame=5695 view=video player_state=playing media=1 return_home_pending=0 protocol_state=media-active owner=dlna generation=5 resource_desired=dlna-exclusive resource_applied=dlna-exclusive resource_transition=0 resource_failed=0 resource_age_ms=0 iptv_background=1,0 discovery_suspended=0 service_workers=0,0,0 service_age_ms=103902,103896,9888 media_queue=0 media_high=1 media_command=0 media_kind=0 media_producer=0 media_token=0 media_generation=0 media_command_age_ms=0 media_heartbeat_age_ms=9 media_full=0 media_stale=0 media_timeout=0 media_coalesced=0 media_accepting=1 media_lifecycle=0,1,0,1 log_queue=0 enqueued=1120 processed=1120 log_high=39 log_heartbeat_age_ms=89 log_waiting=1 queue_dropped=0 mirror_dropped=0 mirror_failures=0 mirror=1 worker=1 mdns_phase=stopped mdns_mode=0 mdns_running=0 mdns_suspended=0 ssdp_suspended=0 mdns_socket=0 mdns_heartbeat_age_ms=9889 mdns_select=21 mdns_recv=0 mdns_sent=4
[INFO] [network-heartbeat] threshold_ms=1500 mdns=fd:0,active:0,oldest:none/0,total:190,max:237,error:0/none,hb:9889,overflow:0,underflow:0 ssdp=fd:1,active:1,oldest:select/4,total:1527,max:103,error:0/none,hb:4,overflow:0,underflow:0 dlna-http=fd:1,active:1,oldest:select/88,total:1744,max:239,error:0/none,hb:88,overflow:0,underflow:0 airplay-control=fd:0,active:0,oldest:none/0,total:319,max:239,error:0/none,hb:9889,overflow:0,underflow:0 iptv-background=fd:0,active:0,oldest:none/0,total:0,max:0,error:0/none,hb:0,overflow:0,underflow:0
[INFO] [scpd] served path=/dlna/AVTransport.xml bytes=20658 template=AVTransport.xml
[INFO] [scpd] served path=/dlna/RenderingControl.xml bytes=7102 template=RenderingControl.xml
[INFO] [soap] soap_call "AVTransport" "GetTransportInfo" <InstanceID>0</InstanceID>
[INFO] [soap] assert_http_200 service=AVTransport action=GetTransportInfo handler=avtransport_get_transport_info
[INFO] [soap] soap_call "AVTransport" "GetPositionInfo" <InstanceID>0</InstanceID>
[INFO] [soap] assert_http_200 service=AVTransport action=GetPositionInfo handler=avtransport_get_position_info
[INFO] [input] buttons_down=0x2 view=video state=playing media=1
[INFO] [return-home] phase=request t_ms=85355057 playback_active=1 state=playing media=1
[INFO] [return-home] phase=player-stop begin state=playing
[INFO] [media-trace] seq=4 t_ms=10678 layer=player action=Stop phase=backend-call-begin url_hash=9a486157 detail=-
[INFO] [media-trace] seq=4 t_ms=10678 layer=libmpv action=Stop phase=mutex-wait url_hash=9a486157 detail=- url=<URL_REDACTED>
[INFO] [media-trace] seq=4 t_ms=10678 layer=libmpv action=Stop phase=mutex-acquired url_hash=9a486157 detail=- url=<URL_REDACTED>
[INFO] [media-trace] seq=4 t_ms=10678 layer=libmpv action=Stop phase=dispatch url_hash=9a486157 detail=- url=<URL_REDACTED>
[INFO] [media-trace] seq=4 t_ms=10678 layer=player action=Stop phase=backend-call-done url_hash=9a486157 detail=ok
[INFO] [media-trace] seq=4 t_ms=10678 layer=player action=Stop phase=snapshot-refresh-begin url_hash=9a486157 detail=-
[INFO] [media-trace] seq=4 t_ms=10678 layer=player action=Stop phase=snapshot-refresh-done url_hash=9a486157 detail=-
[INFO] [media-trace] seq=4 t_ms=10678 layer=player action=Stop phase=backend-wakeup-begin url_hash=9a486157 detail=-
[INFO] [media-trace] seq=4 t_ms=10678 layer=player action=Stop phase=backend-wakeup-done url_hash=9a486157 detail=-
[INFO] [return-home] phase=player-stop done state=playing
[INFO] [return-home] phase=wait-player-stopped ready_ms=85355307
[INFO] [input] action=return-home ok=1 stop=1 state=playing
[INFO] [render] frame begin reason=input view=video state=playing media=1
[INFO] [render] frame done rendered=1 view=video state=playing media=1
[INFO] [protocol-coordinator] event=terminal-release owner=dlna token=1 generation=5 seen_active=1
[INFO] [protocol-coordinator] event=release action=release owner=dlna token=1 generation=5 reason=completed
[INFO] [protocol-coordinator] revision=51->54 state=media-active->ready iptv=running->running dlna=running->running airplay=stopped->stopped owner=dlna->none token=0 generation=0 pin_visible=0 resource=dlna-exclusive->dlna-exclusive desired=home transition=1 failed=0 discovery_suspended=0->0 airplay_running=0 airplay_starting=0 status=none
[INFO] [airplay] t_ms=85355087 integration stage=ed25519 begin
[INFO] [airplay] t_ms=85355087 integration stage=ed25519 done
[INFO] [airplay] t_ms=85355087 integration stage=mirror-runtime begin
[INFO] [airplay] t_ms=85355087 integration stage=mirror-runtime done
[INFO] [airplay] t_ms=85355087 integration stage=remote-video begin
[INFO] [airplay] t_ms=85355087 integration stage=remote-video done
[INFO] [airplay] t_ms=85355087 integration stage=receiver begin
[INFO] [airplay] t_ms=85355087 receiver stage=pairing-identity begin
[INFO] [airplay] t_ms=85355094 receiver stage=pairing-identity done
[INFO] [airplay] t_ms=85355094 receiver stage=dns-sd-txt begin
[INFO] [airplay] t_ms=85355094 receiver stage=dns-sd-txt done
[INFO] [airplay] t_ms=85355094 receiver stage=handlers begin
[INFO] [airplay] t_ms=85355094 handlers stage=validate begin
[INFO] [airplay] t_ms=85355094 handlers stage=validate done
[INFO] [airplay] t_ms=85355094 handlers stage=allocate begin bytes=792
[INFO] [airplay] t_ms=85355094 handlers stage=allocate done
[INFO] [airplay] t_ms=85355094 handlers stage=copy begin txt_bytes=214
[INFO] [airplay] t_ms=85355094 handlers stage=copy done
[INFO] [airplay] t_ms=85355094 receiver stage=handlers done
[INFO] [airplay] t_ms=85355094 receiver stage=control-server begin
[INFO] [airplay-server] listening on :7000
[INFO] [airplay] t_ms=85355094 receiver stage=control-server done port=7000
[INFO] [airplay] t_ms=85355094 receiver stage=lifecycle begin
[INFO] [airplay] t_ms=85355094 receiver stage=lifecycle done
[INFO] [airplay] t_ms=85355094 receiver stage=mdns begin
[INFO] [airplay] t_ms=85355094 mdns stage=local-address begin
[INFO] [airplay] t_ms=85355095 mdns stage=local-address done
[INFO] [airplay-mdns] local-address=<IP_REDACTED>
[INFO] [airplay] t_ms=85355095 mdns stage=service-record begin
[INFO] [airplay] t_ms=85355095 mdns stage=service-record done
[INFO] [airplay] t_ms=85355095 mdns stage=socket begin
[INFO] [airplay] t_ms=85355095 mdns socket stage=create begin
[INFO] [airplay] t_ms=85355095 mdns socket stage=create done fd=8
[INFO] [airplay] t_ms=85355095 mdns socket stage=bind begin port=5353
[INFO] [airplay] t_ms=85355095 mdns socket stage=bind done
[INFO] [airplay] t_ms=85355095 mdns socket stage=multicast-join begin
[INFO] [airplay] t_ms=85355095 mdns socket stage=multicast-join done
[INFO] [protocol-coordinator] revision=54->55 state=ready->ready iptv=running->running dlna=running->running airplay=stopped->starting owner=none->none token=0 generation=0 pin_visible=0 resource=dlna-exclusive->dlna-exclusive desired=home transition=1 failed=0 discovery_suspended=0->0 airplay_running=0 airplay_starting=0 status=none
[INFO] [airplay] t_ms=85355098 mdns stage=socket done
[INFO] [airplay] t_ms=85355098 mdns stage=thread begin
[INFO] [airplay] t_ms=85355098 mdns thread-create begin stack=65536
[INFO] [airplay] t_ms=85355098 mdns thread-create done rc=0x00000000
[INFO] [airplay] t_ms=85355098 mdns thread-start begin
[INFO] [airplay] t_ms=85355098 mdns worker entered
[INFO] [airplay] t_ms=85355098 mdns worker mode=0 priority=0x2b
[INFO] [airplay] t_ms=85355098 mdns worker announce begin
[INFO] [airplay] t_ms=85355098 mdns thread-start done rc=0x00000000
[INFO] [airplay] t_ms=85355098 mdns stage=thread done
[INFO] [airplay-mdns] started airplay=NX-Cast raop=<IDENTIFIER_REDACTED>@NX-Cast port=7000 features=0x5A7FFEE6,0x0
[INFO] [airplay-mdns] started airplay=NX-Cast raop=<IDENTIFIER_REDACTED>@NX-Cast port=7000 features=0x5A7FFEE6,0x0
[INFO] [airplay] t_ms=85355098 receiver stage=mdns done
[INFO] [airplay] t_ms=85355098 integration stage=receiver done
[INFO] [airplay] integration started port=7000 discovery=1
[INFO] [iptv] background-network suspended=0 quiesced=1
[INFO] [airplay] t_ms=85355098 mdns worker announce done
[INFO] [protocol-coordinator] revision=55->58 state=ready->ready iptv=running->running dlna=running->running airplay=starting->running owner=none->none token=0 generation=0 pin_visible=0 resource=dlna-exclusive->home desired=home transition=0 failed=0 discovery_suspended=0->0 airplay_running=1 airplay_starting=0 status=Ready for AirPlay video
[WARN] [player-libmpv][ffmpeg/demuxer] mov,mp4,m4a,3gp,3g2,mj2: Packet corrupt (stream = 1, dts = 2271232).
[INFO] [player-libmpv] end-file uri=<URL_REDACTED> reason=stop error=success
[INFO] [media-trace] seq=4 t_ms=10800 layer=libmpv action=mpv-end-file phase=event url_hash=9a486157 detail=stop url=<URL_REDACTED>
[INFO] [return-home] phase=show-home begin reason=player-stopped state=stopped media=1
[INFO] [player-view] manual navigation target=home state=STOPPED
[INFO] [return-home] phase=show-home done ok=1 reason=player-stopped pending=0
[INFO] [input] action=return-home-complete ok=1 state=stopped
[INFO] [player-view] active_view=home frame=5732
[INFO] [input] active_view=home state=stopped media=1 snapshot=1
[INFO] [soap] soap_call "AVTransport" "GetTransportInfo" <InstanceID>0</InstanceID>
[INFO] [soap] assert_http_200 service=AVTransport action=GetTransportInfo handler=avtransport_get_transport_info
[INFO] [soap] soap_call "AVTransport" "GetPositionInfo" <InstanceID>0</InstanceID>
[INFO] [protocol-coordinator] event=reject action=guard owner=dlna token=1 current_owner=none current_token=0 current_generation=0 reason=owner-mismatch
[INFO] [soap] assert_http_200 service=AVTransport action=GetPositionInfo handler=avtransport_get_position_info
[INFO] [runtime-heartbeat] t_ms=85356295 frame=5793 view=home player_state=stopped media=1 return_home_pending=0 protocol_state=ready owner=none generation=0 resource_desired=home resource_applied=home resource_transition=0 resource_failed=0 resource_age_ms=0 iptv_background=0,0 discovery_suspended=0 service_workers=0,0,0 service_age_ms=105912,105906,1197 media_queue=0 media_high=1 media_command=0 media_kind=0 media_producer=0 media_token=0 media_generation=0 media_command_age_ms=0 media_heartbeat_age_ms=2 media_full=0 media_stale=0 media_timeout=0 media_coalesced=0 media_accepting=1 media_lifecycle=0,1,0,1 log_queue=0 enqueued=1218 processed=1218 log_high=39 log_heartbeat_age_ms=865 log_waiting=1 queue_dropped=0 mirror_dropped=0 mirror_failures=0 mirror=1 worker=1 mdns_phase=waiting mdns_mode=0 mdns_running=1 mdns_suspended=0 ssdp_suspended=0 mdns_socket=1 mdns_heartbeat_age_ms=198 mdns_select=5 mdns_recv=0 mdns_sent=2
[INFO] [network-heartbeat] threshold_ms=1500 mdns=fd:1,active:1,oldest:select/198,total:201,max:237,error:0/none,hb:198,overflow:0,underflow:0 ssdp=fd:1,active:1,oldest:select/13,total:1547,max:103,error:0/none,hb:13,overflow:0,underflow:0 dlna-http=fd:1,active:1,oldest:select/64,total:1786,max:239,error:0/none,hb:64,overflow:0,underflow:0 airplay-control=fd:1,active:1,oldest:select/0,total:333,max:239,error:0/none,hb:0,overflow:0,underflow:0 iptv-background=fd:0,active:0,oldest:none/0,total:0,max:0,error:0/none,hb:0,overflow:0,underflow:0
[INFO] [ssdp] send packet to <IP_REDACTED>:10265 st=upnp:rootdevice bytes=283
[INFO] [ssdp] send packet to <IP_REDACTED>:10265 st=upnp:rootdevice bytes=283
[INFO] [ssdp] send packet to <IP_REDACTED>:10265 st=upnp:rootdevice bytes=283
[INFO] [soap] soap_call "AVTransport" "GetTransportInfo" <InstanceID>0</InstanceID>
[INFO] [soap] assert_http_200 service=AVTransport action=GetTransportInfo handler=avtransport_get_transport_info
[INFO] [soap] soap_call "AVTransport" "GetPositionInfo" <InstanceID>0</InstanceID>
[INFO] [protocol-coordinator] event=reject action=guard owner=dlna token=1 current_owner=none current_token=0 current_generation=0 reason=owner-mismatch
[INFO] [soap] assert_http_200 service=AVTransport action=GetPositionInfo handler=avtransport_get_position_info
[INFO] [ssdp] send packet to <IP_REDACTED>:3976 st=upnp:rootdevice bytes=283
[INFO] [ssdp] send packet to <IP_REDACTED>:3976 st=upnp:rootdevice bytes=283
[INFO] [ssdp] send packet to <IP_REDACTED>:3976 st=upnp:rootdevice bytes=283
[INFO] [soap] soap_call "AVTransport" "GetTransportInfo" <InstanceID>0</InstanceID>
[INFO] [soap] assert_http_200 service=AVTransport action=GetTransportInfo handler=avtransport_get_transport_info
[INFO] [soap] soap_call "AVTransport" "GetPositionInfo" <InstanceID>0</InstanceID>
[INFO] [protocol-coordinator] event=reject action=guard owner=dlna token=1 current_owner=none current_token=0 current_generation=0 reason=owner-mismatch
[INFO] [soap] assert_http_200 service=AVTransport action=GetPositionInfo handler=avtransport_get_position_info
[INFO] [airplay] t_ms=85357729 control accepted peer=<IP_REDACTED>:61544 fd=6
[INFO] [airplay] t_ms=85357729 control client-worker entered slot=0 fd=6
[INFO] [airplay] t_ms=85357730 control request session=1 method=GET uri=<URL_REDACTED> body=70
[INFO] [airplay] session=1 request=1 method=GET uri=<URL_REDACTED> bytes=70 state=connected
[INFO] [airplay] t_ms=85357730 control response session=1 request=1 status=200 body=274 headers=4 sent=1 close=0
[INFO] [airplay] t_ms=85357747 control request session=1 method=POST uri=<URL_REDACTED> body=68
[INFO] [airplay-pairing] t_ms=85357759 session=1 uri=<URL_REDACTED> bytes=68 state=idle->verify-challenge result=ok status=200 close=0
[INFO] [airplay] t_ms=85357759 control response session=1 request=2 status=200 body=96 headers=4 sent=1 close=0
[INFO] [airplay] t_ms=85357846 control request session=1 method=POST uri=<URL_REDACTED> body=68
[INFO] [airplay-pairing] t_ms=85357846 session=1 uri=<URL_REDACTED> bytes=68 state=verify-challenge->verified result=ok status=200 close=0
[INFO] [airplay] t_ms=85357846 control response session=1 request=3 status=200 body=0 headers=4 sent=1 close=0
[INFO] [airplay] t_ms=85357854 control request session=1 method=POST uri=<URL_REDACTED> body=16
[INFO] [airplay] session=1 request=4 method=POST uri=<URL_REDACTED> bytes=16 state=connected
[INFO] [airplay] endpoint=fp-setup bytes=16 result=ok
[INFO] [airplay] t_ms=85357854 control response session=1 request=4 status=200 body=142 headers=4 sent=1 close=0
[INFO] [airplay] t_ms=85357861 control request session=1 method=POST uri=<URL_REDACTED> body=164
[INFO] [airplay] session=1 request=5 method=POST uri=<URL_REDACTED> bytes=164 state=connected
[INFO] [airplay] endpoint=fp-setup bytes=164 result=ok
[INFO] [airplay] t_ms=85357862 control response session=1 request=5 status=200 body=32 headers=4 sent=1 close=0
[INFO] [airplay] t_ms=85357869 control request session=1 method=SETUP uri=<URL_REDACTED> body=697
[INFO] [airplay] session=1 request=6 method=SETUP uri=<URL_REDACTED> bytes=697 state=connected
[INFO] [airplay] t_ms=85357870 setup metadata session=1 keys=19 initial=1 timing=NTP timing_port=51587 remote_control=0 streams=0 mirror=0 audio=0
[INFO] [airplay-timing] session=1 protocol=NTP local=12935 remote=51587
[INFO] [airplay] session=1 method=SETUP initial=1 mirror=0 record=0 result=ok
[INFO] [airplay] t_ms=85357870 control response session=1 request=6 status=200 body=76 headers=4 sent=1 close=0
[INFO] [airplay] t_ms=85357879 control request session=1 method=GET uri=<URL_REDACTED> body=0
[INFO] [airplay] session=1 request=7 method=GET uri=<URL_REDACTED> bytes=0 state=setup
[INFO] [airplay] t_ms=85357880 control response session=1 request=7 status=200 body=1105 headers=4 sent=1 close=0
[INFO] [airplay-timing] first NTP response received
[INFO] [airplay] t_ms=85357887 control request session=1 method=RECORD uri=<URL_REDACTED> body=0
[INFO] [airplay] session=1 request=8 method=RECORD uri=<URL_REDACTED> bytes=0 state=setup
[INFO] [airplay] session=1 method=RECORD mirror=0 deferred=1
[INFO] [airplay] t_ms=85357887 control response session=1 request=8 status=200 body=0 headers=4 sent=1 close=0
[INFO] [runtime-heartbeat] t_ms=85358295 frame=5913 view=home player_state=stopped media=1 return_home_pending=0 protocol_state=ready owner=none generation=0 resource_desired=home resource_applied=home resource_transition=0 resource_failed=0 resource_age_ms=0 iptv_background=0,0 discovery_suspended=0 service_workers=0,0,0 service_age_ms=107912,107906,3197 media_queue=0 media_high=1 media_command=0 media_kind=0 media_producer=0 media_token=0 media_generation=0 media_command_age_ms=0 media_heartbeat_age_ms=6 media_full=0 media_stale=0 media_timeout=0 media_coalesced=0 media_accepting=1 media_lifecycle=0,1,0,1 log_queue=0 enqueued=1269 processed=1269 log_high=39 log_heartbeat_age_ms=409 log_waiting=1 queue_dropped=0 mirror_dropped=0 mirror_failures=0 mirror=1 worker=1 mdns_phase=waiting mdns_mode=0 mdns_running=1 mdns_suspended=0 ssdp_suspended=0 mdns_socket=1 mdns_heartbeat_age_ms=20 mdns_select=19 mdns_recv=4 mdns_sent=6
[INFO] [network-heartbeat] threshold_ms=1500 mdns=fd:1,active:1,oldest:select/20,total:223,max:237,error:0/none,hb:20,overflow:0,underflow:0 ssdp=fd:1,active:1,oldest:select/37,total:1584,max:104,error:0/none,hb:37,overflow:0,underflow:0 dlna-http=fd:1,active:1,oldest:select/77,total:1822,max:239,error:0/none,hb:77,overflow:0,underflow:0 airplay-control=fd:2,active:2,oldest:select/66,total:373,max:239,error:11/recv,hb:10,overflow:0,underflow:0 iptv-background=fd:0,active:0,oldest:none/0,total:0,max:0,error:0/none,hb:0,overflow:0,underflow:0
[INFO] [airplay] t_ms=85358357 control request session=1 method=SETUP uri=<URL_REDACTED> body=243
[INFO] [airplay] session=1 request=9 method=SETUP uri=<URL_REDACTED> bytes=243 state=recording
[INFO] [airplay] t_ms=85358357 setup metadata session=1 keys=1 initial=0 timing=missing timing_port=0 remote_control=0 streams=1 mirror=0 audio=1
[INFO] [airplay] session=1 method=SETUP initial=1 mirror=0 record=1 result=failed
[INFO] [airplay] t_ms=85358381 control response session=1 request=9 status=461 body=0 headers=3 sent=1 close=0
[INFO] [airplay] t_ms=85358401 control request session=1 method=TEARDOWN uri=<URL_REDACTED> body=42
[INFO] [airplay] session=1 request=10 method=TEARDOWN uri=<URL_REDACTED> bytes=42 state=recording
[INFO] [airplay] t_ms=85358401 control response session=1 request=10 status=200 body=0 headers=3 sent=1 close=1
[INFO] [airplay] t_ms=85358401 control closed session=1 requests=10 reason=response-close errno=0
[INFO] [soap] soap_call "AVTransport" "GetTransportInfo" <InstanceID>0</InstanceID>
[INFO] [soap] assert_http_200 service=AVTransport action=GetTransportInfo handler=avtransport_get_transport_info
[INFO] [soap] soap_call "AVTransport" "GetPositionInfo" <InstanceID>0</InstanceID>
[INFO] [protocol-coordinator] event=reject action=guard owner=dlna token=1 current_owner=none current_token=0 current_generation=0 reason=owner-mismatch
[INFO] [soap] assert_http_200 service=AVTransport action=GetPositionInfo handler=avtransport_get_position_info
[INFO] [soap] soap_call "AVTransport" "GetTransportInfo" <InstanceID>0</InstanceID>
[INFO] [soap] assert_http_200 service=AVTransport action=GetTransportInfo handler=avtransport_get_transport_info
[INFO] [soap] soap_call "AVTransport" "GetPositionInfo" <InstanceID>0</InstanceID>
[INFO] [protocol-coordinator] event=reject action=guard owner=dlna token=1 current_owner=none current_token=0 current_generation=0 reason=owner-mismatch
[INFO] [soap] assert_http_200 service=AVTransport action=GetPositionInfo handler=avtransport_get_position_info
[INFO] [ssdp] send packet to <IP_REDACTED>:10265 st=upnp:rootdevice bytes=283
[INFO] [ssdp] send packet to <IP_REDACTED>:10265 st=upnp:rootdevice bytes=283
[INFO] [ssdp] send packet to <IP_REDACTED>:10265 st=upnp:rootdevice bytes=283
[INFO] [airplay] t_ms=85360203 control accepted peer=<IP_REDACTED>:61575 fd=6
[INFO] [airplay] t_ms=85360204 control client-worker entered slot=0 fd=6
[INFO] [airplay] t_ms=85360204 control request session=2 method=GET uri=<URL_REDACTED> body=70
[INFO] [airplay] session=2 request=1 method=GET uri=<URL_REDACTED> bytes=70 state=connected
[INFO] [airplay] t_ms=85360204 control response session=2 request=1 status=200 body=274 headers=4 sent=1 close=0
[INFO] [airplay] t_ms=85360215 control request session=2 method=POST uri=<URL_REDACTED> body=68
[INFO] [airplay-pairing] t_ms=85360228 session=2 uri=<URL_REDACTED> bytes=68 state=idle->verify-challenge result=ok status=200 close=0
[INFO] [airplay] t_ms=85360228 control response session=2 request=2 status=200 body=96 headers=4 sent=1 close=0
[INFO] [airplay] t_ms=85360234 control request session=2 method=POST uri=<URL_REDACTED> body=68
[INFO] [airplay-pairing] t_ms=85360235 session=2 uri=<URL_REDACTED> bytes=68 state=verify-challenge->verified result=ok status=200 close=0
[INFO] [airplay] t_ms=85360235 control response session=2 request=3 status=200 body=0 headers=4 sent=1 close=0
[INFO] [airplay] t_ms=85360240 control request session=2 method=POST uri=<URL_REDACTED> body=16
[INFO] [airplay] session=2 request=4 method=POST uri=<URL_REDACTED> bytes=16 state=connected
[INFO] [airplay] endpoint=fp-setup bytes=16 result=ok
[INFO] [airplay] t_ms=85360240 control response session=2 request=4 status=200 body=142 headers=4 sent=1 close=0
[INFO] [airplay] t_ms=85360246 control request session=2 method=POST uri=<URL_REDACTED> body=164
[INFO] [airplay] session=2 request=5 method=POST uri=<URL_REDACTED> bytes=164 state=connected
[INFO] [airplay] endpoint=fp-setup bytes=164 result=ok
[INFO] [airplay] t_ms=85360247 control response session=2 request=5 status=200 body=32 headers=4 sent=1 close=0
[INFO] [airplay] t_ms=85360253 control request session=2 method=SETUP uri=<URL_REDACTED> body=697
[INFO] [airplay] session=2 request=6 method=SETUP uri=<URL_REDACTED> bytes=697 state=connected
[INFO] [airplay] t_ms=85360253 setup metadata session=2 keys=19 initial=1 timing=NTP timing_port=59214 remote_control=0 streams=0 mirror=0 audio=0
[INFO] [airplay-timing] session=2 protocol=NTP local=29002 remote=59214
[INFO] [airplay] session=2 method=SETUP initial=1 mirror=0 record=0 result=ok
[INFO] [airplay] t_ms=85360254 control response session=2 request=6 status=200 body=76 headers=4 sent=1 close=0
[INFO] [airplay-timing] first NTP response received
[INFO] [airplay] t_ms=85360262 control request session=2 method=GET uri=<URL_REDACTED> body=0
[INFO] [airplay] session=2 request=7 method=GET uri=<URL_REDACTED> bytes=0 state=setup
[INFO] [airplay] t_ms=85360263 control response session=2 request=7 status=200 body=1105 headers=4 sent=1 close=0
[INFO] [airplay] t_ms=85360271 control request session=2 method=RECORD uri=<URL_REDACTED> body=0
[INFO] [airplay] session=2 request=8 method=RECORD uri=<URL_REDACTED> bytes=0 state=setup
[INFO] [airplay] session=2 method=RECORD mirror=0 deferred=1
[INFO] [airplay] t_ms=85360271 control response session=2 request=8 status=200 body=0 headers=4 sent=1 close=0
[INFO] [runtime-heartbeat] t_ms=85360295 frame=6033 view=home player_state=stopped media=1 return_home_pending=0 protocol_state=ready owner=none generation=0 resource_desired=home resource_applied=home resource_transition=0 resource_failed=0 resource_age_ms=0 iptv_background=0,0 discovery_suspended=0 service_workers=0,0,0 service_age_ms=109912,109906,5197 media_queue=0 media_high=1 media_command=0 media_kind=0 media_producer=0 media_token=0 media_generation=0 media_command_age_ms=0 media_heartbeat_age_ms=8 media_full=0 media_stale=0 media_timeout=0 media_coalesced=0 media_accepting=1 media_lifecycle=0,1,0,1 log_queue=0 enqueued=1326 processed=1326 log_high=39 log_heartbeat_age_ms=25 log_waiting=1 queue_dropped=0 mirror_dropped=0 mirror_failures=0 mirror=1 worker=1 mdns_phase=waiting mdns_mode=0 mdns_running=1 mdns_suspended=0 ssdp_suspended=0 mdns_socket=1 mdns_heartbeat_age_ms=15 mdns_select=30 mdns_recv=5 mdns_sent=6
[INFO] [network-heartbeat] threshold_ms=1500 mdns=fd:1,active:1,oldest:select/15,total:235,max:237,error:0/none,hb:15,overflow:0,underflow:0 ssdp=fd:1,active:1,oldest:select/85,total:1612,max:104,error:0/none,hb:85,overflow:0,underflow:0 dlna-http=fd:1,active:1,oldest:select/65,total:1858,max:239,error:0/none,hb:65,overflow:0,underflow:0 airplay-control=fd:2,active:2,oldest:select/92,total:414,max:239,error:11/recv,hb:25,overflow:0,underflow:0 iptv-background=fd:0,active:0,oldest:none/0,total:0,max:0,error:0/none,hb:0,overflow:0,underflow:0
[INFO] [soap] soap_call "AVTransport" "GetTransportInfo" <InstanceID>0</InstanceID>
[INFO] [soap] assert_http_200 service=AVTransport action=GetTransportInfo handler=avtransport_get_transport_info
[INFO] [soap] soap_call "AVTransport" "GetPositionInfo" <InstanceID>0</InstanceID>
[INFO] [protocol-coordinator] event=reject action=guard owner=dlna token=1 current_owner=none current_token=0 current_generation=0 reason=owner-mismatch
[INFO] [soap] assert_http_200 service=AVTransport action=GetPositionInfo handler=avtransport_get_position_info
[INFO] [ssdp] send packet to <IP_REDACTED>:3976 st=upnp:rootdevice bytes=283
[INFO] [ssdp] send packet to <IP_REDACTED>:3976 st=upnp:rootdevice bytes=283
[INFO] [ssdp] send packet to <IP_REDACTED>:3976 st=upnp:rootdevice bytes=283
[INFO] [airplay] t_ms=85360568 control request session=2 method=SETUP uri=<URL_REDACTED> body=243
[INFO] [airplay] session=2 request=9 method=SETUP uri=<URL_REDACTED> bytes=243 state=recording
[INFO] [airplay] t_ms=85360568 setup metadata session=2 keys=1 initial=0 timing=missing timing_port=0 remote_control=0 streams=1 mirror=0 audio=1
[INFO] [airplay] session=2 method=SETUP initial=1 mirror=0 record=1 result=failed
[INFO] [airplay] t_ms=85360660 control response session=2 request=9 status=461 body=0 headers=3 sent=1 close=0
[INFO] [airplay] t_ms=85360676 control request session=2 method=TEARDOWN uri=<URL_REDACTED> body=42
[INFO] [airplay] session=2 request=10 method=TEARDOWN uri=<URL_REDACTED> bytes=42 state=recording
[INFO] [airplay] t_ms=85360676 control response session=2 request=10 status=200 body=0 headers=3 sent=1 close=1
[INFO] [airplay] t_ms=85360676 control closed session=2 requests=10 reason=response-close errno=0
[INFO] [soap] soap_call "AVTransport" "GetPositionInfo" <InstanceID>0</InstanceID>
[INFO] [protocol-coordinator] event=reject action=guard owner=dlna token=1 current_owner=none current_token=0 current_generation=0 reason=owner-mismatch
[INFO] [soap] assert_http_200 service=AVTransport action=GetPositionInfo handler=avtransport_get_position_info
[INFO] [soap] soap_call "AVTransport" "GetTransportInfo" <InstanceID>0</InstanceID>
[INFO] [soap] assert_http_200 service=AVTransport action=GetTransportInfo handler=avtransport_get_transport_info
[INFO] [runtime-heartbeat] t_ms=85362295 frame=6153 view=home player_state=stopped media=1 return_home_pending=0 protocol_state=ready owner=none generation=0 resource_desired=home resource_applied=home resource_transition=0 resource_failed=0 resource_age_ms=0 iptv_background=0,0 discovery_suspended=0 service_workers=0,0,0 service_age_ms=111912,111906,7197 media_queue=0 media_high=1 media_command=0 media_kind=0 media_producer=0 media_token=0 media_generation=0 media_command_age_ms=0 media_heartbeat_age_ms=7 media_full=0 media_stale=0 media_timeout=0 media_coalesced=0 media_accepting=1 media_lifecycle=0,1,0,1 log_queue=0 enqueued=1350 processed=1350 log_high=39 log_heartbeat_age_ms=770 log_waiting=1 queue_dropped=0 mirror_dropped=0 mirror_failures=0 mirror=1 worker=1 mdns_phase=waiting mdns_mode=0 mdns_running=1 mdns_suspended=0 ssdp_suspended=0 mdns_socket=1 mdns_heartbeat_age_ms=162 mdns_select=42 mdns_recv=8 mdns_sent=8
[INFO] [network-heartbeat] threshold_ms=1500 mdns=fd:1,active:1,oldest:select/162,total:252,max:237,error:0/none,hb:162,overflow:0,underflow:0 ssdp=fd:1,active:1,oldest:select/64,total:1641,max:104,error:0/none,hb:64,overflow:0,underflow:0 dlna-http=fd:1,active:1,oldest:select/70,total:1894,max:239,error:0/none,hb:70,overflow:0,underflow:0 airplay-control=fd:1,active:1,oldest:select/91,total:438,max:239,error:11/recv,hb:91,overflow:0,underflow:0 iptv-background=fd:0,active:0,oldest:none/0,total:0,max:0,error:0/none,hb:0,overflow:0,underflow:0
[INFO] [airplay] t_ms=85362403 control accepted peer=<IP_REDACTED>:61598 fd=6
[INFO] [airplay] t_ms=85362404 control client-worker entered slot=0 fd=6
[INFO] [airplay] t_ms=85362404 control request session=3 method=GET uri=<URL_REDACTED> body=70
[INFO] [airplay] session=3 request=1 method=GET uri=<URL_REDACTED> bytes=70 state=connected
[INFO] [airplay] t_ms=85362404 control response session=3 request=1 status=200 body=274 headers=4 sent=1 close=0
[INFO] [airplay] t_ms=85362412 control request session=3 method=POST uri=<URL_REDACTED> body=68
[INFO] [airplay-pairing] t_ms=85362425 session=3 uri=<URL_REDACTED> bytes=68 state=idle->verify-challenge result=ok status=200 close=0
[INFO] [airplay] t_ms=85362425 control response session=3 request=2 status=200 body=96 headers=4 sent=1 close=0
[INFO] [soap] soap_call "AVTransport" "GetTransportInfo" <InstanceID>0</InstanceID>
[INFO] [soap] assert_http_200 service=AVTransport action=GetTransportInfo handler=avtransport_get_transport_info
[INFO] [soap] soap_call "AVTransport" "GetPositionInfo" <InstanceID>0</InstanceID>
[INFO] [protocol-coordinator] event=reject action=guard owner=dlna token=1 current_owner=none current_token=0 current_generation=0 reason=owner-mismatch
[INFO] [soap] assert_http_200 service=AVTransport action=GetPositionInfo handler=avtransport_get_position_info
[INFO] [airplay] t_ms=85362432 control request session=3 method=POST uri=<URL_REDACTED> body=68
[INFO] [airplay-pairing] t_ms=85362433 session=3 uri=<URL_REDACTED> bytes=68 state=verify-challenge->verified result=ok status=200 close=0
[INFO] [airplay] t_ms=85362433 control response session=3 request=3 status=200 body=0 headers=4 sent=1 close=0
[INFO] [airplay] t_ms=85362441 control request session=3 method=POST uri=<URL_REDACTED> body=16
[INFO] [airplay] session=3 request=4 method=POST uri=<URL_REDACTED> bytes=16 state=connected
[INFO] [airplay] endpoint=fp-setup bytes=16 result=ok
[INFO] [airplay] t_ms=85362441 control response session=3 request=4 status=200 body=142 headers=4 sent=1 close=0
[INFO] [airplay] t_ms=85362446 control request session=3 method=POST uri=<URL_REDACTED> body=164
[INFO] [airplay] session=3 request=5 method=POST uri=<URL_REDACTED> bytes=164 state=connected
[INFO] [airplay] endpoint=fp-setup bytes=164 result=ok
[INFO] [airplay] t_ms=85362446 control response session=3 request=5 status=200 body=32 headers=4 sent=1 close=0
[INFO] [airplay] t_ms=85362452 control request session=3 method=SETUP uri=<URL_REDACTED> body=697
[INFO] [airplay] session=3 request=6 method=SETUP uri=<URL_REDACTED> bytes=697 state=connected
[INFO] [airplay] t_ms=85362452 setup metadata session=3 keys=19 initial=1 timing=NTP timing_port=52977 remote_control=0 streams=0 mirror=0 audio=0
[INFO] [airplay-timing] session=3 protocol=NTP local=40047 remote=52977
[INFO] [airplay] session=3 method=SETUP initial=1 mirror=0 record=0 result=ok
[INFO] [airplay] t_ms=85362453 control response session=3 request=6 status=200 body=76 headers=4 sent=1 close=0
[INFO] [airplay-timing] first NTP response received
[INFO] [airplay] t_ms=85362460 control request session=3 method=GET uri=<URL_REDACTED> body=0
[INFO] [airplay] session=3 request=7 method=GET uri=<URL_REDACTED> bytes=0 state=setup
[INFO] [airplay] t_ms=85362460 control response session=3 request=7 status=200 body=1105 headers=4 sent=1 close=0
[INFO] [airplay] t_ms=85362467 control request session=3 method=RECORD uri=<URL_REDACTED> body=0
[INFO] [airplay] session=3 request=8 method=RECORD uri=<URL_REDACTED> bytes=0 state=setup
[INFO] [airplay] session=3 method=RECORD mirror=0 deferred=1
[INFO] [airplay] t_ms=85362467 control response session=3 request=8 status=200 body=0 headers=4 sent=1 close=0
[INFO] [soap] soap_call "AVTransport" "GetPositionInfo" <InstanceID>0</InstanceID>
[INFO] [protocol-coordinator] event=reject action=guard owner=dlna token=1 current_owner=none current_token=0 current_generation=0 reason=owner-mismatch
[INFO] [soap] assert_http_200 service=AVTransport action=GetPositionInfo handler=avtransport_get_position_info
[INFO] [soap] soap_call "AVTransport" "GetTransportInfo" <InstanceID>0</InstanceID>
[INFO] [soap] assert_http_200 service=AVTransport action=GetTransportInfo handler=avtransport_get_transport_info
[INFO] [runtime-heartbeat] t_ms=85364295 frame=6273 view=home player_state=stopped media=1 return_home_pending=0 protocol_state=ready owner=none generation=0 resource_desired=home resource_applied=home resource_transition=0 resource_failed=0 resource_age_ms=0 iptv_background=0,0 discovery_suspended=0 service_workers=0,0,0 service_age_ms=113912,113906,9197 media_queue=0 media_high=1 media_command=0 media_kind=0 media_producer=0 media_token=0 media_generation=0 media_command_age_ms=0 media_heartbeat_age_ms=10 media_full=0 media_stale=0 media_timeout=0 media_coalesced=0 media_accepting=1 media_lifecycle=0,1,0,1 log_queue=0 enqueued=1395 processed=1395 log_high=39 log_heartbeat_age_ms=865 log_waiting=1 queue_dropped=0 mirror_dropped=0 mirror_failures=0 mirror=1 worker=1 mdns_phase=waiting mdns_mode=0 mdns_running=1 mdns_suspended=0 ssdp_suspended=0 mdns_socket=1 mdns_heartbeat_age_ms=99 mdns_select=55 mdns_recv=12 mdns_sent=8
[INFO] [network-heartbeat] threshold_ms=1500 mdns=fd:1,active:1,oldest:select/99,total:269,max:237,error:0/none,hb:99,overflow:0,underflow:0 ssdp=fd:1,active:1,oldest:select/63,total:1661,max:104,error:0/none,hb:63,overflow:0,underflow:0 dlna-http=fd:1,active:1,oldest:select/64,total:1929,max:239,error:0/none,hb:64,overflow:0,underflow:0 airplay-control=fd:2,active:2,oldest:select/91,total:485,max:239,error:11/recv,hb:36,overflow:0,underflow:0 iptv-background=fd:0,active:0,oldest:none/0,total:0,max:0,error:0/none,hb:0,overflow:0,underflow:0
[INFO] [soap] soap_call "AVTransport" "GetPositionInfo" <InstanceID>0</InstanceID>
[INFO] [protocol-coordinator] event=reject action=guard owner=dlna token=1 current_owner=none current_token=0 current_generation=0 reason=owner-mismatch
[INFO] [soap] assert_http_200 service=AVTransport action=GetPositionInfo handler=avtransport_get_position_info
[INFO] [soap] soap_call "AVTransport" "GetTransportInfo" <InstanceID>0</InstanceID>
[INFO] [soap] assert_http_200 service=AVTransport action=GetTransportInfo handler=avtransport_get_transport_info
[INFO] [airplay] t_ms=85364671 control request session=3 method=POST uri=<URL_REDACTED> body=0
[INFO] [airplay] session=3 request=9 method=POST uri=<URL_REDACTED> bytes=0 state=recording
[INFO] [airplay] t_ms=85364672 control response session=3 request=9 status=200 body=0 headers=3 sent=1 close=0
[INFO] [soap] soap_call "AVTransport" "GetTransportInfo" <InstanceID>0</InstanceID>
[INFO] [soap] assert_http_200 service=AVTransport action=GetTransportInfo handler=avtransport_get_transport_info
[INFO] [soap] soap_call "AVTransport" "GetPositionInfo" <InstanceID>0</InstanceID>
[INFO] [protocol-coordinator] event=reject action=guard owner=dlna token=1 current_owner=none current_token=0 current_generation=0 reason=owner-mismatch
[INFO] [soap] assert_http_200 service=AVTransport action=GetPositionInfo handler=avtransport_get_position_info
[INFO] [runtime-heartbeat] t_ms=85366295 frame=6393 view=home player_state=stopped media=1 return_home_pending=0 protocol_state=ready owner=none generation=0 resource_desired=home resource_applied=home resource_transition=0 resource_failed=0 resource_age_ms=0 iptv_background=0,0 discovery_suspended=0 service_workers=0,0,0 service_age_ms=115912,115906,11197 media_queue=0 media_high=1 media_command=0 media_kind=0 media_producer=0 media_token=0 media_generation=0 media_command_age_ms=0 media_heartbeat_age_ms=9 media_full=0 media_stale=0 media_timeout=0 media_coalesced=0 media_accepting=1 media_lifecycle=0,1,0,1 log_queue=0 enqueued=1410 processed=1410 log_high=39 log_heartbeat_age_ms=853 log_waiting=1 queue_dropped=0 mirror_dropped=0 mirror_failures=0 mirror=1 worker=1 mdns_phase=waiting mdns_mode=0 mdns_running=1 mdns_suspended=0 ssdp_suspended=0 mdns_socket=1 mdns_heartbeat_age_ms=76 mdns_select=66 mdns_recv=13 mdns_sent=8
[INFO] [network-heartbeat] threshold_ms=1500 mdns=fd:1,active:1,oldest:select/76,total:281,max:237,error:0/none,hb:76,overflow:0,underflow:0 ssdp=fd:1,active:1,oldest:select/62,total:1681,max:104,error:0/none,hb:62,overflow:0,underflow:0 dlna-http=fd:1,active:1,oldest:select/53,total:1965,max:239,error:0/none,hb:53,overflow:0,underflow:0 airplay-control=fd:2,active:2,oldest:select/90,total:517,max:239,error:11/recv,hb:31,overflow:0,underflow:0 iptv-background=fd:0,active:0,oldest:none/0,total:0,max:0,error:0/none,hb:0,overflow:0,underflow:0
[INFO] [soap] soap_call "AVTransport" "GetTransportInfo" <InstanceID>0</InstanceID>
[INFO] [soap] assert_http_200 service=AVTransport action=GetTransportInfo handler=avtransport_get_transport_info
[INFO] [soap] soap_call "AVTransport" "GetPositionInfo" <InstanceID>0</InstanceID>
[INFO] [protocol-coordinator] event=reject action=guard owner=dlna token=1 current_owner=none current_token=0 current_generation=0 reason=owner-mismatch
[INFO] [soap] assert_http_200 service=AVTransport action=GetPositionInfo handler=avtransport_get_position_info
[INFO] [airplay] t_ms=85366746 control request session=3 method=POST uri=<URL_REDACTED> body=0
[INFO] [airplay] session=3 request=10 method=POST uri=<URL_REDACTED> bytes=0 state=recording
[INFO] [airplay] t_ms=85366747 control response session=3 request=10 status=200 body=0 headers=3 sent=1 close=0
[INFO] [soap] soap_call "AVTransport" "GetPositionInfo" <InstanceID>0</InstanceID>
[INFO] [protocol-coordinator] event=reject action=guard owner=dlna token=1 current_owner=none current_token=0 current_generation=0 reason=owner-mismatch
[INFO] [soap] assert_http_200 service=AVTransport action=GetPositionInfo handler=avtransport_get_position_info
[INFO] [soap] soap_call "AVTransport" "GetTransportInfo" <InstanceID>0</InstanceID>
[INFO] [soap] assert_http_200 service=AVTransport action=GetTransportInfo handler=avtransport_get_transport_info
[INFO] [runtime-heartbeat] t_ms=85368295 frame=6513 view=home player_state=stopped media=1 return_home_pending=0 protocol_state=ready owner=none generation=0 resource_desired=home resource_applied=home resource_transition=0 resource_failed=0 resource_age_ms=0 iptv_background=0,0 discovery_suspended=0 service_workers=0,0,0 service_age_ms=117912,117906,13197 media_queue=0 media_high=1 media_command=0 media_kind=0 media_producer=0 media_token=0 media_generation=0 media_command_age_ms=0 media_heartbeat_age_ms=7 media_full=0 media_stale=0 media_timeout=0 media_coalesced=0 media_accepting=1 media_lifecycle=0,1,0,1 log_queue=0 enqueued=1425 processed=1425 log_high=39 log_heartbeat_age_ms=864 log_waiting=1 queue_dropped=0 mirror_dropped=0 mirror_failures=0 mirror=1 worker=1 mdns_phase=waiting mdns_mode=0 mdns_running=1 mdns_suspended=0 ssdp_suspended=0 mdns_socket=1 mdns_heartbeat_age_ms=130 mdns_select=76 mdns_recv=14 mdns_sent=8
[INFO] [network-heartbeat] threshold_ms=1500 mdns=fd:1,active:1,oldest:select/130,total:292,max:237,error:0/none,hb:130,overflow:0,underflow:0 ssdp=fd:1,active:1,oldest:select/61,total:1701,max:104,error:0/none,hb:61,overflow:0,underflow:0 dlna-http=fd:1,active:1,oldest:select/63,total:1999,max:239,error:0/none,hb:63,overflow:0,underflow:0 airplay-control=fd:2,active:2,oldest:recv/155,total:548,max:239,error:11/recv,hb:86,overflow:0,underflow:0 iptv-background=fd:0,active:0,oldest:none/0,total:0,max:0,error:0/none,hb:0,overflow:0,underflow:0
[INFO] [soap] soap_call "AVTransport" "GetPositionInfo" <InstanceID>0</InstanceID>
[INFO] [protocol-coordinator] event=reject action=guard owner=dlna token=1 current_owner=none current_token=0 current_generation=0 reason=owner-mismatch
[INFO] [soap] assert_http_200 service=AVTransport action=GetPositionInfo handler=avtransport_get_position_info
[INFO] [soap] soap_call "AVTransport" "GetTransportInfo" <InstanceID>0</InstanceID>
[INFO] [soap] assert_http_200 service=AVTransport action=GetTransportInfo handler=avtransport_get_transport_info
[INFO] [airplay] t_ms=85368708 control request session=3 method=POST uri=<URL_REDACTED> body=0
[INFO] [airplay] session=3 request=11 method=POST uri=<URL_REDACTED> bytes=0 state=recording
[INFO] [airplay] t_ms=85368709 control response session=3 request=11 status=200 body=0 headers=3 sent=1 close=0
[INFO] [soap] soap_call "AVTransport" "GetTransportInfo" <InstanceID>0</InstanceID>
[INFO] [soap] assert_http_200 service=AVTransport action=GetTransportInfo handler=avtransport_get_transport_info
[INFO] [soap] soap_call "AVTransport" "GetPositionInfo" <InstanceID>0</InstanceID>
[INFO] [protocol-coordinator] event=reject action=guard owner=dlna token=1 current_owner=none current_token=0 current_generation=0 reason=owner-mismatch
[INFO] [soap] assert_http_200 service=AVTransport action=GetPositionInfo handler=avtransport_get_position_info
[INFO] [runtime-heartbeat] t_ms=85370295 frame=6633 view=home player_state=stopped media=1 return_home_pending=0 protocol_state=ready owner=none generation=0 resource_desired=home resource_applied=home resource_transition=0 resource_failed=0 resource_age_ms=0 iptv_background=0,0 discovery_suspended=0 service_workers=0,0,0 service_age_ms=119912,119906,15197 media_queue=0 media_high=1 media_command=0 media_kind=0 media_producer=0 media_token=0 media_generation=0 media_command_age_ms=0 media_heartbeat_age_ms=6 media_full=0 media_stale=0 media_timeout=0 media_coalesced=0 media_accepting=1 media_lifecycle=0,1,0,1 log_queue=0 enqueued=1440 processed=1440 log_high=39 log_heartbeat_age_ms=865 log_waiting=1 queue_dropped=0 mirror_dropped=0 mirror_failures=0 mirror=1 worker=1 mdns_phase=waiting mdns_mode=0 mdns_running=1 mdns_suspended=0 ssdp_suspended=0 mdns_socket=1 mdns_heartbeat_age_ms=53 mdns_select=87 mdns_recv=15 mdns_sent=10
[INFO] [network-heartbeat] threshold_ms=1500 mdns=fd:1,active:1,oldest:select/53,total:306,max:237,error:0/none,hb:53,overflow:0,underflow:0 ssdp=fd:1,active:1,oldest:select/59,total:1721,max:104,error:0/none,hb:59,overflow:0,underflow:0 dlna-http=fd:1,active:1,oldest:select/64,total:2034,max:239,error:0/none,hb:64,overflow:0,underflow:0 airplay-control=fd:2,active:2,oldest:recv/193,total:579,max:239,error:11/recv,hb:81,overflow:0,underflow:0 iptv-background=fd:0,active:0,oldest:none/0,total:0,max:0,error:0/none,hb:0,overflow:0,underflow:0
[INFO] [soap] soap_call "AVTransport" "GetPositionInfo" <InstanceID>0</InstanceID>
[INFO] [protocol-coordinator] event=reject action=guard owner=dlna token=1 current_owner=none current_token=0 current_generation=0 reason=owner-mismatch
[INFO] [soap] assert_http_200 service=AVTransport action=GetPositionInfo handler=avtransport_get_position_info
[INFO] [soap] soap_call "AVTransport" "GetTransportInfo" <InstanceID>0</InstanceID>
[INFO] [soap] assert_http_200 service=AVTransport action=GetTransportInfo handler=avtransport_get_transport_info
[INFO] [airplay] t_ms=85370723 control request session=3 method=POST uri=<URL_REDACTED> body=0
[INFO] [airplay] session=3 request=12 method=POST uri=<URL_REDACTED> bytes=0 state=recording
[INFO] [airplay] t_ms=85370723 control response session=3 request=12 status=200 body=0 headers=3 sent=1 close=0
[INFO] [soap] soap_call "AVTransport" "GetPositionInfo" <InstanceID>0</InstanceID>
[INFO] [protocol-coordinator] event=reject action=guard owner=dlna token=1 current_owner=none current_token=0 current_generation=0 reason=owner-mismatch
[INFO] [soap] assert_http_200 service=AVTransport action=GetPositionInfo handler=avtransport_get_position_info
[INFO] [soap] soap_call "AVTransport" "GetTransportInfo" <InstanceID>0</InstanceID>
[INFO] [soap] assert_http_200 service=AVTransport action=GetTransportInfo handler=avtransport_get_transport_info
[INFO] [runtime-heartbeat] t_ms=85372295 frame=6753 view=home player_state=stopped media=1 return_home_pending=0 protocol_state=ready owner=none generation=0 resource_desired=home resource_applied=home resource_transition=0 resource_failed=0 resource_age_ms=0 iptv_background=0,0 discovery_suspended=0 service_workers=0,0,0 service_age_ms=121912,121906,17197 media_queue=0 media_high=1 media_command=0 media_kind=0 media_producer=0 media_token=0 media_generation=0 media_command_age_ms=0 media_heartbeat_age_ms=5 media_full=0 media_stale=0 media_timeout=0 media_coalesced=0 media_accepting=1 media_lifecycle=0,1,0,1 log_queue=0 enqueued=1455 processed=1455 log_high=39 log_heartbeat_age_ms=816 log_waiting=1 queue_dropped=0 mirror_dropped=0 mirror_failures=0 mirror=1 worker=1 mdns_phase=waiting mdns_mode=0 mdns_running=1 mdns_suspended=0 ssdp_suspended=0 mdns_socket=1 mdns_heartbeat_age_ms=136 mdns_select=97 mdns_recv=16 mdns_sent=10
[INFO] [network-heartbeat] threshold_ms=1500 mdns=fd:1,active:1,oldest:select/136,total:317,max:237,error:0/none,hb:136,overflow:0,underflow:0 ssdp=fd:1,active:1,oldest:select/57,total:1753,max:104,error:0/none,hb:57,overflow:0,underflow:0 dlna-http=fd:1,active:1,oldest:select/16,total:2069,max:239,error:0/none,hb:16,overflow:0,underflow:0 airplay-control=fd:2,active:2,oldest:recv/179,total:611,max:239,error:11/recv,hb:76,overflow:0,underflow:0 iptv-background=fd:0,active:0,oldest:none/0,total:0,max:0,error:0/none,hb:0,overflow:0,underflow:0
[INFO] [soap] soap_call "AVTransport" "GetTransportInfo" <InstanceID>0</InstanceID>
[INFO] [soap] assert_http_200 service=AVTransport action=GetTransportInfo handler=avtransport_get_transport_info
[INFO] [soap] soap_call "AVTransport" "GetPositionInfo" <InstanceID>0</InstanceID>
[INFO] [protocol-coordinator] event=reject action=guard owner=dlna token=1 current_owner=none current_token=0 current_generation=0 reason=owner-mismatch
[INFO] [soap] assert_http_200 service=AVTransport action=GetPositionInfo handler=avtransport_get_position_info
[INFO] [airplay] t_ms=85372740 control request session=3 method=POST uri=<URL_REDACTED> body=0
[INFO] [airplay] session=3 request=13 method=POST uri=<URL_REDACTED> bytes=0 state=recording
[INFO] [airplay] t_ms=85372740 control response session=3 request=13 status=200 body=0 headers=3 sent=1 close=0
[INFO] [airplay] t_ms=85373038 control request session=3 method=TEARDOWN uri=<URL_REDACTED> body=42
[INFO] [airplay] session=3 request=14 method=TEARDOWN uri=<URL_REDACTED> bytes=42 state=recording
[INFO] [airplay] t_ms=85373083 control response session=3 request=14 status=200 body=0 headers=3 sent=1 close=1
[INFO] [airplay] t_ms=85373083 control closed session=3 requests=14 reason=response-close errno=0
[INFO] [airplay] t_ms=85373407 control accepted peer=<IP_REDACTED>:61638 fd=6
[INFO] [airplay] t_ms=85373407 control client-worker entered slot=0 fd=6
[INFO] [airplay] t_ms=85373408 control request session=4 method=GET uri=<URL_REDACTED> body=70
[INFO] [airplay] session=4 request=1 method=GET uri=<URL_REDACTED> bytes=70 state=connected
[INFO] [airplay] t_ms=85373408 control response session=4 request=1 status=200 body=274 headers=4 sent=1 close=0
[INFO] [airplay] t_ms=85373420 control request session=4 method=POST uri=<URL_REDACTED> body=68
[INFO] [airplay-pairing] t_ms=85373433 session=4 uri=<URL_REDACTED> bytes=68 state=idle->verify-challenge result=ok status=200 close=0
[INFO] [airplay] t_ms=85373433 control response session=4 request=2 status=200 body=96 headers=4 sent=1 close=0
[INFO] [soap] soap_call "AVTransport" "GetTransportInfo" <InstanceID>0</InstanceID>
[INFO] [soap] assert_http_200 service=AVTransport action=GetTransportInfo handler=avtransport_get_transport_info
[INFO] [soap] soap_call "AVTransport" "GetPositionInfo" <InstanceID>0</InstanceID>
[INFO] [protocol-coordinator] event=reject action=guard owner=dlna token=1 current_owner=none current_token=0 current_generation=0 reason=owner-mismatch
[INFO] [soap] assert_http_200 service=AVTransport action=GetPositionInfo handler=avtransport_get_position_info
[INFO] [airplay] t_ms=85373441 control request session=4 method=POST uri=<URL_REDACTED> body=68
[INFO] [airplay-pairing] t_ms=85373442 session=4 uri=<URL_REDACTED> bytes=68 state=verify-challenge->verified result=ok status=200 close=0
[INFO] [airplay] t_ms=85373442 control response session=4 request=3 status=200 body=0 headers=4 sent=1 close=0
[INFO] [airplay] t_ms=85373447 control request session=4 method=POST uri=<URL_REDACTED> body=16
[INFO] [airplay] session=4 request=4 method=POST uri=<URL_REDACTED> bytes=16 state=connected
[INFO] [airplay] endpoint=fp-setup bytes=16 result=ok
[INFO] [airplay] t_ms=85373447 control response session=4 request=4 status=200 body=142 headers=4 sent=1 close=0
[INFO] [airplay] t_ms=85373453 control request session=4 method=POST uri=<URL_REDACTED> body=164
[INFO] [airplay] session=4 request=5 method=POST uri=<URL_REDACTED> bytes=164 state=connected
[INFO] [airplay] endpoint=fp-setup bytes=164 result=ok
[INFO] [airplay] t_ms=85373453 control response session=4 request=5 status=200 body=32 headers=4 sent=1 close=0
[INFO] [airplay] t_ms=85373460 control request session=4 method=SETUP uri=<URL_REDACTED> body=697
[INFO] [airplay] session=4 request=6 method=SETUP uri=<URL_REDACTED> bytes=697 state=connected
[INFO] [airplay] t_ms=85373460 setup metadata session=4 keys=19 initial=1 timing=NTP timing_port=57810 remote_control=0 streams=0 mirror=0 audio=0
[INFO] [airplay-timing] session=4 protocol=NTP local=62290 remote=57810
[INFO] [airplay] session=4 method=SETUP initial=1 mirror=0 record=0 result=ok
[INFO] [airplay] t_ms=85373461 control response session=4 request=6 status=200 body=76 headers=4 sent=1 close=0
[INFO] [airplay-timing] first NTP response received
[INFO] [airplay] t_ms=85373470 control request session=4 method=GET uri=<URL_REDACTED> body=0
[INFO] [airplay] session=4 request=7 method=GET uri=<URL_REDACTED> bytes=0 state=setup
[INFO] [airplay] t_ms=85373470 control response session=4 request=7 status=200 body=1105 headers=4 sent=1 close=0
[INFO] [airplay] t_ms=85373476 control request session=4 method=RECORD uri=<URL_REDACTED> body=0
[INFO] [airplay] session=4 request=8 method=RECORD uri=<URL_REDACTED> bytes=0 state=setup
[INFO] [airplay] session=4 method=RECORD mirror=0 deferred=1
[INFO] [airplay] t_ms=85373476 control response session=4 request=8 status=200 body=0 headers=4 sent=1 close=0
[INFO] [runtime-heartbeat] t_ms=85374295 frame=6873 view=home player_state=stopped media=1 return_home_pending=0 protocol_state=ready owner=none generation=0 resource_desired=home resource_applied=home resource_transition=0 resource_failed=0 resource_age_ms=0 iptv_background=0,0 discovery_suspended=0 service_workers=0,0,0 service_age_ms=123912,123906,19197 media_queue=0 media_high=1 media_command=0 media_kind=0 media_producer=0 media_token=0 media_generation=0 media_command_age_ms=0 media_heartbeat_age_ms=3 media_full=0 media_stale=0 media_timeout=0 media_coalesced=0 media_accepting=1 media_lifecycle=0,1,0,1 log_queue=0 enqueued=1507 processed=1507 log_high=39 log_heartbeat_age_ms=819 log_waiting=1 queue_dropped=0 mirror_dropped=0 mirror_failures=0 mirror=1 worker=1 mdns_phase=waiting mdns_mode=0 mdns_running=1 mdns_suspended=0 ssdp_suspended=0 mdns_socket=1 mdns_heartbeat_age_ms=148 mdns_select=110 mdns_recv=20 mdns_sent=10
[INFO] [network-heartbeat] threshold_ms=1500 mdns=fd:1,active:1,oldest:select/148,total:334,max:237,error:0/none,hb:148,overflow:0,underflow:0 ssdp=fd:1,active:1,oldest:select/55,total:1773,max:104,error:0/none,hb:55,overflow:0,underflow:0 dlna-http=fd:1,active:1,oldest:select/61,total:2104,max:239,error:0/none,hb:61,overflow:0,underflow:0 airplay-control=fd:2,active:2,oldest:select/88,total:660,max:239,error:11/recv,hb:23,overflow:0,underflow:0 iptv-background=fd:0,active:0,oldest:none/0,total:0,max:0,error:0/none,hb:0,overflow:0,underflow:0
[INFO] [soap] soap_call "AVTransport" "GetTransportInfo" <InstanceID>0</InstanceID>
[INFO] [soap] assert_http_200 service=AVTransport action=GetTransportInfo handler=avtransport_get_transport_info
[INFO] [soap] soap_call "AVTransport" "GetPositionInfo" <InstanceID>0</InstanceID>
[INFO] [protocol-coordinator] event=reject action=guard owner=dlna token=1 current_owner=none current_token=0 current_generation=0 reason=owner-mismatch
[INFO] [soap] assert_http_200 service=AVTransport action=GetPositionInfo handler=avtransport_get_position_info
[INFO] [soap] soap_call "AVTransport" "GetTransportInfo" <InstanceID>0</InstanceID>
[INFO] [soap] assert_http_200 service=AVTransport action=GetTransportInfo handler=avtransport_get_transport_info
[INFO] [soap] soap_call "AVTransport" "GetPositionInfo" <InstanceID>0</InstanceID>
[INFO] [protocol-coordinator] event=reject action=guard owner=dlna token=1 current_owner=none current_token=0 current_generation=0 reason=owner-mismatch
[INFO] [soap] assert_http_200 service=AVTransport action=GetPositionInfo handler=avtransport_get_position_info
[INFO] [airplay] t_ms=85375689 control request session=4 method=POST uri=<URL_REDACTED> body=0
[INFO] [airplay] session=4 request=9 method=POST uri=<URL_REDACTED> bytes=0 state=recording
[INFO] [airplay] t_ms=85375689 control response session=4 request=9 status=200 body=0 headers=3 sent=1 close=0
[INFO] [soap] soap_call "AVTransport" "SetAVTransportURI" <InstanceID>0</InstanceID> <CurrentURI><URL_REDACTED></CurrentURI>
[INFO] [media-trace] seq=5 t_ms=0 action=SetAVTransportURI phase=begin url_hash=9a486157 metadata_bytes=2160 url=<URL_REDACTED>
[INFO] [media-trace] seq=5 t_ms=0 layer=soap action=SetAVTransportURI phase=dispatch instance=0 url_hash=9a486157 url=<URL_REDACTED>
[INFO] [protocol-coordinator] event=claim previous_owner=none previous_token=0 previous_generation=0 owner=dlna token=1 generation=6
[INFO] [protocol-coordinator] revision=58->61 state=ready->media-active iptv=running->running dlna=running->running airplay=running->running owner=none->dlna token=1 generation=6 pin_visible=0 resource=home->home desired=dlna-exclusive transition=1 failed=0 discovery_suspended=0->0 airplay_running=1 airplay_starting=0 status=Ready for AirPlay video
[INFO] [iptv] background-network suspended=1 quiesced=1
[INFO] [airplay] t_ms=85376264 control closed session=4 requests=9 reason=peer-closed errno=0
[INFO] [protocol-coordinator] event=reject action=validate owner=none token=0 generation=0 current_owner=dlna current_token=1 current_generation=6 reason=stale-lease
[INFO] [protocol-coordinator] event=reject action=validate owner=none token=0 generation=0 current_owner=dlna current_token=1 current_generation=6 reason=stale-lease
[INFO] [media-trace] seq=5 t_ms=13 layer=player action=set_media phase=begin url_hash=9a486157 url=<URL_REDACTED>
[INFO] [media-trace] seq=5 t_ms=13 layer=libmpv action=set_media phase=begin url_hash=9a486157 detail=- url=<URL_REDACTED>
[INFO] [media-trace] seq=5 t_ms=13 layer=libmpv action=set_media phase=mutex-wait url_hash=9a486157 detail=- url=<URL_REDACTED>
[INFO] [media-trace] seq=5 t_ms=13 layer=libmpv action=set_media phase=mutex-acquired url_hash=9a486157 detail=- url=<URL_REDACTED>
[INFO] [media-trace] seq=5 t_ms=13 layer=libmpv action=loadfile phase=dispatch url_hash=9a486157 detail=paused=1 profile=direct-mp4-fast url=<URL_REDACTED>
[INFO] [media-trace] seq=5 t_ms=13 layer=libmpv action=loadfile phase=queued url_hash=9a486157 detail=paused=1 profile=direct-mp4-fast url=<URL_REDACTED>
[INFO] [media-trace] seq=5 t_ms=13 layer=libmpv action=set_media phase=done url_hash=9a486157 detail=- url=<URL_REDACTED>
[INFO] [media-trace] seq=5 t_ms=13 layer=player action=set_media phase=done url_hash=9a486157 url=<URL_REDACTED>
[INFO] [media-trace] seq=5 t_ms=14 layer=libmpv action=mpv-start-file phase=event url_hash=9a486157 detail=- url=<URL_REDACTED>
[INFO] [player-libmpv] start-file uri=<URL_REDACTED>
[INFO] [media-trace] seq=5 t_ms=14 layer=soap action=SetAVTransportURI phase=done url_hash=9a486157 url=<URL_REDACTED>
[INFO] [soap] assert_http_200 service=AVTransport action=SetAVTransportURI handler=avtransport_set_uri
[INFO] [protocol-coordinator] revision=61->64 state=media-active->media-active iptv=running->running dlna=running->running airplay=running->stopped owner=dlna->dlna token=1 generation=6 pin_visible=0 resource=home->dlna-exclusive desired=dlna-exclusive transition=0 failed=0 discovery_suspended=0->0 airplay_running=0 airplay_starting=0 status=none
[INFO] [soap] soap_call "AVTransport" "Play" <InstanceID>0</InstanceID> <Speed>1</Speed>
[INFO] [media-trace] seq=5 t_ms=33 layer=soap action=Play phase=begin url_hash=9a486157 detail=1 url=<URL_REDACTED>
[INFO] [media-trace] seq=5 t_ms=33 layer=player action=Play phase=backend-call-begin url_hash=9a486157 detail=-
[INFO] [media-trace] seq=5 t_ms=33 layer=libmpv action=Play phase=mutex-wait url_hash=9a486157 detail=- url=<URL_REDACTED>
[INFO] [media-trace] seq=5 t_ms=34 layer=libmpv action=Play phase=mutex-acquired url_hash=9a486157 detail=- url=<URL_REDACTED>
[INFO] [media-trace] seq=5 t_ms=34 layer=libmpv action=Play phase=deferred url_hash=9a486157 detail=waiting-file-loaded url=<URL_REDACTED>
[INFO] [media-trace] seq=5 t_ms=34 layer=player action=Play phase=backend-call-done url_hash=9a486157 detail=ok
[INFO] [media-trace] seq=5 t_ms=34 layer=player action=Play phase=snapshot-refresh-begin url_hash=9a486157 detail=-
[INFO] [media-trace] seq=5 t_ms=34 layer=player action=Play phase=snapshot-refresh-done url_hash=9a486157 detail=-
[INFO] [media-trace] seq=5 t_ms=34 layer=player action=Play phase=backend-wakeup-begin url_hash=9a486157 detail=-
[INFO] [media-trace] seq=5 t_ms=34 layer=player action=Play phase=backend-wakeup-done url_hash=9a486157 detail=-
[INFO] [media-trace] seq=5 t_ms=34 layer=soap action=Play phase=done url_hash=9a486157 detail=1 url=<URL_REDACTED>
[INFO] [soap] assert_http_200 service=AVTransport action=Play handler=avtransport_play
[INFO] [runtime-heartbeat] t_ms=85376296 frame=6993 view=home player_state=loading media=1 return_home_pending=0 protocol_state=media-active owner=dlna generation=6 resource_desired=dlna-exclusive resource_applied=dlna-exclusive resource_transition=0 resource_failed=0 resource_age_ms=0 iptv_background=1,0 discovery_suspended=0 service_workers=0,0,0 service_age_ms=125913,125907,26 media_queue=0 media_high=1 media_command=0 media_kind=0 media_producer=0 media_token=0 media_generation=0 media_command_age_ms=0 media_heartbeat_age_ms=4 media_full=0 media_stale=0 media_timeout=0 media_coalesced=0 media_accepting=1 media_lifecycle=0,1,0,1 log_queue=0 enqueued=1557 processed=1557 log_high=39 log_heartbeat_age_ms=4 log_waiting=1 queue_dropped=0 mirror_dropped=0 mirror_failures=0 mirror=1 worker=1 mdns_phase=stopped mdns_mode=0 mdns_running=0 mdns_suspended=0 ssdp_suspended=0 mdns_socket=0 mdns_heartbeat_age_ms=32 mdns_select=123 mdns_recv=23 mdns_sent=12
[INFO] [network-heartbeat] threshold_ms=1500 mdns=fd:0,active:0,oldest:none/0,total:351,max:237,error:0/none,hb:32,overflow:0,underflow:0 ssdp=fd:1,active:1,oldest:select/54,total:1793,max:104,error:0/none,hb:54,overflow:0,underflow:0 dlna-http=fd:1,active:1,oldest:select/4,total:2146,max:239,error:0/none,hb:4,overflow:0,underflow:0 airplay-control=fd:0,active:0,oldest:none/0,total:691,max:239,error:11/recv,hb:26,overflow:0,underflow:0 iptv-background=fd:0,active:0,oldest:none/0,total:0,max:0,error:0/none,hb:0,overflow:0,underflow:0
[INFO] [soap] soap_call "AVTransport" "GetPositionInfo" <InstanceID>0</InstanceID>
[INFO] [soap] assert_http_200 service=AVTransport action=GetPositionInfo handler=avtransport_get_position_info
[INFO] [soap] soap_call "AVTransport" "GetTransportInfo" <InstanceID>0</InstanceID>
[INFO] [soap] assert_http_200 service=AVTransport action=GetTransportInfo handler=avtransport_get_transport_info
[INFO] [player-libmpv][cplayer]  (+) Video --vid=1 (*) (h264 1280x720 30.000fps)
[INFO] [player-libmpv][cplayer]  (+) Audio --aid=1 (*) (aac 2ch 44100Hz)
[INFO] [player-libmpv][display-tags] File tags:
[INFO] [player-libmpv][display-tags]  Description: Packed by Bilibili XCoder v2.0.2
[INFO] [media-trace] seq=5 t_ms=253 layer=libmpv action=mpv-file-loaded phase=event url_hash=9a486157 detail=- url=<URL_REDACTED>
[INFO] [player-libmpv] file-loaded uri=<URL_REDACTED>
[INFO] [media-trace] seq=5 t_ms=254 layer=libmpv action=Play phase=dispatch url_hash=9a486157 detail=file-loaded-autoplay url=<URL_REDACTED>
[INFO] [player-libmpv][vd] Using hardware decoding (nvtegra).
[INFO] [player-libmpv][cplayer] AO: [hos] 44100Hz stereo 2ch s16
[INFO] [player-libmpv][cplayer] VO: [libmpv] 1280x720 nvtegra[nv12]
[INFO] [media-trace] seq=5 t_ms=477 layer=libmpv action=mpv-playback-restart phase=event url_hash=9a486157 detail=- url=<URL_REDACTED>
[INFO] [media-trace] seq=5 t_ms=477 layer=libmpv action=startup-gate phase=seek-window url_hash=9a486157 detail=open url=<URL_REDACTED>
[INFO] [media-trace] seq=5 t_ms=833 layer=libmpv action=startup-gate phase=released url_hash=9a486157 detail=initial-seek-window-expired url=<URL_REDACTED>
[INFO] [soap] soap_call "AVTransport" "GetTransportInfo" <InstanceID>0</InstanceID>
[INFO] [soap] assert_http_200 service=AVTransport action=GetTransportInfo handler=avtransport_get_transport_info
[INFO] [soap] soap_call "AVTransport" "GetPositionInfo" <InstanceID>0</InstanceID>
[INFO] [soap] assert_http_200 service=AVTransport action=GetPositionInfo handler=avtransport_get_position_info
[INFO] [soap] soap_call "AVTransport" "GetTransportInfo" <InstanceID>0</InstanceID>
[INFO] [soap] assert_http_200 service=AVTransport action=GetTransportInfo handler=avtransport_get_transport_info
[INFO] [runtime-heartbeat] t_ms=85378312 frame=7114 view=home player_state=playing media=1 return_home_pending=0 protocol_state=media-active owner=dlna generation=6 resource_desired=dlna-exclusive resource_applied=dlna-exclusive resource_transition=0 resource_failed=0 resource_age_ms=0 iptv_background=1,0 discovery_suspended=0 service_workers=0,0,0 service_age_ms=127929,127923,2042 media_queue=0 media_high=1 media_command=0 media_kind=0 media_producer=0 media_token=0 media_generation=0 media_command_age_ms=0 media_heartbeat_age_ms=4 media_full=0 media_stale=0 media_timeout=0 media_coalesced=0 media_accepting=1 media_lifecycle=0,1,0,1 log_queue=1 enqueued=1582 processed=1580 log_high=39 log_heartbeat_age_ms=0 log_waiting=0 queue_dropped=0 mirror_dropped=0 mirror_failures=0 mirror=1 worker=1 mdns_phase=stopped mdns_mode=0 mdns_running=0 mdns_suspended=0 ssdp_suspended=0 mdns_socket=0 mdns_heartbeat_age_ms=2049 mdns_select=123 mdns_recv=23 mdns_sent=12
[INFO] [network-heartbeat] threshold_ms=1500 mdns=fd:0,active:0,oldest:none/0,total:351,max:237,error:0/none,hb:2049,overflow:0,underflow:0 ssdp=fd:1,active:1,oldest:select/69,total:1813,max:104,error:0/none,hb:69,overflow:0,underflow:0 dlna-http=fd:2,active:1,oldest:send/0,total:2183,max:239,error:0/none,hb:0,overflow:0,underflow:0 airplay-control=fd:0,active:0,oldest:none/0,total:691,max:239,error:11/recv,hb:2043,overflow:0,underflow:0 iptv-background=fd:0,active:0,oldest:none/0,total:0,max:0,error:0/none,hb:0,overflow:0,underflow:0
[INFO] [soap] soap_call "AVTransport" "GetPositionInfo" <InstanceID>0</InstanceID>
[INFO] [soap] assert_http_200 service=AVTransport action=GetPositionInfo handler=avtransport_get_position_info
[INFO] [input] buttons_down=0x20000 view=home state=playing media=1
[INFO] [soap] soap_call "AVTransport" "GetPositionInfo" <InstanceID>0</InstanceID>
[INFO] [soap] assert_http_200 service=AVTransport action=GetPositionInfo handler=avtransport_get_position_info
[INFO] [soap] soap_call "AVTransport" "GetTransportInfo" <InstanceID>0</InstanceID>
[INFO] [soap] assert_http_200 service=AVTransport action=GetTransportInfo handler=avtransport_get_transport_info
[INFO] [runtime-heartbeat] t_ms=85380312 frame=7234 view=home player_state=playing media=1 return_home_pending=0 protocol_state=media-active owner=dlna generation=6 resource_desired=dlna-exclusive resource_applied=dlna-exclusive resource_transition=0 resource_failed=0 resource_age_ms=0 iptv_background=1,0 discovery_suspended=0 service_workers=0,0,0 service_age_ms=129929,129923,4042 media_queue=0 media_high=1 media_command=0 media_kind=0 media_producer=0 media_token=0 media_generation=0 media_command_age_ms=0 media_heartbeat_age_ms=6 media_full=0 media_stale=0 media_timeout=0 media_coalesced=0 media_accepting=1 media_lifecycle=0,1,0,1 log_queue=0 enqueued=1591 processed=1591 log_high=39 log_heartbeat_age_ms=970 log_waiting=1 queue_dropped=0 mirror_dropped=0 mirror_failures=0 mirror=1 worker=1 mdns_phase=stopped mdns_mode=0 mdns_running=0 mdns_suspended=0 ssdp_suspended=0 mdns_socket=0 mdns_heartbeat_age_ms=4049 mdns_select=123 mdns_recv=23 mdns_sent=12
[INFO] [network-heartbeat] threshold_ms=1500 mdns=fd:0,active:0,oldest:none/0,total:351,max:237,error:0/none,hb:4049,overflow:0,underflow:0 ssdp=fd:1,active:1,oldest:select/21,total:1920,max:104,error:0/none,hb:21,overflow:0,underflow:0 dlna-http=fd:1,active:1,oldest:select/69,total:2215,max:239,error:0/none,hb:69,overflow:0,underflow:0 airplay-control=fd:0,active:0,oldest:none/0,total:691,max:239,error:11/recv,hb:4043,overflow:0,underflow:0 iptv-background=fd:0,active:0,oldest:none/0,total:0,max:0,error:0/none,hb:0,overflow:0,underflow:0
[INFO] [soap] soap_call "AVTransport" "GetTransportInfo" <InstanceID>0</InstanceID>
[INFO] [soap] assert_http_200 service=AVTransport action=GetTransportInfo handler=avtransport_get_transport_info
[INFO] [soap] soap_call "AVTransport" "GetPositionInfo" <InstanceID>0</InstanceID>
[INFO] [soap] assert_http_200 service=AVTransport action=GetPositionInfo handler=avtransport_get_position_info
[INFO] [soap] soap_call "AVTransport" "GetTransportInfo" <InstanceID>0</InstanceID>
[INFO] [soap] assert_http_200 service=AVTransport action=GetTransportInfo handler=avtransport_get_transport_info
[INFO] [soap] soap_call "AVTransport" "GetPositionInfo" <InstanceID>0</InstanceID>
[INFO] [soap] assert_http_200 service=AVTransport action=GetPositionInfo handler=avtransport_get_position_info
[INFO] [soap] soap_call "AVTransport" "GetTransportInfo" <InstanceID>0</InstanceID>
[INFO] [soap] assert_http_200 service=AVTransport action=GetTransportInfo handler=avtransport_get_transport_info
[INFO] [soap] soap_call "AVTransport" "GetPositionInfo" <InstanceID>0</InstanceID>
[INFO] [soap] assert_http_200 service=AVTransport action=GetPositionInfo handler=avtransport_get_position_info
[INFO] [runtime-heartbeat] t_ms=85382312 frame=7354 view=home player_state=playing media=1 return_home_pending=0 protocol_state=media-active owner=dlna generation=6 resource_desired=dlna-exclusive resource_applied=dlna-exclusive resource_transition=0 resource_failed=0 resource_age_ms=0 iptv_background=1,0 discovery_suspended=0 service_workers=0,0,0 service_age_ms=131929,131923,6042 media_queue=0 media_high=1 media_command=0 media_kind=0 media_producer=0 media_token=0 media_generation=0 media_command_age_ms=0 media_heartbeat_age_ms=8 media_full=0 media_stale=0 media_timeout=0 media_coalesced=0 media_accepting=1 media_lifecycle=0,1,0,1 log_queue=0 enqueued=1605 processed=1604 log_high=39 log_heartbeat_age_ms=2 log_waiting=0 queue_dropped=0 mirror_dropped=0 mirror_failures=0 mirror=1 worker=1 mdns_phase=stopped mdns_mode=0 mdns_running=0 mdns_suspended=0 ssdp_suspended=0 mdns_socket=0 mdns_heartbeat_age_ms=6049 mdns_select=123 mdns_recv=23 mdns_sent=12
[INFO] [network-heartbeat] threshold_ms=1500 mdns=fd:0,active:0,oldest:none/0,total:351,max:237,error:0/none,hb:6049,overflow:0,underflow:0 ssdp=fd:1,active:1,oldest:select/19,total:1940,max:104,error:0/none,hb:19,overflow:0,underflow:0 dlna-http=fd:1,active:1,oldest:select/0,total:2259,max:239,error:0/none,hb:0,overflow:0,underflow:0 airplay-control=fd:0,active:0,oldest:none/0,total:691,max:239,error:11/recv,hb:6043,overflow:0,underflow:0 iptv-background=fd:0,active:0,oldest:none/0,total:0,max:0,error:0/none,hb:0,overflow:0,underflow:0
[INFO] [soap] soap_call "AVTransport" "GetPositionInfo" <InstanceID>0</InstanceID>
[INFO] [soap] assert_http_200 service=AVTransport action=GetPositionInfo handler=avtransport_get_position_info
[INFO] [soap] soap_call "AVTransport" "GetTransportInfo" <InstanceID>0</InstanceID>
[INFO] [soap] assert_http_200 service=AVTransport action=GetTransportInfo handler=avtransport_get_transport_info
[INFO] [soap] soap_call "AVTransport" "Stop" <InstanceID>0</InstanceID>
[INFO] [media-trace] seq=5 t_ms=7141 layer=soap action=Stop phase=begin url_hash=9a486157 detail=- url=<URL_REDACTED>
[INFO] [media-trace] seq=5 t_ms=7141 layer=player action=Stop phase=backend-call-begin url_hash=9a486157 detail=-
[INFO] [media-trace] seq=5 t_ms=7141 layer=libmpv action=Stop phase=mutex-wait url_hash=9a486157 detail=- url=<URL_REDACTED>
[INFO] [media-trace] seq=5 t_ms=7141 layer=libmpv action=Stop phase=mutex-acquired url_hash=9a486157 detail=- url=<URL_REDACTED>
[INFO] [media-trace] seq=5 t_ms=7141 layer=libmpv action=Stop phase=dispatch url_hash=9a486157 detail=- url=<URL_REDACTED>
[INFO] [media-trace] seq=5 t_ms=7141 layer=player action=Stop phase=backend-call-done url_hash=9a486157 detail=ok
[INFO] [media-trace] seq=5 t_ms=7141 layer=player action=Stop phase=snapshot-refresh-begin url_hash=9a486157 detail=-
[INFO] [media-trace] seq=5 t_ms=7141 layer=player action=Stop phase=snapshot-refresh-done url_hash=9a486157 detail=-
[INFO] [media-trace] seq=5 t_ms=7141 layer=player action=Stop phase=backend-wakeup-begin url_hash=9a486157 detail=-
[INFO] [media-trace] seq=5 t_ms=7141 layer=player action=Stop phase=backend-wakeup-done url_hash=9a486157 detail=-
[INFO] [protocol-coordinator] event=release action=release owner=dlna token=1 generation=6 reason=completed
[INFO] [media-trace] seq=5 t_ms=7141 layer=soap action=Stop phase=done url_hash=9a486157 detail=- url=<URL_REDACTED>
[INFO] [soap] assert_http_200 service=AVTransport action=Stop handler=avtransport_stop
[INFO] [protocol-coordinator] revision=64->67 state=media-active->ready iptv=running->running dlna=running->running airplay=stopped->stopped owner=dlna->none token=0 generation=0 pin_visible=0 resource=dlna-exclusive->dlna-exclusive desired=home transition=1 failed=0 discovery_suspended=0->0 airplay_running=0 airplay_starting=0 status=none
[INFO] [airplay] t_ms=85383414 integration stage=ed25519 begin
[INFO] [airplay] t_ms=85383414 integration stage=ed25519 done
[INFO] [airplay] t_ms=85383414 integration stage=mirror-runtime begin
[INFO] [airplay] t_ms=85383414 integration stage=mirror-runtime done
[INFO] [airplay] t_ms=85383414 integration stage=remote-video begin
[INFO] [airplay] t_ms=85383414 integration stage=remote-video done
[INFO] [airplay] t_ms=85383414 integration stage=receiver begin
[INFO] [airplay] t_ms=85383414 receiver stage=pairing-identity begin
[INFO] [airplay] t_ms=85383421 receiver stage=pairing-identity done
[INFO] [airplay] t_ms=85383421 receiver stage=dns-sd-txt begin
[INFO] [airplay] t_ms=85383421 receiver stage=dns-sd-txt done
[INFO] [airplay] t_ms=85383421 receiver stage=handlers begin
[INFO] [airplay] t_ms=85383421 handlers stage=validate begin
[INFO] [airplay] t_ms=85383421 handlers stage=validate done
[INFO] [airplay] t_ms=85383421 handlers stage=allocate begin bytes=792
[INFO] [airplay] t_ms=85383421 handlers stage=allocate done
[INFO] [airplay] t_ms=85383421 handlers stage=copy begin txt_bytes=214
[INFO] [airplay] t_ms=85383421 handlers stage=copy done
[INFO] [airplay] t_ms=85383421 receiver stage=handlers done
[INFO] [airplay] t_ms=85383421 receiver stage=control-server begin
[INFO] [airplay-server] listening on :7000
[INFO] [airplay] t_ms=85383421 receiver stage=control-server done port=7000
[INFO] [airplay] t_ms=85383421 receiver stage=lifecycle begin
[INFO] [airplay] t_ms=85383421 receiver stage=lifecycle done
[INFO] [airplay] t_ms=85383421 receiver stage=mdns begin
[INFO] [airplay] t_ms=85383421 mdns stage=local-address begin
[INFO] [airplay] t_ms=85383422 mdns stage=local-address done
[INFO] [airplay-mdns] local-address=<IP_REDACTED>
[INFO] [airplay] t_ms=85383422 mdns stage=service-record begin
[INFO] [airplay] t_ms=85383422 mdns stage=service-record done
[INFO] [airplay] t_ms=85383422 mdns stage=socket begin
[INFO] [airplay] t_ms=85383422 mdns socket stage=create begin
[INFO] [airplay] t_ms=85383422 mdns socket stage=create done fd=8
[INFO] [airplay] t_ms=85383422 mdns socket stage=bind begin port=5353
[INFO] [airplay] t_ms=85383422 mdns socket stage=bind done
[INFO] [airplay] t_ms=85383422 mdns socket stage=multicast-join begin
[INFO] [airplay] t_ms=85383422 mdns socket stage=multicast-join done
[INFO] [airplay] t_ms=85383422 mdns stage=socket done
[INFO] [airplay] t_ms=85383423 mdns stage=thread begin
[INFO] [airplay] t_ms=85383423 mdns thread-create begin stack=65536
[INFO] [airplay] t_ms=85383423 mdns thread-create done rc=0x00000000
[INFO] [airplay] t_ms=85383423 mdns thread-start begin
[INFO] [airplay] t_ms=85383423 mdns worker entered
[INFO] [airplay] t_ms=85383423 mdns worker mode=0 priority=0x2b
[INFO] [airplay] t_ms=85383423 mdns worker announce begin
[INFO] [airplay] t_ms=85383423 mdns thread-start done rc=0x00000000
[INFO] [airplay] t_ms=85383423 mdns stage=thread done
[INFO] [airplay-mdns] started airplay=NX-Cast raop=<IDENTIFIER_REDACTED>@NX-Cast port=7000 features=0x5A7FFEE6,0x0
[INFO] [airplay-mdns] started airplay=NX-Cast raop=<IDENTIFIER_REDACTED>@NX-Cast port=7000 features=0x5A7FFEE6,0x0
[INFO] [airplay] t_ms=85383423 receiver stage=mdns done
[INFO] [airplay] t_ms=85383423 integration stage=receiver done
[INFO] [airplay] integration started port=7000 discovery=1
[INFO] [iptv] background-network suspended=0 quiesced=1
[INFO] [airplay] t_ms=85383423 mdns worker announce done
[INFO] [protocol-coordinator] revision=67->71 state=ready->ready iptv=running->running dlna=running->running airplay=stopped->running owner=none->none token=0 generation=0 pin_visible=0 resource=dlna-exclusive->home desired=home transition=0 failed=0 discovery_suspended=0->0 airplay_running=1 airplay_starting=0 status=Ready for AirPlay video
[WARN] [player-libmpv][ffmpeg/demuxer] mov,mp4,m4a,3gp,3g2,mj2: Packet corrupt (stream = 0, dts = 661872).
[ERROR] [player-libmpv][ffmpeg] NULL: Invalid NAL unit size (12063 > 3136).
[ERROR] [player-libmpv][ffmpeg] NULL: missing picture in access unit with size 3140
[INFO] [player-libmpv] end-file uri=<URL_REDACTED> reason=stop error=success
[INFO] [media-trace] seq=5 t_ms=7273 layer=libmpv action=mpv-end-file phase=event url_hash=9a486157 detail=stop url=<URL_REDACTED>
[INFO] [runtime-heartbeat] t_ms=85384312 frame=7474 view=home player_state=stopped media=1 return_home_pending=0 protocol_state=ready owner=none generation=0 resource_desired=home resource_applied=home resource_transition=0 resource_failed=0 resource_age_ms=0 iptv_background=0,0 discovery_suspended=0 service_workers=0,0,0 service_age_ms=133929,133923,889 media_queue=0 media_high=1 media_command=0 media_kind=0 media_producer=0 media_token=0 media_generation=0 media_command_age_ms=0 media_heartbeat_age_ms=4 media_full=0 media_stale=0 media_timeout=0 media_coalesced=0 media_accepting=1 media_lifecycle=0,1,0,1 log_queue=0 enqueued=1686 processed=1686 log_high=39 log_heartbeat_age_ms=781 log_waiting=1 queue_dropped=0 mirror_dropped=0 mirror_failures=0 mirror=1 worker=1 mdns_phase=waiting mdns_mode=0 mdns_running=1 mdns_suspended=0 ssdp_suspended=0 mdns_socket=1 mdns_heartbeat_age_ms=89 mdns_select=4 mdns_recv=0 mdns_sent=2
[INFO] [network-heartbeat] threshold_ms=1500 mdns=fd:1,active:1,oldest:select/89,total:361,max:237,error:0/none,hb:89,overflow:0,underflow:0 ssdp=fd:1,active:1,oldest:select/16,total:1960,max:104,error:0/none,hb:16,overflow:0,underflow:0 dlna-http=fd:1,active:1,oldest:select/12,total:2290,max:239,error:0/none,hb:12,overflow:0,underflow:0 airplay-control=fd:1,active:1,oldest:select/90,total:701,max:239,error:11/recv,hb:90,overflow:0,underflow:0 iptv-background=fd:0,active:0,oldest:none/0,total:0,max:0,error:0/none,hb:0,overflow:0,underflow:0
[INFO] [runtime-heartbeat] t_ms=85386312 frame=7594 view=home player_state=stopped media=1 return_home_pending=0 protocol_state=ready owner=none generation=0 resource_desired=home resource_applied=home resource_transition=0 resource_failed=0 resource_age_ms=0 iptv_background=0,0 discovery_suspended=0 service_workers=0,0,0 service_age_ms=135929,135923,2889 media_queue=0 media_high=1 media_command=0 media_kind=0 media_producer=0 media_token=0 media_generation=0 media_command_age_ms=0 media_heartbeat_age_ms=3 media_full=0 media_stale=0 media_timeout=0 media_coalesced=0 media_accepting=1 media_lifecycle=0,1,0,1 log_queue=0 enqueued=1688 processed=1688 log_high=39 log_heartbeat_age_ms=2000 log_waiting=1 queue_dropped=0 mirror_dropped=0 mirror_failures=0 mirror=1 worker=1 mdns_phase=waiting mdns_mode=0 mdns_running=1 mdns_suspended=0 ssdp_suspended=0 mdns_socket=1 mdns_heartbeat_age_ms=88 mdns_select=14 mdns_recv=0 mdns_sent=2
[INFO] [network-heartbeat] threshold_ms=1500 mdns=fd:1,active:1,oldest:select/88,total:371,max:237,error:0/none,hb:88,overflow:0,underflow:0 ssdp=fd:1,active:1,oldest:select/15,total:1980,max:104,error:0/none,hb:15,overflow:0,underflow:0 dlna-http=fd:1,active:1,oldest:select/11,total:2310,max:239,error:0/none,hb:11,overflow:0,underflow:0 airplay-control=fd:1,active:1,oldest:select/90,total:721,max:239,error:11/recv,hb:90,overflow:0,underflow:0 iptv-background=fd:0,active:0,oldest:none/0,total:0,max:0,error:0/none,hb:0,overflow:0,underflow:0
[INFO] [input] buttons_down=0x80 view=home state=stopped media=1
[INFO] [input] buttons_down=0x200000 view=home state=stopped media=1
[INFO] [input] buttons_down=0x4 view=home state=stopped media=1
[INFO] [input] action=iptv-panel open=1 page=channels
[WARN] [player-imgui] failed to decode IPTV logo path=sdmc:/switch/NX-Cast/iptv/cache/logos/4a7088d3.img
[WARN] [player-imgui] failed to decode IPTV logo path=sdmc:/switch/NX-Cast/iptv/cache/logos/9efc58f1.img
[WARN] [player-imgui] failed to decode IPTV logo path=sdmc:/switch/NX-Cast/iptv/cache/logos/52e0194c.img
[WARN] [player-imgui] failed to decode IPTV logo path=sdmc:/switch/NX-Cast/iptv/cache/logos/a08eed09.img
[WARN] [player-imgui] failed to decode IPTV logo path=sdmc:/switch/NX-Cast/iptv/cache/logos/6cb00861.img
[WARN] [player-imgui] failed to decode IPTV logo path=sdmc:/switch/NX-Cast/iptv/cache/logos/f169131a.img
[WARN] [player-imgui] failed to decode IPTV logo path=sdmc:/switch/NX-Cast/iptv/cache/logos/4f2e344b.img
[INFO] [runtime-heartbeat] t_ms=85388312 frame=7714 view=home player_state=stopped media=1 return_home_pending=0 protocol_state=ready owner=none generation=0 resource_desired=home resource_applied=home resource_transition=0 resource_failed=0 resource_age_ms=0 iptv_background=0,0 discovery_suspended=0 service_workers=0,0,0 service_age_ms=137929,137923,4889 media_queue=0 media_high=1 media_command=0 media_kind=0 media_producer=0 media_token=0 media_generation=0 media_command_age_ms=0 media_heartbeat_age_ms=2 media_full=0 media_stale=0 media_timeout=0 media_coalesced=0 media_accepting=1 media_lifecycle=0,1,0,1 log_queue=0 enqueued=1701 processed=1701 log_high=39 log_heartbeat_age_ms=183 log_waiting=1 queue_dropped=0 mirror_dropped=0 mirror_failures=0 mirror=1 worker=1 mdns_phase=waiting mdns_mode=0 mdns_running=1 mdns_suspended=0 ssdp_suspended=0 mdns_socket=1 mdns_heartbeat_age_ms=88 mdns_select=24 mdns_recv=0 mdns_sent=2
[INFO] [network-heartbeat] threshold_ms=1500 mdns=fd:1,active:1,oldest:select/88,total:381,max:237,error:0/none,hb:88,overflow:0,underflow:0 ssdp=fd:1,active:1,oldest:select/14,total:2000,max:104,error:0/none,hb:14,overflow:0,underflow:0 dlna-http=fd:1,active:1,oldest:select/10,total:2330,max:239,error:0/none,hb:10,overflow:0,underflow:0 airplay-control=fd:1,active:1,oldest:select/89,total:741,max:239,error:11/recv,hb:89,overflow:0,underflow:0 iptv-background=fd:0,active:0,oldest:none/0,total:0,max:0,error:0/none,hb:0,overflow:0,underflow:0
exiting ...
socket error 0x0 on poll
