pinging switch
Sending NX-Cast.nro, 25596602 bytes
12468638 sent (48.71%), 1112 blocks
starting server
server active ...
[INFO] [log] nxlink logger connected host=<IP_REDACTED> port=28771 fd=3 mirror_fd=2 stdout=local
[INFO] [diagnostic] profile_id=9 profile=mdns-receive-bsd8 protocol_start=parallel
[INFO] [player-view] init render_owner=main-thread active_view=home
[INFO] [player] auto resolve libmpv_available=1 mock_available=1
[INFO] [player-actor] lifecycle=initialize phase=begin backend=libmpv
[INFO] [player] init accepted backend=libmpv lifecycle=async-suspended actor_capacity=64 reserved=4
[INFO] [ui] NX-Cast starting. Press + to exit.
[INFO] [ui] Home view shows cast instructions and last error only.
[INFO] [ui] Video view auto-activates while playback is active.
[INFO] [runtime-heartbeat] t_ms=24086453 frame=1 view=home player_state=idle media=0 return_home_pending=0 protocol_state=stopped owner=none generation=0 service_workers=0,0,0 service_age_ms=0,0,0 media_queue=0 media_high=0 media_command=0 media_kind=0 media_producer=0 media_token=0 media_generation=0 media_command_age_ms=0 media_heartbeat_age_ms=22 media_full=0 media_stale=0 media_timeout=0 media_coalesced=0 media_accepting=1 media_lifecycle=1,0,0,0 log_queue=6 enqueued=14 processed=7 log_high=6 log_heartbeat_age_ms=1 log_waiting=0 queue_dropped=0 mirror_dropped=0 mirror_failures=0 mirror=1 worker=1 mdns_phase=stopped mdns_mode=3 mdns_running=0 mdns_socket=0 mdns_heartbeat_age_ms=0 mdns_select=0 mdns_recv=0 mdns_sent=0
[INFO] [input] active_view=home state=idle media=0 snapshot=1
[INFO] [player-libmpv] log subscription level=info
[INFO] [player-libmpv] init volume_backend=aud:a-process
[INFO] [player-libmpv] init
[INFO] [player-actor] lifecycle=initialize phase=ready backend=libmpv
[INFO] [player-view] dk3d render context attached early
[INFO] [player-view] prepare_video ok=1 render_api_connected=0 render_path=0
[INFO] [ui] video render prepare=1 player_activate=1 before_media_url=1
[INFO] [protocol-coordinator] start accepted=1 state=starting iptv=starting dlna=starting airplay=starting network=1 root=sdmc:/switch/NX-Cast/iptv
[INFO] [airplay] t_ms=24086501 integration stage=ed25519 begin
[INFO] [airplay] t_ms=24086501 integration stage=ed25519 done
[INFO] [airplay] t_ms=24086501 integration stage=mirror-runtime begin
[INFO] [airplay] t_ms=24086501 integration stage=mirror-runtime done
[INFO] [airplay] t_ms=24086501 integration stage=remote-video begin
[INFO] [airplay] t_ms=24086501 integration stage=remote-video done
[INFO] [airplay] t_ms=24086501 integration stage=receiver begin
[INFO] [airplay] t_ms=24086501 receiver stage=pairing-identity begin
[INFO] [dlna] loaded persistent device identity.
[INFO] [scpd] description templates ready.
[INFO] [player-view] render_api_connected=1 backend=dk3d
[INFO] [player-view] home renderer active frame=1
[INFO] [airplay] t_ms=24086543 receiver stage=pairing-identity done
[INFO] [airplay] t_ms=24086544 receiver stage=dns-sd-txt begin
[INFO] [airplay] t_ms=24086544 receiver stage=dns-sd-txt done
[INFO] [airplay] t_ms=24086544 receiver stage=handlers begin
[INFO] [iptv] preinstalled source file loaded sources=1 changed=0 refresh=0
[INFO] [airplay] t_ms=24086545 handlers stage=validate begin
[INFO] [airplay] t_ms=24086547 handlers stage=validate done
[INFO] [airplay] t_ms=24086548 handlers stage=allocate begin bytes=792
[INFO] [airplay] t_ms=24086548 handlers stage=allocate done
[INFO] [airplay] t_ms=24086548 handlers stage=copy begin txt_bytes=214
[INFO] [airplay] t_ms=24086549 handlers stage=copy done
[INFO] [airplay] t_ms=24086549 receiver stage=handlers done
[INFO] [airplay] t_ms=24086549 receiver stage=control-server begin
[INFO] [soap] SOAP control module started.
[INFO] [event] DLNA event server started.
[INFO] [http-server] listening on :49152
[INFO] [airplay-server] listening on :7000
[INFO] [airplay] t_ms=24086567 receiver stage=control-server done port=7000
[INFO] [airplay] t_ms=24086567 receiver stage=lifecycle begin
[INFO] [airplay] t_ms=24086567 receiver stage=lifecycle done
[INFO] [airplay] t_ms=24086567 receiver stage=mdns begin
[INFO] [airplay] t_ms=24086567 mdns stage=local-address begin
[INFO] [player-imgui] initialized deko3d overlay
[INFO] [player-libmpv][osd/libass] can't find selected font provider
[INFO] [airplay] t_ms=24086807 mdns stage=local-address done
[INFO] [airplay-mdns] local-address=<IP_REDACTED>
[INFO] [airplay] t_ms=24086807 mdns stage=service-record begin
[INFO] [airplay] t_ms=24086807 mdns stage=service-record done
[INFO] [airplay] t_ms=24086807 mdns stage=socket begin
[INFO] [airplay] t_ms=24086807 mdns socket stage=create begin
[INFO] [airplay] t_ms=24086808 mdns socket stage=create done fd=6
[INFO] [airplay] t_ms=24086808 mdns socket stage=bind begin port=5353
[INFO] [airplay] t_ms=24086808 mdns socket stage=bind done
[INFO] [airplay] t_ms=24086808 mdns socket stage=multicast-join begin
[INFO] [airplay] t_ms=24086809 mdns socket stage=multicast-join done
[INFO] [ssdp] Responder ready on <URL_REDACTED>
[INFO] [dlna] Control layer initialized (HTTP/SCPD on :49152).
[INFO] [airplay] t_ms=24086810 mdns stage=socket done
[INFO] [airplay] t_ms=24086810 mdns stage=thread begin
[INFO] [airplay] t_ms=24086810 mdns thread-create begin stack=65536
[INFO] [airplay] t_ms=24086810 mdns thread-create done rc=0x00000000
[INFO] [airplay] t_ms=24086810 mdns thread-start begin
[INFO] [airplay] t_ms=24086810 mdns worker entered
[INFO] [airplay] t_ms=24086810 mdns worker mode=3 priority=0x2b
[INFO] [airplay] t_ms=24086810 mdns thread-start done rc=0x00000000
[INFO] [airplay] t_ms=24086810 mdns stage=thread done
[INFO] [airplay-mdns] started airplay=NX-Cast raop=<IDENTIFIER_REDACTED>@NX-Cast port=7000 features=0x5A7FFEE6,0x0
[INFO] [airplay-mdns] started airplay=NX-Cast raop=<IDENTIFIER_REDACTED>@NX-Cast port=7000 features=0x5A7FFEE6,0x0
[INFO] [airplay] t_ms=24086810 receiver stage=mdns done
[INFO] [airplay] t_ms=24086810 integration stage=receiver done
[INFO] [airplay] integration started port=7000 discovery=1
[INFO] [protocol-coordinator] revision=2->6 state=starting->ready iptv=starting->running dlna=starting->running airplay=starting->running owner=none->none token=0 generation=0 pin_visible=0 airplay_running=1 airplay_starting=0 status=Ready for AirPlay video
[INFO] [scpd] served path=/description.xml bytes=2696 template=Description.xml
[INFO] [scpd] served path=/dlna/AVTransport.xml bytes=20658 template=AVTransport.xml
[INFO] [scpd] served path=/dlna/RenderingControl.xml bytes=7102 template=RenderingControl.xml
[INFO] [runtime-heartbeat] t_ms=24088463 frame=118 view=home player_state=idle media=0 return_home_pending=0 protocol_state=ready owner=none generation=0 service_workers=0,0,0 service_age_ms=1657,1653,1653 media_queue=0 media_high=0 media_command=0 media_kind=0 media_producer=0 media_token=0 media_generation=0 media_command_age_ms=0 media_heartbeat_age_ms=4 media_full=0 media_stale=0 media_timeout=0 media_coalesced=0 media_accepting=1 media_lifecycle=0,1,0,1 log_queue=0 enqueued=91 processed=91 log_high=29 log_heartbeat_age_ms=1471 log_waiting=1 queue_dropped=0 mirror_dropped=0 mirror_failures=0 mirror=1 worker=1 mdns_phase=waiting mdns_mode=3 mdns_running=1 mdns_socket=1 mdns_heartbeat_age_ms=53 mdns_select=8 mdns_recv=0 mdns_sent=0
[INFO] [ssdp] send packet to <IP_REDACTED>:14855 st=upnp:rootdevice bytes=283
[INFO] [ssdp] send packet to <IP_REDACTED>:14855 st=upnp:rootdevice bytes=283
[INFO] [ssdp] send packet to <IP_REDACTED>:14855 st=upnp:rootdevice bytes=283
[INFO] [runtime-heartbeat] t_ms=24090463 frame=238 view=home player_state=idle media=0 return_home_pending=0 protocol_state=ready owner=none generation=0 service_workers=0,0,0 service_age_ms=3657,3653,3653 media_queue=0 media_high=0 media_command=0 media_kind=0 media_producer=0 media_token=0 media_generation=0 media_command_age_ms=0 media_heartbeat_age_ms=3 media_full=0 media_stale=0 media_timeout=0 media_coalesced=0 media_accepting=1 media_lifecycle=0,1,0,1 log_queue=0 enqueued=95 processed=95 log_high=29 log_heartbeat_age_ms=858 log_waiting=1 queue_dropped=0 mirror_dropped=0 mirror_failures=0 mirror=1 worker=1 mdns_phase=waiting mdns_mode=3 mdns_running=1 mdns_socket=1 mdns_heartbeat_age_ms=49 mdns_select=19 mdns_recv=1 mdns_sent=0
[INFO] [soap] soap_call "AVTransport" "SetAVTransportURI" <InstanceID>0</InstanceID> <CurrentURI><URL_REDACTED></CurrentURI>
[INFO] [media-trace] seq=1 t_ms=0 action=SetAVTransportURI phase=begin url_hash=4a1eeb05 metadata_bytes=2150 url=<URL_REDACTED>
[INFO] [media-trace] seq=1 t_ms=0 layer=soap action=SetAVTransportURI phase=dispatch instance=0 url_hash=4a1eeb05 url=<URL_REDACTED>
[INFO] [protocol-coordinator] event=claim previous_owner=none previous_token=0 previous_generation=0 owner=dlna token=1 generation=2
[INFO] [media-trace] seq=1 t_ms=0 layer=player action=set_media phase=begin url_hash=4a1eeb05 url=<URL_REDACTED>
[INFO] [media-trace] seq=1 t_ms=0 layer=libmpv action=set_media phase=begin url_hash=4a1eeb05 detail=- url=<URL_REDACTED>
[INFO] [media-trace] seq=1 t_ms=0 layer=libmpv action=set_media phase=mutex-wait url_hash=4a1eeb05 detail=- url=<URL_REDACTED>
[INFO] [media-trace] seq=1 t_ms=1 layer=libmpv action=set_media phase=mutex-acquired url_hash=4a1eeb05 detail=- url=<URL_REDACTED>
[INFO] [media-trace] seq=1 t_ms=1 layer=libmpv action=loadfile phase=dispatch url_hash=4a1eeb05 detail=paused=1 profile=direct-mp4-fast url=<URL_REDACTED>
[INFO] [media-trace] seq=1 t_ms=1 layer=libmpv action=loadfile phase=queued url_hash=4a1eeb05 detail=paused=1 profile=direct-mp4-fast url=<URL_REDACTED>
[INFO] [media-trace] seq=1 t_ms=1 layer=libmpv action=set_media phase=done url_hash=4a1eeb05 detail=- url=<URL_REDACTED>
[INFO] [media-trace] seq=1 t_ms=1 layer=player action=set_media phase=done url_hash=4a1eeb05 url=<URL_REDACTED>
[INFO] [media-trace] seq=1 t_ms=1 layer=libmpv action=mpv-start-file phase=event url_hash=4a1eeb05 detail=- url=<URL_REDACTED>
[INFO] [player-libmpv] start-file uri=<URL_REDACTED>
[INFO] [media-trace] seq=1 t_ms=1 layer=soap action=SetAVTransportURI phase=done url_hash=4a1eeb05 url=<URL_REDACTED>
[INFO] [soap] assert_http_200 service=AVTransport action=SetAVTransportURI handler=avtransport_set_uri
[INFO] [protocol-coordinator] revision=6->7 state=ready->media-active iptv=running->running dlna=running->running airplay=running->running owner=none->dlna token=1 generation=2 pin_visible=0 airplay_running=1 airplay_starting=0 status=Ready for AirPlay video
[INFO] [player-view] desired_view=video state=LOADING has_media=1 uri=<URL_REDACTED>
[INFO] [player-view] active_view=video frame=275
[INFO] [input] active_view=video state=loading media=1 snapshot=1
[INFO] [soap] soap_call "AVTransport" "Play" <InstanceID>0</InstanceID> <Speed>1</Speed>
[INFO] [media-trace] seq=1 t_ms=15 layer=soap action=Play phase=begin url_hash=4a1eeb05 detail=1 url=<URL_REDACTED>
[INFO] [media-trace] seq=1 t_ms=15 layer=player action=Play phase=backend-call-begin url_hash=4a1eeb05 detail=-
[INFO] [media-trace] seq=1 t_ms=15 layer=libmpv action=Play phase=mutex-wait url_hash=4a1eeb05 detail=- url=<URL_REDACTED>
[INFO] [media-trace] seq=1 t_ms=15 layer=libmpv action=Play phase=mutex-acquired url_hash=4a1eeb05 detail=- url=<URL_REDACTED>
[INFO] [media-trace] seq=1 t_ms=15 layer=libmpv action=Play phase=deferred url_hash=4a1eeb05 detail=waiting-file-loaded url=<URL_REDACTED>
[INFO] [media-trace] seq=1 t_ms=15 layer=player action=Play phase=backend-call-done url_hash=4a1eeb05 detail=ok
[INFO] [media-trace] seq=1 t_ms=15 layer=player action=Play phase=snapshot-refresh-begin url_hash=4a1eeb05 detail=-
[INFO] [media-trace] seq=1 t_ms=15 layer=player action=Play phase=snapshot-refresh-done url_hash=4a1eeb05 detail=-
[INFO] [media-trace] seq=1 t_ms=15 layer=player action=Play phase=backend-wakeup-begin url_hash=4a1eeb05 detail=-
[INFO] [media-trace] seq=1 t_ms=15 layer=player action=Play phase=backend-wakeup-done url_hash=4a1eeb05 detail=-
[INFO] [media-trace] seq=1 t_ms=15 layer=soap action=Play phase=done url_hash=4a1eeb05 detail=1 url=<URL_REDACTED>
[INFO] [soap] assert_http_200 service=AVTransport action=Play handler=avtransport_play
[INFO] [soap] soap_call "AVTransport" "GetPositionInfo" <InstanceID>0</InstanceID>
[INFO] [soap] assert_http_200 service=AVTransport action=GetPositionInfo handler=avtransport_get_position_info
[INFO] [soap] soap_call "AVTransport" "GetTransportInfo" <InstanceID>0</InstanceID>
[INFO] [soap] assert_http_200 service=AVTransport action=GetTransportInfo handler=avtransport_get_transport_info
[INFO] [soap] soap_call "AVTransport" "GetTransportInfo" <InstanceID>0</InstanceID>
[INFO] [soap] assert_http_200 service=AVTransport action=GetTransportInfo handler=avtransport_get_transport_info
[INFO] [soap] soap_call "AVTransport" "GetPositionInfo" <InstanceID>0</InstanceID>
[INFO] [soap] assert_http_200 service=AVTransport action=GetPositionInfo handler=avtransport_get_position_info
[INFO] [runtime-heartbeat] t_ms=24092463 frame=358 view=video player_state=loading media=1 return_home_pending=0 protocol_state=media-active owner=dlna generation=2 service_workers=0,0,0 service_age_ms=5657,5653,5653 media_queue=0 media_high=1 media_command=0 media_kind=0 media_producer=0 media_token=0 media_generation=0 media_command_age_ms=0 media_heartbeat_age_ms=8 media_full=0 media_stale=0 media_timeout=0 media_coalesced=0 media_accepting=1 media_lifecycle=0,1,0,1 log_queue=0 enqueued=137 processed=137 log_high=29 log_heartbeat_age_ms=291 log_waiting=1 queue_dropped=0 mirror_dropped=0 mirror_failures=0 mirror=1 worker=1 mdns_phase=waiting mdns_mode=3 mdns_running=1 mdns_socket=1 mdns_heartbeat_age_ms=128 mdns_select=29 mdns_recv=2 mdns_sent=0
[INFO] [soap] soap_call "AVTransport" "GetTransportInfo" <InstanceID>0</InstanceID>
[INFO] [soap] assert_http_200 service=AVTransport action=GetTransportInfo handler=avtransport_get_transport_info
[INFO] [soap] soap_call "AVTransport" "GetPositionInfo" <InstanceID>0</InstanceID>
[INFO] [soap] assert_http_200 service=AVTransport action=GetPositionInfo handler=avtransport_get_position_info
[INFO] [soap] soap_call "AVTransport" "GetPositionInfo" <InstanceID>0</InstanceID>
[INFO] [soap] assert_http_200 service=AVTransport action=GetPositionInfo handler=avtransport_get_position_info
[INFO] [soap] soap_call "AVTransport" "GetTransportInfo" <InstanceID>0</InstanceID>
[INFO] [soap] assert_http_200 service=AVTransport action=GetTransportInfo handler=avtransport_get_transport_info
[INFO] [runtime-heartbeat] t_ms=24094463 frame=478 view=video player_state=loading media=1 return_home_pending=0 protocol_state=media-active owner=dlna generation=2 service_workers=0,0,0 service_age_ms=7657,7653,7653 media_queue=0 media_high=1 media_command=0 media_kind=0 media_producer=0 media_token=0 media_generation=0 media_command_age_ms=0 media_heartbeat_age_ms=6 media_full=0 media_stale=0 media_timeout=0 media_coalesced=0 media_accepting=1 media_lifecycle=0,1,0,1 log_queue=0 enqueued=146 processed=146 log_high=29 log_heartbeat_age_ms=343 log_waiting=1 queue_dropped=0 mirror_dropped=0 mirror_failures=0 mirror=1 worker=1 mdns_phase=waiting mdns_mode=3 mdns_running=1 mdns_socket=1 mdns_heartbeat_age_ms=56 mdns_select=40 mdns_recv=3 mdns_sent=0
[INFO] [soap] soap_call "AVTransport" "GetPositionInfo" <InstanceID>0</InstanceID>
[INFO] [soap] assert_http_200 service=AVTransport action=GetPositionInfo handler=avtransport_get_position_info
[INFO] [soap] soap_call "AVTransport" "GetTransportInfo" <InstanceID>0</InstanceID>
[INFO] [soap] assert_http_200 service=AVTransport action=GetTransportInfo handler=avtransport_get_transport_info
[INFO] [player-libmpv][cplayer]  (+) Video --vid=1 (*) (h264 1280x720 30.000fps)
[INFO] [player-libmpv][cplayer]  (+) Audio --aid=1 (*) (aac 2ch 48000Hz)
[INFO] [player-libmpv][display-tags] File tags:
[INFO] [player-libmpv][display-tags]  Description: Bilibili VXCode Swarm Transcoder v1.3.32
[INFO] [media-trace] seq=1 t_ms=4208 layer=libmpv action=mpv-file-loaded phase=event url_hash=4a1eeb05 detail=- url=<URL_REDACTED>
[INFO] [player-libmpv] file-loaded uri=<URL_REDACTED>
[INFO] [media-trace] seq=1 t_ms=4208 layer=libmpv action=Play phase=dispatch url_hash=4a1eeb05 detail=file-loaded-autoplay url=<URL_REDACTED>
[INFO] [player-libmpv][cplayer] AO: [hos] 48000Hz stereo 2ch s16
[INFO] [player-libmpv][cplayer] VO: [libmpv] 1280x720 yuv420p
[INFO] [media-trace] seq=1 t_ms=4440 layer=libmpv action=mpv-playback-restart phase=event url_hash=4a1eeb05 detail=- url=<URL_REDACTED>
[INFO] [media-trace] seq=1 t_ms=4440 layer=libmpv action=startup-gate phase=seek-window url_hash=4a1eeb05 detail=open url=<URL_REDACTED>
[INFO] [media-trace] seq=1 t_ms=4795 layer=libmpv action=startup-gate phase=released url_hash=4a1eeb05 detail=initial-seek-window-expired url=<URL_REDACTED>
[INFO] [media-trace] seq=1 t_ms=4905 layer=render action=first-frame phase=presented url_hash=4a1eeb05 frame=563 presented=563
[INFO] [soap] soap_call "AVTransport" "GetPositionInfo" <InstanceID>0</InstanceID>
[INFO] [soap] assert_http_200 service=AVTransport action=GetPositionInfo handler=avtransport_get_position_info
[INFO] [soap] soap_call "AVTransport" "GetTransportInfo" <InstanceID>0</InstanceID>
[INFO] [soap] assert_http_200 service=AVTransport action=GetTransportInfo handler=avtransport_get_transport_info
[INFO] [runtime-heartbeat] t_ms=24096471 frame=592 view=video player_state=playing media=1 return_home_pending=0 protocol_state=media-active owner=dlna generation=2 service_workers=0,0,0 service_age_ms=9665,9661,9661 media_queue=0 media_high=1 media_command=0 media_kind=0 media_producer=0 media_token=0 media_generation=0 media_command_age_ms=0 media_heartbeat_age_ms=3 media_full=0 media_stale=0 media_timeout=0 media_coalesced=0 media_accepting=1 media_lifecycle=0,1,0,1 log_queue=0 enqueued=168 processed=168 log_high=29 log_heartbeat_age_ms=349 log_waiting=1 queue_dropped=0 mirror_dropped=0 mirror_failures=0 mirror=1 worker=1 mdns_phase=waiting mdns_mode=3 mdns_running=1 mdns_socket=1 mdns_heartbeat_age_ms=63 mdns_select=50 mdns_recv=3 mdns_sent=0
[INFO] [soap] soap_call "AVTransport" "GetTransportInfo" <InstanceID>0</InstanceID>
[INFO] [soap] assert_http_200 service=AVTransport action=GetTransportInfo handler=avtransport_get_transport_info
[INFO] [soap] soap_call "AVTransport" "GetPositionInfo" <InstanceID>0</InstanceID>
[INFO] [soap] assert_http_200 service=AVTransport action=GetPositionInfo handler=avtransport_get_position_info
[INFO] [soap] soap_call "AVTransport" "Seek" <InstanceID>0</InstanceID> <Unit>REL_TIME</Unit> <Target>0:00:00</Target>
[INFO] [media-trace] seq=1 t_ms=6051 layer=soap action=Seek phase=begin url_hash=4a1eeb05 detail=00:00:00 url=<URL_REDACTED>
[INFO] [media-trace] seq=1 t_ms=6051 layer=libmpv action=Seek phase=dispatch url_hash=4a1eeb05 detail=0.000 url=<URL_REDACTED>
[INFO] [media-trace] seq=1 t_ms=6052 layer=soap action=Seek phase=done url_hash=4a1eeb05 detail=00:00:00 url=<URL_REDACTED>
[INFO] [soap] assert_http_200 service=AVTransport action=Seek handler=avtransport_seek
[INFO] [soap] soap_call "AVTransport" "GetTransportInfo" <InstanceID>0</InstanceID>
[INFO] [soap] assert_http_200 service=AVTransport action=GetTransportInfo handler=avtransport_get_transport_info
[INFO] [soap] soap_call "AVTransport" "GetPositionInfo" <InstanceID>0</InstanceID>
[INFO] [soap] assert_http_200 service=AVTransport action=GetPositionInfo handler=avtransport_get_position_info
[INFO] [runtime-heartbeat] t_ms=24098480 frame=709 view=video player_state=seeking media=1 return_home_pending=0 protocol_state=media-active owner=dlna generation=2 service_workers=0,0,0 service_age_ms=11674,11670,11670 media_queue=0 media_high=1 media_command=0 media_kind=0 media_producer=0 media_token=0 media_generation=0 media_command_age_ms=0 media_heartbeat_age_ms=7 media_full=0 media_stale=0 media_timeout=0 media_coalesced=0 media_accepting=1 media_lifecycle=0,1,0,1 log_queue=0 enqueued=182 processed=182 log_high=29 log_heartbeat_age_ms=164 log_waiting=1 queue_dropped=0 mirror_dropped=0 mirror_failures=0 mirror=1 worker=1 mdns_phase=waiting mdns_mode=3 mdns_running=1 mdns_socket=1 mdns_heartbeat_age_ms=72 mdns_select=60 mdns_recv=3 mdns_sent=0
[INFO] [soap] soap_call "AVTransport" "GetTransportInfo" <InstanceID>0</InstanceID>
[INFO] [soap] assert_http_200 service=AVTransport action=GetTransportInfo handler=avtransport_get_transport_info
[INFO] [soap] soap_call "AVTransport" "GetPositionInfo" <InstanceID>0</InstanceID>
[INFO] [soap] assert_http_200 service=AVTransport action=GetPositionInfo handler=avtransport_get_position_info
[INFO] [media-trace] seq=1 t_ms=8697 layer=libmpv action=mpv-playback-restart phase=event url_hash=4a1eeb05 detail=- url=<URL_REDACTED>
[INFO] [soap] soap_call "AVTransport" "GetTransportInfo" <InstanceID>0</InstanceID>
[INFO] [soap] assert_http_200 service=AVTransport action=GetTransportInfo handler=avtransport_get_transport_info
[INFO] [soap] soap_call "AVTransport" "GetPositionInfo" <InstanceID>0</InstanceID>
[INFO] [soap] assert_http_200 service=AVTransport action=GetPositionInfo handler=avtransport_get_position_info
[INFO] [runtime-heartbeat] t_ms=24100494 frame=826 view=video player_state=playing media=1 return_home_pending=0 protocol_state=media-active owner=dlna generation=2 service_workers=0,0,0 service_age_ms=13688,13684,13684 media_queue=0 media_high=1 media_command=0 media_kind=0 media_producer=0 media_token=0 media_generation=0 media_command_age_ms=0 media_heartbeat_age_ms=6 media_full=0 media_stale=0 media_timeout=0 media_coalesced=0 media_accepting=1 media_lifecycle=0,1,0,1 log_queue=0 enqueued=192 processed=192 log_high=29 log_heartbeat_age_ms=374 log_waiting=1 queue_dropped=0 mirror_dropped=0 mirror_failures=0 mirror=1 worker=1 mdns_phase=waiting mdns_mode=3 mdns_running=1 mdns_socket=1 mdns_heartbeat_age_ms=86 mdns_select=70 mdns_recv=3 mdns_sent=0
[INFO] [soap] soap_call "AVTransport" "GetPositionInfo" <InstanceID>0</InstanceID>
[INFO] [soap] assert_http_200 service=AVTransport action=GetPositionInfo handler=avtransport_get_position_info
[INFO] [soap] soap_call "AVTransport" "GetTransportInfo" <InstanceID>0</InstanceID>
[INFO] [soap] assert_http_200 service=AVTransport action=GetTransportInfo handler=avtransport_get_transport_info
[INFO] [soap] soap_call "AVTransport" "GetTransportInfo" <InstanceID>0</InstanceID>
[INFO] [soap] assert_http_200 service=AVTransport action=GetTransportInfo handler=avtransport_get_transport_info
[INFO] [soap] soap_call "AVTransport" "GetPositionInfo" <InstanceID>0</InstanceID>
[INFO] [soap] assert_http_200 service=AVTransport action=GetPositionInfo handler=avtransport_get_position_info
[INFO] [runtime-heartbeat] t_ms=24102496 frame=929 view=video player_state=playing media=1 return_home_pending=0 protocol_state=media-active owner=dlna generation=2 service_workers=0,0,0 service_age_ms=15690,15686,15686 media_queue=0 media_high=1 media_command=0 media_kind=0 media_producer=0 media_token=0 media_generation=0 media_command_age_ms=0 media_heartbeat_age_ms=8 media_full=0 media_stale=0 media_timeout=0 media_coalesced=0 media_accepting=1 media_lifecycle=0,1,0,1 log_queue=0 enqueued=201 processed=201 log_high=29 log_heartbeat_age_ms=374 log_waiting=1 queue_dropped=0 mirror_dropped=0 mirror_failures=0 mirror=1 worker=1 mdns_phase=waiting mdns_mode=3 mdns_running=1 mdns_socket=1 mdns_heartbeat_age_ms=87 mdns_select=80 mdns_recv=3 mdns_sent=0
[INFO] [soap] soap_call "AVTransport" "GetPositionInfo" <InstanceID>0</InstanceID>
[INFO] [soap] assert_http_200 service=AVTransport action=GetPositionInfo handler=avtransport_get_position_info
[INFO] [soap] soap_call "AVTransport" "GetTransportInfo" <InstanceID>0</InstanceID>
[INFO] [soap] assert_http_200 service=AVTransport action=GetTransportInfo handler=avtransport_get_transport_info
[WARN] [player-libmpv][cplayer] Audio device underrun detected.
[ERROR] [player-libmpv][ao/hos] Error writing audio to device.
[INFO] [soap] soap_call "AVTransport" "Stop" <InstanceID>0</InstanceID>
[INFO] [media-trace] seq=1 t_ms=12745 layer=soap action=Stop phase=begin url_hash=4a1eeb05 detail=- url=<URL_REDACTED>
[INFO] [media-trace] seq=1 t_ms=12745 layer=player action=Stop phase=backend-call-begin url_hash=4a1eeb05 detail=-
[INFO] [media-trace] seq=1 t_ms=12745 layer=libmpv action=Stop phase=mutex-wait url_hash=4a1eeb05 detail=- url=<URL_REDACTED>
[INFO] [media-trace] seq=1 t_ms=12745 layer=libmpv action=Stop phase=mutex-acquired url_hash=4a1eeb05 detail=- url=<URL_REDACTED>
[INFO] [media-trace] seq=1 t_ms=12745 layer=libmpv action=Stop phase=dispatch url_hash=4a1eeb05 detail=- url=<URL_REDACTED>
[INFO] [media-trace] seq=1 t_ms=12745 layer=player action=Stop phase=backend-call-done url_hash=4a1eeb05 detail=ok
[INFO] [media-trace] seq=1 t_ms=12745 layer=player action=Stop phase=snapshot-refresh-begin url_hash=4a1eeb05 detail=-
[INFO] [media-trace] seq=1 t_ms=12745 layer=player action=Stop phase=snapshot-refresh-done url_hash=4a1eeb05 detail=-
[INFO] [media-trace] seq=1 t_ms=12745 layer=player action=Stop phase=backend-wakeup-begin url_hash=4a1eeb05 detail=-
[INFO] [media-trace] seq=1 t_ms=12745 layer=player action=Stop phase=backend-wakeup-done url_hash=4a1eeb05 detail=-
[INFO] [media-trace] seq=1 t_ms=12745 layer=soap action=Stop phase=done url_hash=4a1eeb05 detail=- url=<URL_REDACTED>
[INFO] [soap] assert_http_200 service=AVTransport action=Stop handler=avtransport_stop
[WARN] [player-libmpv][ffmpeg/demuxer] mov,mp4,m4a,3gp,3g2,mj2: Packet corrupt (stream = 0, dts = 78400).
[ERROR] [player-libmpv][ffmpeg] NULL: Invalid NAL unit size (42334 > 37201).
[ERROR] [player-libmpv][ffmpeg] NULL: missing picture in access unit with size 37248
[INFO] [player-libmpv] end-file uri=<URL_REDACTED> reason=stop error=success
[INFO] [media-trace] seq=1 t_ms=12863 layer=libmpv action=mpv-end-file phase=event url_hash=4a1eeb05 detail=stop url=<URL_REDACTED>
[INFO] [runtime-heartbeat] t_ms=24104496 frame=1048 view=video player_state=stopped media=1 return_home_pending=0 protocol_state=media-active owner=dlna generation=2 service_workers=0,0,0 service_age_ms=17690,17686,17686 media_queue=0 media_high=1 media_command=0 media_kind=0 media_producer=0 media_token=0 media_generation=0 media_command_age_ms=0 media_heartbeat_age_ms=10 media_full=0 media_stale=0 media_timeout=0 media_coalesced=0 media_accepting=1 media_lifecycle=0,1,0,1 log_queue=0 enqueued=226 processed=226 log_high=29 log_heartbeat_age_ms=544 log_waiting=1 queue_dropped=0 mirror_dropped=0 mirror_failures=0 mirror=1 worker=1 mdns_phase=waiting mdns_mode=3 mdns_running=1 mdns_socket=1 mdns_heartbeat_age_ms=152 mdns_select=92 mdns_recv=6 mdns_sent=0
[INFO] [player-view] desired_view=home state=STOPPED has_media=1 uri=<URL_REDACTED>
[INFO] [player-view] active_view=home frame=1096
[INFO] [input] active_view=home state=stopped media=1 snapshot=1
[INFO] [runtime-heartbeat] t_ms=24106496 frame=1169 view=home player_state=stopped media=1 return_home_pending=0 protocol_state=media-active owner=dlna generation=2 service_workers=0,0,0 service_age_ms=19690,19686,19686 media_queue=0 media_high=1 media_command=0 media_kind=0 media_producer=0 media_token=0 media_generation=0 media_command_age_ms=0 media_heartbeat_age_ms=9 media_full=0 media_stale=0 media_timeout=0 media_coalesced=0 media_accepting=1 media_lifecycle=0,1,0,1 log_queue=0 enqueued=230 processed=230 log_high=29 log_heartbeat_age_ms=1183 log_waiting=1 queue_dropped=0 mirror_dropped=0 mirror_failures=0 mirror=1 worker=1 mdns_phase=waiting mdns_mode=3 mdns_running=1 mdns_socket=1 mdns_heartbeat_age_ms=132 mdns_select=103 mdns_recv=7 mdns_sent=0
[INFO] [runtime-heartbeat] t_ms=24108496 frame=1289 view=home player_state=stopped media=1 return_home_pending=0 protocol_state=media-active owner=dlna generation=2 service_workers=0,0,0 service_age_ms=21690,21686,21686 media_queue=0 media_high=1 media_command=0 media_kind=0 media_producer=0 media_token=0 media_generation=0 media_command_age_ms=0 media_heartbeat_age_ms=7 media_full=0 media_stale=0 media_timeout=0 media_coalesced=0 media_accepting=1 media_lifecycle=0,1,0,1 log_queue=0 enqueued=231 processed=231 log_high=29 log_heartbeat_age_ms=1999 log_waiting=1 queue_dropped=0 mirror_dropped=0 mirror_failures=0 mirror=1 worker=1 mdns_phase=waiting mdns_mode=3 mdns_running=1 mdns_socket=1 mdns_heartbeat_age_ms=60 mdns_select=114 mdns_recv=8 mdns_sent=0
[INFO] [ssdp] send packet to <IP_REDACTED>:1198 st=upnp:rootdevice bytes=283
[INFO] [ssdp] send packet to <IP_REDACTED>:1198 st=upnp:rootdevice bytes=283
[INFO] [ssdp] send packet to <IP_REDACTED>:1198 st=upnp:rootdevice bytes=283
[INFO] [runtime-heartbeat] t_ms=24110496 frame=1409 view=home player_state=stopped media=1 return_home_pending=0 protocol_state=media-active owner=dlna generation=2 service_workers=0,0,0 service_age_ms=23690,23686,23686 media_queue=0 media_high=1 media_command=0 media_kind=0 media_producer=0 media_token=0 media_generation=0 media_command_age_ms=0 media_heartbeat_age_ms=6 media_full=0 media_stale=0 media_timeout=0 media_coalesced=0 media_accepting=1 media_lifecycle=0,1,0,1 log_queue=0 enqueued=235 processed=235 log_high=29 log_heartbeat_age_ms=1435 log_waiting=1 queue_dropped=0 mirror_dropped=0 mirror_failures=0 mirror=1 worker=1 mdns_phase=waiting mdns_mode=3 mdns_running=1 mdns_socket=1 mdns_heartbeat_age_ms=60 mdns_select=124 mdns_recv=8 mdns_sent=0
[INFO] [soap] soap_call "AVTransport" "SetAVTransportURI" <InstanceID>0</InstanceID> <CurrentURI><URL_REDACTED></CurrentURI>
[INFO] [media-trace] seq=2 t_ms=0 action=SetAVTransportURI phase=begin url_hash=7343dd7d metadata_bytes=2125 url=<URL_REDACTED>
[INFO] [media-trace] seq=2 t_ms=0 layer=soap action=SetAVTransportURI phase=dispatch instance=0 url_hash=7343dd7d url=<URL_REDACTED>
[INFO] [protocol-coordinator] event=claim previous_owner=dlna previous_token=1 previous_generation=2 owner=dlna token=1 generation=3
[INFO] [media-trace] seq=2 t_ms=0 layer=player action=set_media phase=begin url_hash=7343dd7d url=<URL_REDACTED>
[INFO] [media-trace] seq=2 t_ms=0 layer=libmpv action=set_media phase=begin url_hash=7343dd7d detail=- url=<URL_REDACTED>
[INFO] [media-trace] seq=2 t_ms=0 layer=libmpv action=set_media phase=mutex-wait url_hash=7343dd7d detail=- url=<URL_REDACTED>
[INFO] [media-trace] seq=2 t_ms=0 layer=libmpv action=set_media phase=mutex-acquired url_hash=7343dd7d detail=- url=<URL_REDACTED>
[INFO] [media-trace] seq=2 t_ms=0 layer=libmpv action=loadfile phase=dispatch url_hash=7343dd7d detail=paused=1 profile=direct-mp4-fast url=<URL_REDACTED>
[INFO] [media-trace] seq=2 t_ms=0 layer=libmpv action=loadfile phase=queued url_hash=7343dd7d detail=paused=1 profile=direct-mp4-fast url=<URL_REDACTED>
[INFO] [media-trace] seq=2 t_ms=0 layer=libmpv action=set_media phase=done url_hash=7343dd7d detail=- url=<URL_REDACTED>
[INFO] [media-trace] seq=2 t_ms=0 layer=player action=set_media phase=done url_hash=7343dd7d url=<URL_REDACTED>
[INFO] [media-trace] seq=2 t_ms=0 layer=libmpv action=mpv-start-file phase=event url_hash=7343dd7d detail=- url=<URL_REDACTED>
[INFO] [player-libmpv] start-file uri=<URL_REDACTED>
[INFO] [media-trace] seq=2 t_ms=0 layer=soap action=SetAVTransportURI phase=done url_hash=7343dd7d url=<URL_REDACTED>
[INFO] [soap] assert_http_200 service=AVTransport action=SetAVTransportURI handler=avtransport_set_uri
[INFO] [soap] soap_call "AVTransport" "Play" <InstanceID>0</InstanceID> <Speed>1</Speed>
[INFO] [media-trace] seq=2 t_ms=15 layer=soap action=Play phase=begin url_hash=7343dd7d detail=1 url=<URL_REDACTED>
[INFO] [media-trace] seq=2 t_ms=15 layer=player action=Play phase=backend-call-begin url_hash=7343dd7d detail=-
[INFO] [media-trace] seq=2 t_ms=15 layer=libmpv action=Play phase=mutex-wait url_hash=7343dd7d detail=- url=<URL_REDACTED>
[INFO] [media-trace] seq=2 t_ms=15 layer=libmpv action=Play phase=mutex-acquired url_hash=7343dd7d detail=- url=<URL_REDACTED>
[INFO] [media-trace] seq=2 t_ms=15 layer=libmpv action=Play phase=deferred url_hash=7343dd7d detail=waiting-file-loaded url=<URL_REDACTED>
[INFO] [media-trace] seq=2 t_ms=15 layer=player action=Play phase=backend-call-done url_hash=7343dd7d detail=ok
[INFO] [media-trace] seq=2 t_ms=15 layer=player action=Play phase=snapshot-refresh-begin url_hash=7343dd7d detail=-
[INFO] [media-trace] seq=2 t_ms=15 layer=player action=Play phase=snapshot-refresh-done url_hash=7343dd7d detail=-
[INFO] [media-trace] seq=2 t_ms=15 layer=player action=Play phase=backend-wakeup-begin url_hash=7343dd7d detail=-
[INFO] [media-trace] seq=2 t_ms=15 layer=player action=Play phase=backend-wakeup-done url_hash=7343dd7d detail=-
[INFO] [media-trace] seq=2 t_ms=15 layer=soap action=Play phase=done url_hash=7343dd7d detail=1 url=<URL_REDACTED>
[INFO] [soap] assert_http_200 service=AVTransport action=Play handler=avtransport_play
[INFO] [protocol-coordinator] revision=7->8 state=media-active->media-active iptv=running->running dlna=running->running airplay=running->running owner=dlna->dlna token=1 generation=3 pin_visible=0 airplay_running=1 airplay_starting=0 status=Ready for AirPlay video
[INFO] [player-view] desired_view=video state=LOADING has_media=1 uri=<URL_REDACTED>
[INFO] [player-view] active_view=video frame=1410
[INFO] [input] active_view=video state=loading media=1 snapshot=1
[INFO] [soap] soap_call "AVTransport" "GetTransportInfo" <InstanceID>0</InstanceID>
[INFO] [soap] assert_http_200 service=AVTransport action=GetTransportInfo handler=avtransport_get_transport_info
[INFO] [soap] soap_call "AVTransport" "GetPositionInfo" <InstanceID>0</InstanceID>
[INFO] [soap] assert_http_200 service=AVTransport action=GetPositionInfo handler=avtransport_get_position_info
[INFO] [player-libmpv][cplayer]  (+) Video --vid=1 (*) (h264 1280x720 30.000fps)
[INFO] [player-libmpv][cplayer]  (+) Audio --aid=1 (*) (aac 2ch 48000Hz)
[INFO] [player-libmpv][display-tags] File tags:
[INFO] [player-libmpv][display-tags]  Description: Bilibili VXCode Swarm Transcoder v1.3.30
[INFO] [media-trace] seq=2 t_ms=218 layer=libmpv action=mpv-file-loaded phase=event url_hash=7343dd7d detail=- url=<URL_REDACTED>
[INFO] [player-libmpv] file-loaded uri=<URL_REDACTED>
[INFO] [media-trace] seq=2 t_ms=219 layer=libmpv action=Play phase=dispatch url_hash=7343dd7d detail=file-loaded-autoplay url=<URL_REDACTED>
[INFO] [player-libmpv][cplayer] AO: [hos] 48000Hz stereo 2ch s16
[INFO] [player-libmpv][cplayer] VO: [libmpv] 1280x720 yuv420p
[INFO] [media-trace] seq=2 t_ms=511 layer=libmpv action=mpv-playback-restart phase=event url_hash=7343dd7d detail=- url=<URL_REDACTED>
[INFO] [media-trace] seq=2 t_ms=511 layer=libmpv action=startup-gate phase=seek-window url_hash=7343dd7d detail=open url=<URL_REDACTED>
[INFO] [media-trace] seq=2 t_ms=866 layer=libmpv action=startup-gate phase=released url_hash=7343dd7d detail=initial-seek-window-expired url=<URL_REDACTED>
[INFO] [media-trace] seq=2 t_ms=906 layer=render action=first-frame phase=presented url_hash=7343dd7d frame=1461 presented=1461
[INFO] [soap] soap_call "AVTransport" "GetTransportInfo" <InstanceID>0</InstanceID>
[INFO] [soap] assert_http_200 service=AVTransport action=GetTransportInfo handler=avtransport_get_transport_info
[INFO] [soap] soap_call "AVTransport" "GetPositionInfo" <InstanceID>0</InstanceID>
[INFO] [soap] assert_http_200 service=AVTransport action=GetPositionInfo handler=avtransport_get_position_info
[INFO] [runtime-heartbeat] t_ms=24112499 frame=1516 view=video player_state=playing media=1 return_home_pending=0 protocol_state=media-active owner=dlna generation=3 service_workers=0,0,0 service_age_ms=25693,25689,25689 media_queue=0 media_high=1 media_command=0 media_kind=0 media_producer=0 media_token=0 media_generation=0 media_command_age_ms=0 media_heartbeat_age_ms=4 media_full=0 media_stale=0 media_timeout=0 media_coalesced=0 media_accepting=1 media_lifecycle=0,1,0,1 log_queue=0 enqueued=290 processed=290 log_high=29 log_heartbeat_age_ms=943 log_waiting=1 queue_dropped=0 mirror_dropped=0 mirror_failures=0 mirror=1 worker=1 mdns_phase=waiting mdns_mode=3 mdns_running=1 mdns_socket=1 mdns_heartbeat_age_ms=61 mdns_select=134 mdns_recv=8 mdns_sent=0
[INFO] [soap] soap_call "AVTransport" "GetTransportInfo" <InstanceID>0</InstanceID>
[INFO] [soap] assert_http_200 service=AVTransport action=GetTransportInfo handler=avtransport_get_transport_info
[INFO] [soap] soap_call "AVTransport" "GetPositionInfo" <InstanceID>0</InstanceID>
[INFO] [soap] assert_http_200 service=AVTransport action=GetPositionInfo handler=avtransport_get_position_info
[INFO] [soap] soap_call "AVTransport" "Seek" <InstanceID>0</InstanceID> <Unit>REL_TIME</Unit> <Target>0:00:01</Target>
[INFO] [media-trace] seq=2 t_ms=2052 layer=soap action=Seek phase=begin url_hash=7343dd7d detail=00:00:01 url=<URL_REDACTED>
[INFO] [media-trace] seq=2 t_ms=2052 layer=libmpv action=Seek phase=dispatch url_hash=7343dd7d detail=1.000 url=<URL_REDACTED>
[INFO] [media-trace] seq=2 t_ms=2053 layer=soap action=Seek phase=done url_hash=7343dd7d detail=00:00:01 url=<URL_REDACTED>
[INFO] [soap] assert_http_200 service=AVTransport action=Seek handler=avtransport_seek
[INFO] [media-trace] seq=2 t_ms=2255 layer=libmpv action=mpv-playback-restart phase=event url_hash=7343dd7d detail=- url=<URL_REDACTED>
[INFO] [soap] soap_call "AVTransport" "GetTransportInfo" <InstanceID>0</InstanceID>
[INFO] [soap] assert_http_200 service=AVTransport action=GetTransportInfo handler=avtransport_get_transport_info
[INFO] [soap] soap_call "AVTransport" "GetPositionInfo" <InstanceID>0</InstanceID>
[INFO] [soap] assert_http_200 service=AVTransport action=GetPositionInfo handler=avtransport_get_position_info
[INFO] [runtime-heartbeat] t_ms=24114515 frame=1621 view=video player_state=playing media=1 return_home_pending=0 protocol_state=media-active owner=dlna generation=3 service_workers=0,0,0 service_age_ms=27709,27705,27705 media_queue=0 media_high=1 media_command=0 media_kind=0 media_producer=0 media_token=0 media_generation=0 media_command_age_ms=0 media_heartbeat_age_ms=6 media_full=0 media_stale=0 media_timeout=0 media_coalesced=0 media_accepting=1 media_lifecycle=0,1,0,1 log_queue=0 enqueued=305 processed=305 log_high=29 log_heartbeat_age_ms=963 log_waiting=1 queue_dropped=0 mirror_dropped=0 mirror_failures=0 mirror=1 worker=1 mdns_phase=waiting mdns_mode=3 mdns_running=1 mdns_socket=1 mdns_heartbeat_age_ms=76 mdns_select=144 mdns_recv=8 mdns_sent=0
[INFO] [soap] soap_call "AVTransport" "GetTransportInfo" <InstanceID>0</InstanceID>
[INFO] [soap] assert_http_200 service=AVTransport action=GetTransportInfo handler=avtransport_get_transport_info
[INFO] [soap] soap_call "AVTransport" "GetPositionInfo" <InstanceID>0</InstanceID>
[INFO] [soap] assert_http_200 service=AVTransport action=GetPositionInfo handler=avtransport_get_position_info
[INFO] [soap] soap_call "AVTransport" "GetTransportInfo" <InstanceID>0</InstanceID>
[INFO] [soap] assert_http_200 service=AVTransport action=GetTransportInfo handler=avtransport_get_transport_info
[INFO] [soap] soap_call "AVTransport" "GetPositionInfo" <InstanceID>0</InstanceID>
[INFO] [soap] assert_http_200 service=AVTransport action=GetPositionInfo handler=avtransport_get_position_info
[INFO] [runtime-heartbeat] t_ms=24116515 frame=1720 view=video player_state=playing media=1 return_home_pending=0 protocol_state=media-active owner=dlna generation=3 service_workers=0,0,0 service_age_ms=29709,29705,29705 media_queue=0 media_high=1 media_command=0 media_kind=0 media_producer=0 media_token=0 media_generation=0 media_command_age_ms=0 media_heartbeat_age_ms=6 media_full=0 media_stale=0 media_timeout=0 media_coalesced=0 media_accepting=1 media_lifecycle=0,1,0,1 log_queue=0 enqueued=314 processed=314 log_high=29 log_heartbeat_age_ms=893 log_waiting=1 queue_dropped=0 mirror_dropped=0 mirror_failures=0 mirror=1 worker=1 mdns_phase=waiting mdns_mode=3 mdns_running=1 mdns_socket=1 mdns_heartbeat_age_ms=75 mdns_select=154 mdns_recv=8 mdns_sent=0
[INFO] [soap] soap_call "AVTransport" "GetTransportInfo" <InstanceID>0</InstanceID>
[INFO] [soap] assert_http_200 service=AVTransport action=GetTransportInfo handler=avtransport_get_transport_info
[INFO] [soap] soap_call "AVTransport" "GetPositionInfo" <InstanceID>0</InstanceID>
[INFO] [soap] assert_http_200 service=AVTransport action=GetPositionInfo handler=avtransport_get_position_info
[INFO] [soap] soap_call "AVTransport" "GetPositionInfo" <InstanceID>0</InstanceID>
[INFO] [soap] assert_http_200 service=AVTransport action=GetPositionInfo handler=avtransport_get_position_info
[INFO] [soap] soap_call "AVTransport" "GetTransportInfo" <InstanceID>0</InstanceID>
[INFO] [soap] assert_http_200 service=AVTransport action=GetTransportInfo handler=avtransport_get_transport_info
[INFO] [runtime-heartbeat] t_ms=24118543 frame=1824 view=video player_state=playing media=1 return_home_pending=0 protocol_state=media-active owner=dlna generation=3 service_workers=0,0,0 service_age_ms=31737,31733,31733 media_queue=0 media_high=1 media_command=0 media_kind=0 media_producer=0 media_token=0 media_generation=0 media_command_age_ms=0 media_heartbeat_age_ms=2 media_full=0 media_stale=0 media_timeout=0 media_coalesced=0 media_accepting=1 media_lifecycle=0,1,0,1 log_queue=0 enqueued=323 processed=323 log_high=29 log_heartbeat_age_ms=999 log_waiting=1 queue_dropped=0 mirror_dropped=0 mirror_failures=0 mirror=1 worker=1 mdns_phase=waiting mdns_mode=3 mdns_running=1 mdns_socket=1 mdns_heartbeat_age_ms=96 mdns_select=165 mdns_recv=9 mdns_sent=0
[INFO] [soap] soap_call "AVTransport" "GetTransportInfo" <InstanceID>0</InstanceID>
[INFO] [soap] assert_http_200 service=AVTransport action=GetTransportInfo handler=avtransport_get_transport_info
[INFO] [soap] soap_call "AVTransport" "GetPositionInfo" <InstanceID>0</InstanceID>
[INFO] [soap] assert_http_200 service=AVTransport action=GetPositionInfo handler=avtransport_get_position_info
[INFO] [soap] soap_call "AVTransport" "GetTransportInfo" <InstanceID>0</InstanceID>
[INFO] [soap] assert_http_200 service=AVTransport action=GetTransportInfo handler=avtransport_get_transport_info
[INFO] [soap] soap_call "AVTransport" "GetPositionInfo" <InstanceID>0</InstanceID>
[INFO] [soap] assert_http_200 service=AVTransport action=GetPositionInfo handler=avtransport_get_position_info
[INFO] [soap] soap_call "AVTransport" "GetTransportInfo" <InstanceID>0</InstanceID>
[INFO] [soap] assert_http_200 service=AVTransport action=GetTransportInfo handler=avtransport_get_transport_info
[INFO] [soap] soap_call "AVTransport" "GetPositionInfo" <InstanceID>0</InstanceID>
[INFO] [soap] assert_http_200 service=AVTransport action=GetPositionInfo handler=avtransport_get_position_info
[INFO] [runtime-heartbeat] t_ms=24120546 frame=1928 view=video player_state=playing media=1 return_home_pending=0 protocol_state=media-active owner=dlna generation=3 service_workers=0,0,0 service_age_ms=33740,33736,33736 media_queue=0 media_high=1 media_command=0 media_kind=0 media_producer=0 media_token=0 media_generation=0 media_command_age_ms=0 media_heartbeat_age_ms=7 media_full=0 media_stale=0 media_timeout=0 media_coalesced=0 media_accepting=1 media_lifecycle=0,1,0,1 log_queue=0 enqueued=336 processed=336 log_high=29 log_heartbeat_age_ms=2 log_waiting=1 queue_dropped=0 mirror_dropped=0 mirror_failures=0 mirror=1 worker=1 mdns_phase=waiting mdns_mode=3 mdns_running=1 mdns_socket=1 mdns_heartbeat_age_ms=97 mdns_select=175 mdns_recv=9 mdns_sent=0
[INFO] [soap] soap_call "AVTransport" "GetPositionInfo" <InstanceID>0</InstanceID>
[INFO] [soap] assert_http_200 service=AVTransport action=GetPositionInfo handler=avtransport_get_position_info
[INFO] [soap] soap_call "AVTransport" "GetTransportInfo" <InstanceID>0</InstanceID>
[INFO] [soap] assert_http_200 service=AVTransport action=GetTransportInfo handler=avtransport_get_transport_info
[INFO] [runtime-heartbeat] t_ms=24122546 frame=2032 view=video player_state=playing media=1 return_home_pending=0 protocol_state=media-active owner=dlna generation=3 service_workers=0,0,0 service_age_ms=35740,35736,35736 media_queue=0 media_high=1 media_command=0 media_kind=0 media_producer=0 media_token=0 media_generation=0 media_command_age_ms=0 media_heartbeat_age_ms=1 media_full=0 media_stale=0 media_timeout=0 media_coalesced=0 media_accepting=1 media_lifecycle=0,1,0,1 log_queue=0 enqueued=341 processed=341 log_high=29 log_heartbeat_age_ms=981 log_waiting=1 queue_dropped=0 mirror_dropped=0 mirror_failures=0 mirror=1 worker=1 mdns_phase=waiting mdns_mode=3 mdns_running=1 mdns_socket=1 mdns_heartbeat_age_ms=96 mdns_select=185 mdns_recv=9 mdns_sent=0
[INFO] [soap] soap_call "AVTransport" "GetPositionInfo" <InstanceID>0</InstanceID>
[INFO] [soap] assert_http_200 service=AVTransport action=GetPositionInfo handler=avtransport_get_position_info
[INFO] [soap] soap_call "AVTransport" "GetTransportInfo" <InstanceID>0</InstanceID>
[INFO] [soap] assert_http_200 service=AVTransport action=GetTransportInfo handler=avtransport_get_transport_info
[INFO] [soap] soap_call "AVTransport" "GetTransportInfo" <InstanceID>0</InstanceID>
[INFO] [soap] assert_http_200 service=AVTransport action=GetTransportInfo handler=avtransport_get_transport_info
[INFO] [soap] soap_call "AVTransport" "GetPositionInfo" <InstanceID>0</InstanceID>
[INFO] [soap] assert_http_200 service=AVTransport action=GetPositionInfo handler=avtransport_get_position_info
[INFO] [soap] soap_call "AVTransport" "GetPositionInfo" <InstanceID>0</InstanceID>
[INFO] [soap] assert_http_200 service=AVTransport action=GetPositionInfo handler=avtransport_get_position_info
[INFO] [soap] soap_call "AVTransport" "GetTransportInfo" <InstanceID>0</InstanceID>
[INFO] [soap] assert_http_200 service=AVTransport action=GetTransportInfo handler=avtransport_get_transport_info
[INFO] [runtime-heartbeat] t_ms=24124563 frame=2134 view=video player_state=playing media=1 return_home_pending=0 protocol_state=media-active owner=dlna generation=3 service_workers=0,0,0 service_age_ms=37757,37753,37753 media_queue=0 media_high=1 media_command=0 media_kind=0 media_producer=0 media_token=0 media_generation=0 media_command_age_ms=0 media_heartbeat_age_ms=7 media_full=0 media_stale=0 media_timeout=0 media_coalesced=0 media_accepting=1 media_lifecycle=0,1,0,1 log_queue=0 enqueued=354 processed=354 log_high=29 log_heartbeat_age_ms=14 log_waiting=1 queue_dropped=0 mirror_dropped=0 mirror_failures=0 mirror=1 worker=1 mdns_phase=waiting mdns_mode=3 mdns_running=1 mdns_socket=1 mdns_heartbeat_age_ms=112 mdns_select=195 mdns_recv=9 mdns_sent=0
[INFO] [soap] soap_call "AVTransport" "GetTransportInfo" <InstanceID>0</InstanceID>
[INFO] [soap] assert_http_200 service=AVTransport action=GetTransportInfo handler=avtransport_get_transport_info
[INFO] [soap] soap_call "AVTransport" "GetPositionInfo" <InstanceID>0</InstanceID>
[INFO] [soap] assert_http_200 service=AVTransport action=GetPositionInfo handler=avtransport_get_position_info
[INFO] [runtime-heartbeat] t_ms=24126563 frame=2237 view=video player_state=playing media=1 return_home_pending=0 protocol_state=media-active owner=dlna generation=3 service_workers=0,0,0 service_age_ms=39757,39753,39753 media_queue=0 media_high=1 media_command=0 media_kind=0 media_producer=0 media_token=0 media_generation=0 media_command_age_ms=0 media_heartbeat_age_ms=6 media_full=0 media_stale=0 media_timeout=0 media_coalesced=0 media_accepting=1 media_lifecycle=0,1,0,1 log_queue=0 enqueued=359 processed=359 log_high=29 log_heartbeat_age_ms=1007 log_waiting=1 queue_dropped=0 mirror_dropped=0 mirror_failures=0 mirror=1 worker=1 mdns_phase=waiting mdns_mode=3 mdns_running=1 mdns_socket=1 mdns_heartbeat_age_ms=112 mdns_select=205 mdns_recv=9 mdns_sent=0
[INFO] [soap] soap_call "AVTransport" "GetTransportInfo" <InstanceID>0</InstanceID>
[INFO] [soap] assert_http_200 service=AVTransport action=GetTransportInfo handler=avtransport_get_transport_info
[INFO] [soap] soap_call "AVTransport" "GetPositionInfo" <InstanceID>0</InstanceID>
[INFO] [soap] assert_http_200 service=AVTransport action=GetPositionInfo handler=avtransport_get_position_info
[INFO] [soap] soap_call "AVTransport" "GetTransportInfo" <InstanceID>0</InstanceID>
[INFO] [soap] assert_http_200 service=AVTransport action=GetTransportInfo handler=avtransport_get_transport_info
[INFO] [soap] soap_call "AVTransport" "GetPositionInfo" <InstanceID>0</InstanceID>
[INFO] [soap] assert_http_200 service=AVTransport action=GetPositionInfo handler=avtransport_get_position_info
[INFO] [runtime-heartbeat] t_ms=24128563 frame=2339 view=video player_state=playing media=1 return_home_pending=0 protocol_state=media-active owner=dlna generation=3 service_workers=0,0,0 service_age_ms=41757,41753,41753 media_queue=0 media_high=1 media_command=0 media_kind=0 media_producer=0 media_token=0 media_generation=0 media_command_age_ms=0 media_heartbeat_age_ms=6 media_full=0 media_stale=0 media_timeout=0 media_coalesced=0 media_accepting=1 media_lifecycle=0,1,0,1 log_queue=0 enqueued=368 processed=368 log_high=29 log_heartbeat_age_ms=961 log_waiting=1 queue_dropped=0 mirror_dropped=0 mirror_failures=0 mirror=1 worker=1 mdns_phase=waiting mdns_mode=3 mdns_running=1 mdns_socket=1 mdns_heartbeat_age_ms=111 mdns_select=215 mdns_recv=9 mdns_sent=0
[INFO] [soap] soap_call "AVTransport" "GetTransportInfo" <InstanceID>0</InstanceID>
[INFO] [soap] assert_http_200 service=AVTransport action=GetTransportInfo handler=avtransport_get_transport_info
[INFO] [soap] soap_call "AVTransport" "GetPositionInfo" <InstanceID>0</InstanceID>
[INFO] [soap] assert_http_200 service=AVTransport action=GetPositionInfo handler=avtransport_get_position_info
[INFO] [soap] soap_call "AVTransport" "GetPositionInfo" <InstanceID>0</InstanceID>
[INFO] [soap] assert_http_200 service=AVTransport action=GetPositionInfo handler=avtransport_get_position_info
[INFO] [soap] soap_call "AVTransport" "GetTransportInfo" <InstanceID>0</InstanceID>
[INFO] [soap] assert_http_200 service=AVTransport action=GetTransportInfo handler=avtransport_get_transport_info
[INFO] [soap] soap_call "AVTransport" "GetTransportInfo" <InstanceID>0</InstanceID>
[INFO] [soap] assert_http_200 service=AVTransport action=GetTransportInfo handler=avtransport_get_transport_info
[INFO] [soap] soap_call "AVTransport" "GetPositionInfo" <InstanceID>0</InstanceID>
[INFO] [soap] assert_http_200 service=AVTransport action=GetPositionInfo handler=avtransport_get_position_info
[INFO] [runtime-heartbeat] t_ms=24130575 frame=2443 view=video player_state=playing media=1 return_home_pending=0 protocol_state=media-active owner=dlna generation=3 service_workers=0,0,0 service_age_ms=43769,43765,43765 media_queue=0 media_high=1 media_command=0 media_kind=0 media_producer=0 media_token=0 media_generation=0 media_command_age_ms=0 media_heartbeat_age_ms=0 media_full=0 media_stale=0 media_timeout=0 media_coalesced=0 media_accepting=1 media_lifecycle=0,1,0,1 log_queue=0 enqueued=381 processed=381 log_high=29 log_heartbeat_age_ms=2 log_waiting=1 queue_dropped=0 mirror_dropped=0 mirror_failures=0 mirror=1 worker=1 mdns_phase=waiting mdns_mode=3 mdns_running=1 mdns_socket=1 mdns_heartbeat_age_ms=122 mdns_select=225 mdns_recv=9 mdns_sent=0
[INFO] [soap] soap_call "AVTransport" "GetPositionInfo" <InstanceID>0</InstanceID>
[INFO] [soap] assert_http_200 service=AVTransport action=GetPositionInfo handler=avtransport_get_position_info
[INFO] [soap] soap_call "AVTransport" "GetTransportInfo" <InstanceID>0</InstanceID>
[INFO] [soap] assert_http_200 service=AVTransport action=GetTransportInfo handler=avtransport_get_transport_info
[INFO] [soap] soap_call "AVTransport" "GetTransportInfo" <InstanceID>0</InstanceID>
[INFO] [soap] assert_http_200 service=AVTransport action=GetTransportInfo handler=avtransport_get_transport_info
[INFO] [soap] soap_call "AVTransport" "GetPositionInfo" <InstanceID>0</InstanceID>
[INFO] [soap] assert_http_200 service=AVTransport action=GetPositionInfo handler=avtransport_get_position_info
[INFO] [runtime-heartbeat] t_ms=24132580 frame=2544 view=video player_state=playing media=1 return_home_pending=0 protocol_state=media-active owner=dlna generation=3 service_workers=0,0,0 service_age_ms=45774,45770,45770 media_queue=0 media_high=1 media_command=0 media_kind=0 media_producer=0 media_token=0 media_generation=0 media_command_age_ms=0 media_heartbeat_age_ms=6 media_full=0 media_stale=0 media_timeout=0 media_coalesced=0 media_accepting=1 media_lifecycle=0,1,0,1 log_queue=0 enqueued=390 processed=390 log_high=29 log_heartbeat_age_ms=30 log_waiting=1 queue_dropped=0 mirror_dropped=0 mirror_failures=0 mirror=1 worker=1 mdns_phase=waiting mdns_mode=3 mdns_running=1 mdns_socket=1 mdns_heartbeat_age_ms=127 mdns_select=235 mdns_recv=9 mdns_sent=0
[INFO] [soap] soap_call "AVTransport" "GetPositionInfo" <InstanceID>0</InstanceID>
[INFO] [soap] assert_http_200 service=AVTransport action=GetPositionInfo handler=avtransport_get_position_info
[INFO] [soap] soap_call "AVTransport" "GetTransportInfo" <InstanceID>0</InstanceID>
[INFO] [soap] assert_http_200 service=AVTransport action=GetTransportInfo handler=avtransport_get_transport_info
[INFO] [soap] soap_call "AVTransport" "GetTransportInfo" <InstanceID>0</InstanceID>
[INFO] [soap] assert_http_200 service=AVTransport action=GetTransportInfo handler=avtransport_get_transport_info
[INFO] [soap] soap_call "AVTransport" "GetPositionInfo" <InstanceID>0</InstanceID>
[INFO] [soap] assert_http_200 service=AVTransport action=GetPositionInfo handler=avtransport_get_position_info
[INFO] [runtime-heartbeat] t_ms=24134580 frame=2644 view=video player_state=playing media=1 return_home_pending=0 protocol_state=media-active owner=dlna generation=3 service_workers=0,0,0 service_age_ms=47774,47770,47770 media_queue=0 media_high=1 media_command=0 media_kind=0 media_producer=0 media_token=0 media_generation=0 media_command_age_ms=0 media_heartbeat_age_ms=5 media_full=0 media_stale=0 media_timeout=0 media_coalesced=0 media_accepting=1 media_lifecycle=0,1,0,1 log_queue=0 enqueued=399 processed=399 log_high=29 log_heartbeat_age_ms=31 log_waiting=1 queue_dropped=0 mirror_dropped=0 mirror_failures=0 mirror=1 worker=1 mdns_phase=waiting mdns_mode=3 mdns_running=1 mdns_socket=1 mdns_heartbeat_age_ms=126 mdns_select=245 mdns_recv=9 mdns_sent=0
[INFO] [soap] soap_call "AVTransport" "GetPositionInfo" <InstanceID>0</InstanceID>
[INFO] [soap] assert_http_200 service=AVTransport action=GetPositionInfo handler=avtransport_get_position_info
[INFO] [soap] soap_call "AVTransport" "GetTransportInfo" <InstanceID>0</InstanceID>
[INFO] [soap] assert_http_200 service=AVTransport action=GetTransportInfo handler=avtransport_get_transport_info
[INFO] [runtime-heartbeat] t_ms=24136580 frame=2749 view=video player_state=playing media=1 return_home_pending=0 protocol_state=media-active owner=dlna generation=3 service_workers=0,0,0 service_age_ms=49774,49770,49770 media_queue=0 media_high=1 media_command=0 media_kind=0 media_producer=0 media_token=0 media_generation=0 media_command_age_ms=0 media_heartbeat_age_ms=5 media_full=0 media_stale=0 media_timeout=0 media_coalesced=0 media_accepting=1 media_lifecycle=0,1,0,1 log_queue=0 enqueued=404 processed=404 log_high=29 log_heartbeat_age_ms=990 log_waiting=1 queue_dropped=0 mirror_dropped=0 mirror_failures=0 mirror=1 worker=1 mdns_phase=waiting mdns_mode=3 mdns_running=1 mdns_socket=1 mdns_heartbeat_age_ms=126 mdns_select=255 mdns_recv=9 mdns_sent=0
[INFO] [soap] soap_call "AVTransport" "GetPositionInfo" <InstanceID>0</InstanceID>
[INFO] [soap] assert_http_200 service=AVTransport action=GetPositionInfo handler=avtransport_get_position_info
[INFO] [soap] soap_call "AVTransport" "GetTransportInfo" <InstanceID>0</InstanceID>
[INFO] [soap] assert_http_200 service=AVTransport action=GetTransportInfo handler=avtransport_get_transport_info
[INFO] [soap] soap_call "AVTransport" "Seek" <InstanceID>0</InstanceID> <Unit>REL_TIME</Unit> <Target>0:02:19</Target>
[INFO] [media-trace] seq=2 t_ms=27009 layer=soap action=Seek phase=begin url_hash=7343dd7d detail=00:02:19 url=<URL_REDACTED>
[INFO] [media-trace] seq=2 t_ms=27009 layer=libmpv action=Seek phase=dispatch url_hash=7343dd7d detail=139.000 url=<URL_REDACTED>
[INFO] [media-trace] seq=2 t_ms=27009 layer=soap action=Seek phase=done url_hash=7343dd7d detail=00:02:19 url=<URL_REDACTED>
[INFO] [soap] assert_http_200 service=AVTransport action=Seek handler=avtransport_seek
[INFO] [soap] soap_call "AVTransport" "Seek" <InstanceID>0</InstanceID> <Unit>REL_TIME</Unit> <Target>0:02:19</Target>
[INFO] [media-trace] seq=2 t_ms=27010 layer=soap action=Seek phase=begin url_hash=7343dd7d detail=00:02:19 url=<URL_REDACTED>
[INFO] [media-trace] seq=2 t_ms=27010 layer=libmpv action=Seek phase=dispatch url_hash=7343dd7d detail=139.000 url=<URL_REDACTED>
[INFO] [media-trace] seq=2 t_ms=27010 layer=soap action=Seek phase=done url_hash=7343dd7d detail=00:02:19 url=<URL_REDACTED>
[INFO] [soap] assert_http_200 service=AVTransport action=Seek handler=avtransport_seek
[INFO] [soap] soap_call "AVTransport" "GetTransportInfo" <InstanceID>0</InstanceID>
[INFO] [soap] assert_http_200 service=AVTransport action=GetTransportInfo handler=avtransport_get_transport_info
[INFO] [soap] soap_call "AVTransport" "GetPositionInfo" <InstanceID>0</InstanceID>
[INFO] [soap] assert_http_200 service=AVTransport action=GetPositionInfo handler=avtransport_get_position_info
[INFO] [soap] soap_call "AVTransport" "GetTransportInfo" <InstanceID>0</InstanceID>
[INFO] [soap] assert_http_200 service=AVTransport action=GetTransportInfo handler=avtransport_get_transport_info
[INFO] [soap] soap_call "AVTransport" "GetPositionInfo" <InstanceID>0</InstanceID>
[INFO] [soap] assert_http_200 service=AVTransport action=GetPositionInfo handler=avtransport_get_position_info
[INFO] [runtime-heartbeat] t_ms=24138580 frame=2859 view=video player_state=seeking media=1 return_home_pending=0 protocol_state=media-active owner=dlna generation=3 service_workers=0,0,0 service_age_ms=51774,51770,51770 media_queue=0 media_high=1 media_command=0 media_kind=0 media_producer=0 media_token=0 media_generation=0 media_command_age_ms=0 media_heartbeat_age_ms=7 media_full=0 media_stale=0 media_timeout=0 media_coalesced=0 media_accepting=1 media_lifecycle=0,1,0,1 log_queue=0 enqueued=427 processed=427 log_high=29 log_heartbeat_age_ms=32 log_waiting=1 queue_dropped=0 mirror_dropped=0 mirror_failures=0 mirror=1 worker=1 mdns_phase=waiting mdns_mode=3 mdns_running=1 mdns_socket=1 mdns_heartbeat_age_ms=125 mdns_select=265 mdns_recv=9 mdns_sent=0
[INFO] [soap] soap_call "AVTransport" "GetTransportInfo" <InstanceID>0</InstanceID>
[INFO] [soap] assert_http_200 service=AVTransport action=GetTransportInfo handler=avtransport_get_transport_info
[INFO] [soap] soap_call "AVTransport" "GetPositionInfo" <InstanceID>0</InstanceID>
[INFO] [soap] assert_http_200 service=AVTransport action=GetPositionInfo handler=avtransport_get_position_info
[INFO] [soap] soap_call "AVTransport" "GetTransportInfo" <InstanceID>0</InstanceID>
[INFO] [soap] assert_http_200 service=AVTransport action=GetTransportInfo handler=avtransport_get_transport_info
[INFO] [soap] soap_call "AVTransport" "GetPositionInfo" <InstanceID>0</InstanceID>
[INFO] [soap] assert_http_200 service=AVTransport action=GetPositionInfo handler=avtransport_get_position_info
[INFO] [runtime-heartbeat] t_ms=24140580 frame=2979 view=video player_state=seeking media=1 return_home_pending=0 protocol_state=media-active owner=dlna generation=3 service_workers=0,0,0 service_age_ms=53774,53770,53770 media_queue=0 media_high=1 media_command=0 media_kind=0 media_producer=0 media_token=0 media_generation=0 media_command_age_ms=0 media_heartbeat_age_ms=6 media_full=0 media_stale=0 media_timeout=0 media_coalesced=0 media_accepting=1 media_lifecycle=0,1,0,1 log_queue=0 enqueued=436 processed=436 log_high=29 log_heartbeat_age_ms=37 log_waiting=1 queue_dropped=0 mirror_dropped=0 mirror_failures=0 mirror=1 worker=1 mdns_phase=waiting mdns_mode=3 mdns_running=1 mdns_socket=1 mdns_heartbeat_age_ms=124 mdns_select=275 mdns_recv=9 mdns_sent=0
[INFO] [media-trace] seq=2 t_ms=31018 layer=libmpv action=mpv-playback-restart phase=event url_hash=7343dd7d detail=- url=<URL_REDACTED>
[INFO] [soap] soap_call "AVTransport" "GetTransportInfo" <InstanceID>0</InstanceID>
[INFO] [soap] assert_http_200 service=AVTransport action=GetTransportInfo handler=avtransport_get_transport_info
[INFO] [soap] soap_call "AVTransport" "GetPositionInfo" <InstanceID>0</InstanceID>
[INFO] [soap] assert_http_200 service=AVTransport action=GetPositionInfo handler=avtransport_get_position_info
[INFO] [soap] soap_call "AVTransport" "GetTransportInfo" <InstanceID>0</InstanceID>
[INFO] [soap] assert_http_200 service=AVTransport action=GetTransportInfo handler=avtransport_get_transport_info
[INFO] [soap] soap_call "AVTransport" "GetPositionInfo" <InstanceID>0</InstanceID>
[INFO] [soap] assert_http_200 service=AVTransport action=GetPositionInfo handler=avtransport_get_position_info
[INFO] [runtime-heartbeat] t_ms=24142608 frame=3094 view=video player_state=playing media=1 return_home_pending=0 protocol_state=media-active owner=dlna generation=3 service_workers=0,0,0 service_age_ms=55802,55798,55798 media_queue=0 media_high=1 media_command=0 media_kind=0 media_producer=0 media_token=0 media_generation=0 media_command_age_ms=0 media_heartbeat_age_ms=7 media_full=0 media_stale=0 media_timeout=0 media_coalesced=0 media_accepting=1 media_lifecycle=0,1,0,1 log_queue=0 enqueued=446 processed=446 log_high=29 log_heartbeat_age_ms=54 log_waiting=1 queue_dropped=0 mirror_dropped=0 mirror_failures=0 mirror=1 worker=1 mdns_phase=waiting mdns_mode=3 mdns_running=1 mdns_socket=1 mdns_heartbeat_age_ms=152 mdns_select=285 mdns_recv=9 mdns_sent=0
[INFO] [soap] soap_call "AVTransport" "GetTransportInfo" <InstanceID>0</InstanceID>
[INFO] [soap] assert_http_200 service=AVTransport action=GetTransportInfo handler=avtransport_get_transport_info
[INFO] [soap] soap_call "AVTransport" "GetPositionInfo" <InstanceID>0</InstanceID>
[INFO] [soap] assert_http_200 service=AVTransport action=GetPositionInfo handler=avtransport_get_position_info
[ERROR] [player-libmpv][ao/hos] Error writing audio to device.
[INFO] [soap] soap_call "AVTransport" "GetPositionInfo" <InstanceID>0</InstanceID>
[INFO] [soap] assert_http_200 service=AVTransport action=GetPositionInfo handler=avtransport_get_position_info
[INFO] [soap] soap_call "AVTransport" "GetTransportInfo" <InstanceID>0</InstanceID>
[INFO] [soap] assert_http_200 service=AVTransport action=GetTransportInfo handler=avtransport_get_transport_info
[INFO] [runtime-heartbeat] t_ms=24144613 frame=3208 view=video player_state=playing media=1 return_home_pending=0 protocol_state=media-active owner=dlna generation=3 service_workers=0,0,0 service_age_ms=57807,57803,57803 media_queue=0 media_high=1 media_command=0 media_kind=0 media_producer=0 media_token=0 media_generation=0 media_command_age_ms=0 media_heartbeat_age_ms=1 media_full=0 media_stale=0 media_timeout=0 media_coalesced=0 media_accepting=1 media_lifecycle=0,1,0,1 log_queue=0 enqueued=456 processed=456 log_high=29 log_heartbeat_age_ms=63 log_waiting=1 queue_dropped=0 mirror_dropped=0 mirror_failures=0 mirror=1 worker=1 mdns_phase=waiting mdns_mode=3 mdns_running=1 mdns_socket=1 mdns_heartbeat_age_ms=132 mdns_select=296 mdns_recv=10 mdns_sent=0
[INFO] [soap] soap_call "AVTransport" "GetTransportInfo" <InstanceID>0</InstanceID>
[INFO] [soap] assert_http_200 service=AVTransport action=GetTransportInfo handler=avtransport_get_transport_info
[INFO] [soap] soap_call "AVTransport" "GetPositionInfo" <InstanceID>0</InstanceID>
[INFO] [soap] assert_http_200 service=AVTransport action=GetPositionInfo handler=avtransport_get_position_info
[WARN] [player-libmpv][ffmpeg] http: Will reconnect at 24641536 in 0 second(s), error=Connection reset by peer.
[INFO] [soap] soap_call "AVTransport" "GetPositionInfo" <InstanceID>0</InstanceID>
[INFO] [soap] assert_http_200 service=AVTransport action=GetPositionInfo handler=avtransport_get_position_info
[INFO] [soap] soap_call "AVTransport" "GetTransportInfo" <InstanceID>0</InstanceID>
[INFO] [soap] assert_http_200 service=AVTransport action=GetTransportInfo handler=avtransport_get_transport_info
[INFO] [runtime-heartbeat] t_ms=24146613 frame=3316 view=video player_state=playing media=1 return_home_pending=0 protocol_state=media-active owner=dlna generation=3 service_workers=0,0,0 service_age_ms=59807,59803,59803 media_queue=0 media_high=1 media_command=0 media_kind=0 media_producer=0 media_token=0 media_generation=0 media_command_age_ms=0 media_heartbeat_age_ms=0 media_full=0 media_stale=0 media_timeout=0 media_coalesced=0 media_accepting=1 media_lifecycle=0,1,0,1 log_queue=0 enqueued=466 processed=466 log_high=29 log_heartbeat_age_ms=68 log_waiting=1 queue_dropped=0 mirror_dropped=0 mirror_failures=0 mirror=1 worker=1 mdns_phase=waiting mdns_mode=3 mdns_running=1 mdns_socket=1 mdns_heartbeat_age_ms=131 mdns_select=306 mdns_recv=10 mdns_sent=0
[INFO] [soap] soap_call "AVTransport" "GetPositionInfo" <InstanceID>0</InstanceID>
[INFO] [soap] assert_http_200 service=AVTransport action=GetPositionInfo handler=avtransport_get_position_info
[INFO] [soap] soap_call "AVTransport" "GetTransportInfo" <InstanceID>0</InstanceID>
[INFO] [soap] assert_http_200 service=AVTransport action=GetTransportInfo handler=avtransport_get_transport_info
[INFO] [soap] soap_call "AVTransport" "GetTransportInfo" <InstanceID>0</InstanceID>
[INFO] [soap] assert_http_200 service=AVTransport action=GetTransportInfo handler=avtransport_get_transport_info
[INFO] [soap] soap_call "AVTransport" "GetPositionInfo" <InstanceID>0</InstanceID>
[INFO] [soap] assert_http_200 service=AVTransport action=GetPositionInfo handler=avtransport_get_position_info
[INFO] [runtime-heartbeat] t_ms=24148613 frame=3425 view=video player_state=playing media=1 return_home_pending=0 protocol_state=media-active owner=dlna generation=3 service_workers=0,0,0 service_age_ms=61807,61803,61803 media_queue=0 media_high=1 media_command=0 media_kind=0 media_producer=0 media_token=0 media_generation=0 media_command_age_ms=0 media_heartbeat_age_ms=10 media_full=0 media_stale=0 media_timeout=0 media_coalesced=0 media_accepting=1 media_lifecycle=0,1,0,1 log_queue=0 enqueued=475 processed=475 log_high=29 log_heartbeat_age_ms=65 log_waiting=1 queue_dropped=0 mirror_dropped=0 mirror_failures=0 mirror=1 worker=1 mdns_phase=waiting mdns_mode=3 mdns_running=1 mdns_socket=1 mdns_heartbeat_age_ms=130 mdns_select=316 mdns_recv=10 mdns_sent=0
[INFO] [soap] soap_call "AVTransport" "GetPositionInfo" <InstanceID>0</InstanceID>
[INFO] [soap] assert_http_200 service=AVTransport action=GetPositionInfo handler=avtransport_get_position_info
[INFO] [soap] soap_call "AVTransport" "GetTransportInfo" <InstanceID>0</InstanceID>
[INFO] [soap] assert_http_200 service=AVTransport action=GetTransportInfo handler=avtransport_get_transport_info
[INFO] [soap] soap_call "AVTransport" "GetTransportInfo" <InstanceID>0</InstanceID>
[INFO] [soap] assert_http_200 service=AVTransport action=GetTransportInfo handler=avtransport_get_transport_info
[INFO] [soap] soap_call "AVTransport" "GetPositionInfo" <InstanceID>0</InstanceID>
[INFO] [soap] assert_http_200 service=AVTransport action=GetPositionInfo handler=avtransport_get_position_info
[INFO] [runtime-heartbeat] t_ms=24150613 frame=3534 view=video player_state=playing media=1 return_home_pending=0 protocol_state=media-active owner=dlna generation=3 service_workers=0,0,0 service_age_ms=63807,63803,63803 media_queue=0 media_high=1 media_command=0 media_kind=0 media_producer=0 media_token=0 media_generation=0 media_command_age_ms=0 media_heartbeat_age_ms=0 media_full=0 media_stale=0 media_timeout=0 media_coalesced=0 media_accepting=1 media_lifecycle=0,1,0,1 log_queue=0 enqueued=484 processed=484 log_high=29 log_heartbeat_age_ms=70 log_waiting=1 queue_dropped=0 mirror_dropped=0 mirror_failures=0 mirror=1 worker=1 mdns_phase=waiting mdns_mode=3 mdns_running=1 mdns_socket=1 mdns_heartbeat_age_ms=128 mdns_select=326 mdns_recv=10 mdns_sent=0
[INFO] [soap] soap_call "AVTransport" "GetPositionInfo" <InstanceID>0</InstanceID>
[INFO] [soap] assert_http_200 service=AVTransport action=GetPositionInfo handler=avtransport_get_position_info
[INFO] [soap] soap_call "AVTransport" "GetTransportInfo" <InstanceID>0</InstanceID>
[INFO] [soap] assert_http_200 service=AVTransport action=GetTransportInfo handler=avtransport_get_transport_info
[INFO] [soap] soap_call "AVTransport" "GetTransportInfo" <InstanceID>0</InstanceID>
[INFO] [soap] assert_http_200 service=AVTransport action=GetTransportInfo handler=avtransport_get_transport_info
[INFO] [soap] soap_call "AVTransport" "GetPositionInfo" <InstanceID>0</InstanceID>
[INFO] [soap] assert_http_200 service=AVTransport action=GetPositionInfo handler=avtransport_get_position_info
[INFO] [runtime-heartbeat] t_ms=24152613 frame=3641 view=video player_state=playing media=1 return_home_pending=0 protocol_state=media-active owner=dlna generation=3 service_workers=0,0,0 service_age_ms=65807,65803,65803 media_queue=0 media_high=1 media_command=0 media_kind=0 media_producer=0 media_token=0 media_generation=0 media_command_age_ms=0 media_heartbeat_age_ms=3 media_full=0 media_stale=0 media_timeout=0 media_coalesced=0 media_accepting=1 media_lifecycle=0,1,0,1 log_queue=0 enqueued=493 processed=493 log_high=29 log_heartbeat_age_ms=68 log_waiting=1 queue_dropped=0 mirror_dropped=0 mirror_failures=0 mirror=1 worker=1 mdns_phase=waiting mdns_mode=3 mdns_running=1 mdns_socket=1 mdns_heartbeat_age_ms=127 mdns_select=336 mdns_recv=10 mdns_sent=0
[INFO] [soap] soap_call "AVTransport" "GetTransportInfo" <InstanceID>0</InstanceID>
[INFO] [soap] assert_http_200 service=AVTransport action=GetTransportInfo handler=avtransport_get_transport_info
[INFO] [soap] soap_call "AVTransport" "GetPositionInfo" <InstanceID>0</InstanceID>
[INFO] [soap] assert_http_200 service=AVTransport action=GetPositionInfo handler=avtransport_get_position_info
[INFO] [soap] soap_call "AVTransport" "Stop" <InstanceID>0</InstanceID>
[INFO] [media-trace] seq=2 t_ms=43595 layer=soap action=Stop phase=begin url_hash=7343dd7d detail=- url=<URL_REDACTED>
[INFO] [media-trace] seq=2 t_ms=43595 layer=player action=Stop phase=backend-call-begin url_hash=7343dd7d detail=-
[INFO] [media-trace] seq=2 t_ms=43595 layer=libmpv action=Stop phase=mutex-wait url_hash=7343dd7d detail=- url=<URL_REDACTED>
[INFO] [media-trace] seq=2 t_ms=43595 layer=libmpv action=Stop phase=mutex-acquired url_hash=7343dd7d detail=- url=<URL_REDACTED>
[INFO] [media-trace] seq=2 t_ms=43595 layer=libmpv action=Stop phase=dispatch url_hash=7343dd7d detail=- url=<URL_REDACTED>
[INFO] [media-trace] seq=2 t_ms=43596 layer=player action=Stop phase=backend-call-done url_hash=7343dd7d detail=ok
[INFO] [media-trace] seq=2 t_ms=43596 layer=player action=Stop phase=snapshot-refresh-begin url_hash=7343dd7d detail=-
[INFO] [media-trace] seq=2 t_ms=43596 layer=player action=Stop phase=snapshot-refresh-done url_hash=7343dd7d detail=-
[INFO] [media-trace] seq=2 t_ms=43596 layer=player action=Stop phase=backend-wakeup-begin url_hash=7343dd7d detail=-
[INFO] [media-trace] seq=2 t_ms=43596 layer=player action=Stop phase=backend-wakeup-done url_hash=7343dd7d detail=-
[INFO] [media-trace] seq=2 t_ms=43596 layer=soap action=Stop phase=done url_hash=7343dd7d detail=- url=<URL_REDACTED>
[INFO] [soap] assert_http_200 service=AVTransport action=Stop handler=avtransport_stop
[INFO] [player-libmpv] end-file uri=<URL_REDACTED> reason=stop error=success
[INFO] [media-trace] seq=2 t_ms=43723 layer=libmpv action=mpv-end-file phase=event url_hash=7343dd7d detail=stop url=<URL_REDACTED>
[INFO] [runtime-heartbeat] t_ms=24154613 frame=3751 view=video player_state=stopped media=1 return_home_pending=0 protocol_state=media-active owner=dlna generation=3 service_workers=0,0,0 service_age_ms=67807,67803,67803 media_queue=0 media_high=1 media_command=0 media_kind=0 media_producer=0 media_token=0 media_generation=0 media_command_age_ms=0 media_heartbeat_age_ms=9 media_full=0 media_stale=0 media_timeout=0 media_coalesced=0 media_accepting=1 media_lifecycle=0,1,0,1 log_queue=0 enqueued=513 processed=513 log_high=29 log_heartbeat_age_ms=375 log_waiting=1 queue_dropped=0 mirror_dropped=0 mirror_failures=0 mirror=1 worker=1 mdns_phase=waiting mdns_mode=3 mdns_running=1 mdns_socket=1 mdns_heartbeat_age_ms=93 mdns_select=347 mdns_recv=11 mdns_sent=0
[INFO] [player-view] desired_view=home state=STOPPED has_media=1 uri=<URL_REDACTED>
[INFO] [player-view] active_view=home frame=3810
[INFO] [input] active_view=home state=stopped media=1 snapshot=1
[INFO] [runtime-heartbeat] t_ms=24156613 frame=3872 view=home player_state=stopped media=1 return_home_pending=0 protocol_state=media-active owner=dlna generation=3 service_workers=0,0,0 service_age_ms=69807,69803,69803 media_queue=0 media_high=1 media_command=0 media_kind=0 media_producer=0 media_token=0 media_generation=0 media_command_age_ms=0 media_heartbeat_age_ms=8 media_full=0 media_stale=0 media_timeout=0 media_coalesced=0 media_accepting=1 media_lifecycle=0,1,0,1 log_queue=0 enqueued=517 processed=517 log_high=29 log_heartbeat_age_ms=1000 log_waiting=1 queue_dropped=0 mirror_dropped=0 mirror_failures=0 mirror=1 worker=1 mdns_phase=waiting mdns_mode=3 mdns_running=1 mdns_socket=1 mdns_heartbeat_age_ms=68 mdns_select=358 mdns_recv=13 mdns_sent=0
[INFO] [runtime-heartbeat] t_ms=24158613 frame=3992 view=home player_state=stopped media=1 return_home_pending=0 protocol_state=media-active owner=dlna generation=3 service_workers=0,0,0 service_age_ms=71807,71803,71803 media_queue=0 media_high=1 media_command=0 media_kind=0 media_producer=0 media_token=0 media_generation=0 media_command_age_ms=0 media_heartbeat_age_ms=6 media_full=0 media_stale=0 media_timeout=0 media_coalesced=0 media_accepting=1 media_lifecycle=0,1,0,1 log_queue=0 enqueued=518 processed=518 log_high=29 log_heartbeat_age_ms=1999 log_waiting=1 queue_dropped=0 mirror_dropped=0 mirror_failures=0 mirror=1 worker=1 mdns_phase=waiting mdns_mode=3 mdns_running=1 mdns_socket=1 mdns_heartbeat_age_ms=99 mdns_select=368 mdns_recv=14 mdns_sent=0
[INFO] [ssdp] send packet to <IP_REDACTED>:1084 st=upnp:rootdevice bytes=283
[INFO] [ssdp] send packet to <IP_REDACTED>:1084 st=upnp:rootdevice bytes=283
[INFO] [ssdp] send packet to <IP_REDACTED>:1084 st=upnp:rootdevice bytes=283
[INFO] [soap] soap_call "AVTransport" "SetAVTransportURI" <InstanceID>0</InstanceID> <CurrentURI><URL_REDACTED></CurrentURI>
[INFO] [media-trace] seq=3 t_ms=0 action=SetAVTransportURI phase=begin url_hash=5acabd74 metadata_bytes=2109 url=<URL_REDACTED>
[INFO] [media-trace] seq=3 t_ms=0 layer=soap action=SetAVTransportURI phase=dispatch instance=0 url_hash=5acabd74 url=<URL_REDACTED>
[INFO] [protocol-coordinator] event=claim previous_owner=dlna previous_token=1 previous_generation=3 owner=dlna token=1 generation=4
[INFO] [media-trace] seq=3 t_ms=0 layer=player action=set_media phase=begin url_hash=5acabd74 url=<URL_REDACTED>
[INFO] [media-trace] seq=3 t_ms=0 layer=libmpv action=set_media phase=begin url_hash=5acabd74 detail=- url=<URL_REDACTED>
[INFO] [media-trace] seq=3 t_ms=0 layer=libmpv action=set_media phase=mutex-wait url_hash=5acabd74 detail=- url=<URL_REDACTED>
[INFO] [media-trace] seq=3 t_ms=0 layer=libmpv action=set_media phase=mutex-acquired url_hash=5acabd74 detail=- url=<URL_REDACTED>
[INFO] [media-trace] seq=3 t_ms=0 layer=libmpv action=loadfile phase=dispatch url_hash=5acabd74 detail=paused=1 profile=direct-mp4-fast url=<URL_REDACTED>
[INFO] [media-trace] seq=3 t_ms=0 layer=libmpv action=loadfile phase=queued url_hash=5acabd74 detail=paused=1 profile=direct-mp4-fast url=<URL_REDACTED>
[INFO] [media-trace] seq=3 t_ms=0 layer=libmpv action=set_media phase=done url_hash=5acabd74 detail=- url=<URL_REDACTED>
[INFO] [media-trace] seq=3 t_ms=0 layer=player action=set_media phase=done url_hash=5acabd74 url=<URL_REDACTED>
[INFO] [media-trace] seq=3 t_ms=0 layer=libmpv action=mpv-start-file phase=event url_hash=5acabd74 detail=- url=<URL_REDACTED>
[INFO] [player-libmpv] start-file uri=<URL_REDACTED>
[INFO] [media-trace] seq=3 t_ms=1 layer=soap action=SetAVTransportURI phase=done url_hash=5acabd74 url=<URL_REDACTED>
[INFO] [soap] assert_http_200 service=AVTransport action=SetAVTransportURI handler=avtransport_set_uri
[INFO] [protocol-coordinator] revision=8->9 state=media-active->media-active iptv=running->running dlna=running->running airplay=running->running owner=dlna->dlna token=1 generation=4 pin_visible=0 airplay_running=1 airplay_starting=0 status=Ready for AirPlay video
[INFO] [player-view] desired_view=video state=LOADING has_media=1 uri=<URL_REDACTED>
[INFO] [player-view] active_view=video frame=4097
[INFO] [input] active_view=video state=loading media=1 snapshot=1
[INFO] [soap] soap_call "AVTransport" "Play" <InstanceID>0</InstanceID> <Speed>1</Speed>
[INFO] [media-trace] seq=3 t_ms=15 layer=soap action=Play phase=begin url_hash=5acabd74 detail=1 url=<URL_REDACTED>
[INFO] [media-trace] seq=3 t_ms=15 layer=player action=Play phase=backend-call-begin url_hash=5acabd74 detail=-
[INFO] [media-trace] seq=3 t_ms=15 layer=libmpv action=Play phase=mutex-wait url_hash=5acabd74 detail=- url=<URL_REDACTED>
[INFO] [media-trace] seq=3 t_ms=15 layer=libmpv action=Play phase=mutex-acquired url_hash=5acabd74 detail=- url=<URL_REDACTED>
[INFO] [media-trace] seq=3 t_ms=15 layer=libmpv action=Play phase=deferred url_hash=5acabd74 detail=waiting-file-loaded url=<URL_REDACTED>
[INFO] [media-trace] seq=3 t_ms=15 layer=player action=Play phase=backend-call-done url_hash=5acabd74 detail=ok
[INFO] [media-trace] seq=3 t_ms=15 layer=player action=Play phase=snapshot-refresh-begin url_hash=5acabd74 detail=-
[INFO] [media-trace] seq=3 t_ms=15 layer=player action=Play phase=snapshot-refresh-done url_hash=5acabd74 detail=-
[INFO] [media-trace] seq=3 t_ms=15 layer=player action=Play phase=backend-wakeup-begin url_hash=5acabd74 detail=-
[INFO] [media-trace] seq=3 t_ms=15 layer=player action=Play phase=backend-wakeup-done url_hash=5acabd74 detail=-
[INFO] [media-trace] seq=3 t_ms=15 layer=soap action=Play phase=done url_hash=5acabd74 detail=1 url=<URL_REDACTED>
[INFO] [soap] assert_http_200 service=AVTransport action=Play handler=avtransport_play
[INFO] [soap] soap_call "AVTransport" "GetTransportInfo" <InstanceID>0</InstanceID>
[INFO] [soap] assert_http_200 service=AVTransport action=GetTransportInfo handler=avtransport_get_transport_info
[INFO] [soap] soap_call "AVTransport" "GetPositionInfo" <InstanceID>0</InstanceID>
[INFO] [soap] assert_http_200 service=AVTransport action=GetPositionInfo handler=avtransport_get_position_info
[INFO] [runtime-heartbeat] t_ms=24160613 frame=4112 view=video player_state=loading media=1 return_home_pending=0 protocol_state=media-active owner=dlna generation=4 service_workers=0,0,0 service_age_ms=73807,73803,73803 media_queue=0 media_high=1 media_command=0 media_kind=0 media_producer=0 media_token=0 media_generation=0 media_command_age_ms=0 media_heartbeat_age_ms=6 media_full=0 media_stale=0 media_timeout=0 media_coalesced=0 media_accepting=1 media_lifecycle=0,1,0,1 log_queue=0 enqueued=559 processed=559 log_high=29 log_heartbeat_age_ms=209 log_waiting=1 queue_dropped=0 mirror_dropped=0 mirror_failures=0 mirror=1 worker=1 mdns_phase=waiting mdns_mode=3 mdns_running=1 mdns_socket=1 mdns_heartbeat_age_ms=167 mdns_select=378 mdns_recv=15 mdns_sent=0
[INFO] [soap] soap_call "AVTransport" "GetTransportInfo" <InstanceID>0</InstanceID>
[INFO] [soap] assert_http_200 service=AVTransport action=GetTransportInfo handler=avtransport_get_transport_info
[INFO] [soap] soap_call "AVTransport" "GetPositionInfo" <InstanceID>0</InstanceID>
[INFO] [soap] assert_http_200 service=AVTransport action=GetPositionInfo handler=avtransport_get_position_info
[INFO] [soap] soap_call "AVTransport" "GetTransportInfo" <InstanceID>0</InstanceID>
[INFO] [soap] assert_http_200 service=AVTransport action=GetTransportInfo handler=avtransport_get_transport_info
[INFO] [soap] soap_call "AVTransport" "GetPositionInfo" <InstanceID>0</InstanceID>
[INFO] [soap] assert_http_200 service=AVTransport action=GetPositionInfo handler=avtransport_get_position_info
[INFO] [player-libmpv][cplayer]  (+) Video --vid=1 (*) (h264 1280x720 30.000fps)
[INFO] [player-libmpv][cplayer]  (+) Audio --aid=1 (*) (aac 2ch 48000Hz)
[INFO] [player-libmpv][display-tags] File tags:
[INFO] [player-libmpv][display-tags]  Description: Bilibili VXCode Swarm Transcoder v1.3.33
[INFO] [media-trace] seq=3 t_ms=2223 layer=libmpv action=mpv-file-loaded phase=event url_hash=5acabd74 detail=- url=<URL_REDACTED>
[INFO] [player-libmpv] file-loaded uri=<URL_REDACTED>
[INFO] [media-trace] seq=3 t_ms=2223 layer=libmpv action=Play phase=dispatch url_hash=5acabd74 detail=file-loaded-autoplay url=<URL_REDACTED>
[INFO] [runtime-heartbeat] t_ms=24162613 frame=4232 view=video player_state=loading media=1 return_home_pending=0 protocol_state=media-active owner=dlna generation=4 service_workers=0,0,0 service_age_ms=75807,75803,75803 media_queue=0 media_high=1 media_command=0 media_kind=0 media_producer=0 media_token=0 media_generation=0 media_command_age_ms=0 media_heartbeat_age_ms=7 media_full=0 media_stale=0 media_timeout=0 media_coalesced=0 media_accepting=1 media_lifecycle=0,1,0,1 log_queue=0 enqueued=575 processed=575 log_high=29 log_heartbeat_age_ms=18 log_waiting=1 queue_dropped=0 mirror_dropped=0 mirror_failures=0 mirror=1 worker=1 mdns_phase=waiting mdns_mode=3 mdns_running=1 mdns_socket=1 mdns_heartbeat_age_ms=166 mdns_select=388 mdns_recv=15 mdns_sent=0
[INFO] [player-libmpv][cplayer] AO: [hos] 48000Hz stereo 2ch s16
[INFO] [player-libmpv][cplayer] VO: [libmpv] 1280x720 yuv420p
[INFO] [media-trace] seq=3 t_ms=2480 layer=libmpv action=mpv-playback-restart phase=event url_hash=5acabd74 detail=- url=<URL_REDACTED>
[INFO] [media-trace] seq=3 t_ms=2481 layer=libmpv action=startup-gate phase=seek-window url_hash=5acabd74 detail=open url=<URL_REDACTED>
[INFO] [media-trace] seq=3 t_ms=2835 layer=libmpv action=startup-gate phase=released url_hash=5acabd74 detail=initial-seek-window-expired url=<URL_REDACTED>
[INFO] [media-trace] seq=3 t_ms=2878 layer=render action=first-frame phase=presented url_hash=5acabd74 frame=4267 presented=4267
[INFO] [soap] soap_call "AVTransport" "GetTransportInfo" <InstanceID>0</InstanceID>
[INFO] [soap] assert_http_200 service=AVTransport action=GetTransportInfo handler=avtransport_get_transport_info
[INFO] [soap] soap_call "AVTransport" "GetPositionInfo" <InstanceID>0</InstanceID>
[INFO] [soap] assert_http_200 service=AVTransport action=GetPositionInfo handler=avtransport_get_position_info
[INFO] [soap] soap_call "AVTransport" "GetTransportInfo" <InstanceID>0</InstanceID>
[INFO] [soap] assert_http_200 service=AVTransport action=GetTransportInfo handler=avtransport_get_transport_info
[INFO] [soap] soap_call "AVTransport" "GetPositionInfo" <InstanceID>0</InstanceID>
[INFO] [soap] assert_http_200 service=AVTransport action=GetPositionInfo handler=avtransport_get_position_info
[INFO] [soap] soap_call "AVTransport" "Seek" <InstanceID>0</InstanceID> <Unit>REL_TIME</Unit> <Target>0:03:25</Target>
[INFO] [media-trace] seq=3 t_ms=4040 layer=soap action=Seek phase=begin url_hash=5acabd74 detail=00:03:25 url=<URL_REDACTED>
[INFO] [media-trace] seq=3 t_ms=4040 layer=libmpv action=Seek phase=dispatch url_hash=5acabd74 detail=205.000 url=<URL_REDACTED>
[INFO] [media-trace] seq=3 t_ms=4040 layer=soap action=Seek phase=done url_hash=5acabd74 detail=00:03:25 url=<URL_REDACTED>
[INFO] [soap] assert_http_200 service=AVTransport action=Seek handler=avtransport_seek
[INFO] [runtime-heartbeat] t_ms=24164613 frame=4336 view=video player_state=seeking media=1 return_home_pending=0 protocol_state=media-active owner=dlna generation=4 service_workers=0,0,0 service_age_ms=77807,77803,77803 media_queue=0 media_high=1 media_command=0 media_kind=0 media_producer=0 media_token=0 media_generation=0 media_command_age_ms=0 media_heartbeat_age_ms=8 media_full=0 media_stale=0 media_timeout=0 media_coalesced=0 media_accepting=1 media_lifecycle=0,1,0,1 log_queue=0 enqueued=595 processed=595 log_high=29 log_heartbeat_age_ms=198 log_waiting=1 queue_dropped=0 mirror_dropped=0 mirror_failures=0 mirror=1 worker=1 mdns_phase=waiting mdns_mode=3 mdns_running=1 mdns_socket=1 mdns_heartbeat_age_ms=164 mdns_select=398 mdns_recv=15 mdns_sent=0
[INFO] [soap] soap_call "AVTransport" "GetPositionInfo" <InstanceID>0</InstanceID>
[INFO] [soap] assert_http_200 service=AVTransport action=GetPositionInfo handler=avtransport_get_position_info
[INFO] [soap] soap_call "AVTransport" "GetTransportInfo" <InstanceID>0</InstanceID>
[INFO] [soap] assert_http_200 service=AVTransport action=GetTransportInfo handler=avtransport_get_transport_info
[INFO] [soap] soap_call "AVTransport" "GetPositionInfo" <InstanceID>0</InstanceID>
[INFO] [soap] assert_http_200 service=AVTransport action=GetPositionInfo handler=avtransport_get_position_info
[INFO] [soap] soap_call "AVTransport" "GetTransportInfo" <InstanceID>0</InstanceID>
[INFO] [soap] assert_http_200 service=AVTransport action=GetTransportInfo handler=avtransport_get_transport_info
[INFO] [runtime-heartbeat] t_ms=24166613 frame=4456 view=video player_state=seeking media=1 return_home_pending=0 protocol_state=media-active owner=dlna generation=4 service_workers=0,0,0 service_age_ms=79807,79803,79803 media_queue=0 media_high=1 media_command=0 media_kind=0 media_producer=0 media_token=0 media_generation=0 media_command_age_ms=0 media_heartbeat_age_ms=7 media_full=0 media_stale=0 media_timeout=0 media_coalesced=0 media_accepting=1 media_lifecycle=0,1,0,1 log_queue=0 enqueued=604 processed=604 log_high=29 log_heartbeat_age_ms=201 log_waiting=1 queue_dropped=0 mirror_dropped=0 mirror_failures=0 mirror=1 worker=1 mdns_phase=waiting mdns_mode=3 mdns_running=1 mdns_socket=1 mdns_heartbeat_age_ms=164 mdns_select=408 mdns_recv=15 mdns_sent=0
[INFO] [soap] soap_call "AVTransport" "GetTransportInfo" <InstanceID>0</InstanceID>
[INFO] [soap] assert_http_200 service=AVTransport action=GetTransportInfo handler=avtransport_get_transport_info
[INFO] [soap] soap_call "AVTransport" "GetPositionInfo" <InstanceID>0</InstanceID>
[INFO] [soap] assert_http_200 service=AVTransport action=GetPositionInfo handler=avtransport_get_position_info
[INFO] [soap] soap_call "AVTransport" "GetTransportInfo" <InstanceID>0</InstanceID>
[INFO] [soap] assert_http_200 service=AVTransport action=GetTransportInfo handler=avtransport_get_transport_info
[INFO] [soap] soap_call "AVTransport" "GetPositionInfo" <InstanceID>0</InstanceID>
[INFO] [soap] assert_http_200 service=AVTransport action=GetPositionInfo handler=avtransport_get_position_info
[INFO] [runtime-heartbeat] t_ms=24168613 frame=4576 view=video player_state=seeking media=1 return_home_pending=0 protocol_state=media-active owner=dlna generation=4 service_workers=0,0,0 service_age_ms=81807,81803,81803 media_queue=0 media_high=1 media_command=0 media_kind=0 media_producer=0 media_token=0 media_generation=0 media_command_age_ms=0 media_heartbeat_age_ms=6 media_full=0 media_stale=0 media_timeout=0 media_coalesced=0 media_accepting=1 media_lifecycle=0,1,0,1 log_queue=0 enqueued=613 processed=613 log_high=29 log_heartbeat_age_ms=152 log_waiting=1 queue_dropped=0 mirror_dropped=0 mirror_failures=0 mirror=1 worker=1 mdns_phase=waiting mdns_mode=3 mdns_running=1 mdns_socket=1 mdns_heartbeat_age_ms=87 mdns_select=419 mdns_recv=16 mdns_sent=0
[INFO] [soap] soap_call "AVTransport" "GetTransportInfo" <InstanceID>0</InstanceID>
[INFO] [soap] assert_http_200 service=AVTransport action=GetTransportInfo handler=avtransport_get_transport_info
[INFO] [soap] soap_call "AVTransport" "GetPositionInfo" <InstanceID>0</InstanceID>
[INFO] [soap] assert_http_200 service=AVTransport action=GetPositionInfo handler=avtransport_get_position_info
[INFO] [soap] soap_call "AVTransport" "GetPositionInfo" <InstanceID>0</InstanceID>
[INFO] [soap] assert_http_200 service=AVTransport action=GetPositionInfo handler=avtransport_get_position_info
[INFO] [soap] soap_call "AVTransport" "GetTransportInfo" <InstanceID>0</InstanceID>
[INFO] [soap] assert_http_200 service=AVTransport action=GetTransportInfo handler=avtransport_get_transport_info
[INFO] [runtime-heartbeat] t_ms=24170613 frame=4696 view=video player_state=seeking media=1 return_home_pending=0 protocol_state=media-active owner=dlna generation=4 service_workers=0,0,0 service_age_ms=83807,83803,83803 media_queue=0 media_high=1 media_command=0 media_kind=0 media_producer=0 media_token=0 media_generation=0 media_command_age_ms=0 media_heartbeat_age_ms=4 media_full=0 media_stale=0 media_timeout=0 media_coalesced=0 media_accepting=1 media_lifecycle=0,1,0,1 log_queue=0 enqueued=622 processed=622 log_high=29 log_heartbeat_age_ms=208 log_waiting=1 queue_dropped=0 mirror_dropped=0 mirror_failures=0 mirror=1 worker=1 mdns_phase=waiting mdns_mode=3 mdns_running=1 mdns_socket=1 mdns_heartbeat_age_ms=86 mdns_select=429 mdns_recv=16 mdns_sent=0
[INFO] [soap] soap_call "AVTransport" "GetTransportInfo" <InstanceID>0</InstanceID>
[INFO] [soap] assert_http_200 service=AVTransport action=GetTransportInfo handler=avtransport_get_transport_info
[INFO] [soap] soap_call "AVTransport" "GetPositionInfo" <InstanceID>0</InstanceID>
[INFO] [soap] assert_http_200 service=AVTransport action=GetPositionInfo handler=avtransport_get_position_info
[INFO] [soap] soap_call "AVTransport" "GetTransportInfo" <InstanceID>0</InstanceID>
[INFO] [soap] assert_http_200 service=AVTransport action=GetTransportInfo handler=avtransport_get_transport_info
[INFO] [soap] soap_call "AVTransport" "GetPositionInfo" <InstanceID>0</InstanceID>
[INFO] [soap] assert_http_200 service=AVTransport action=GetPositionInfo handler=avtransport_get_position_info
[INFO] [runtime-heartbeat] t_ms=24172613 frame=4816 view=video player_state=seeking media=1 return_home_pending=0 protocol_state=media-active owner=dlna generation=4 service_workers=0,0,0 service_age_ms=85807,85803,85803 media_queue=0 media_high=1 media_command=0 media_kind=0 media_producer=0 media_token=0 media_generation=0 media_command_age_ms=0 media_heartbeat_age_ms=3 media_full=0 media_stale=0 media_timeout=0 media_coalesced=0 media_accepting=1 media_lifecycle=0,1,0,1 log_queue=0 enqueued=631 processed=631 log_high=29 log_heartbeat_age_ms=158 log_waiting=1 queue_dropped=0 mirror_dropped=0 mirror_failures=0 mirror=1 worker=1 mdns_phase=waiting mdns_mode=3 mdns_running=1 mdns_socket=1 mdns_heartbeat_age_ms=86 mdns_select=439 mdns_recv=16 mdns_sent=0
[INFO] [soap] soap_call "AVTransport" "GetTransportInfo" <InstanceID>0</InstanceID>
[INFO] [soap] assert_http_200 service=AVTransport action=GetTransportInfo handler=avtransport_get_transport_info
[INFO] [soap] soap_call "AVTransport" "GetPositionInfo" <InstanceID>0</InstanceID>
[INFO] [soap] assert_http_200 service=AVTransport action=GetPositionInfo handler=avtransport_get_position_info
[INFO] [soap] soap_call "AVTransport" "GetTransportInfo" <InstanceID>0</InstanceID>
[INFO] [soap] assert_http_200 service=AVTransport action=GetTransportInfo handler=avtransport_get_transport_info
[INFO] [soap] soap_call "AVTransport" "GetPositionInfo" <InstanceID>0</InstanceID>
[INFO] [soap] assert_http_200 service=AVTransport action=GetPositionInfo handler=avtransport_get_position_info
[INFO] [runtime-heartbeat] t_ms=24174613 frame=4936 view=video player_state=seeking media=1 return_home_pending=0 protocol_state=media-active owner=dlna generation=4 service_workers=0,0,0 service_age_ms=87807,87803,87803 media_queue=0 media_high=1 media_command=0 media_kind=0 media_producer=0 media_token=0 media_generation=0 media_command_age_ms=0 media_heartbeat_age_ms=2 media_full=0 media_stale=0 media_timeout=0 media_coalesced=0 media_accepting=1 media_lifecycle=0,1,0,1 log_queue=0 enqueued=640 processed=640 log_high=29 log_heartbeat_age_ms=14 log_waiting=1 queue_dropped=0 mirror_dropped=0 mirror_failures=0 mirror=1 worker=1 mdns_phase=waiting mdns_mode=3 mdns_running=1 mdns_socket=1 mdns_heartbeat_age_ms=85 mdns_select=449 mdns_recv=16 mdns_sent=0
[INFO] [soap] soap_call "AVTransport" "GetTransportInfo" <InstanceID>0</InstanceID>
[INFO] [soap] assert_http_200 service=AVTransport action=GetTransportInfo handler=avtransport_get_transport_info
[INFO] [soap] soap_call "AVTransport" "GetPositionInfo" <InstanceID>0</InstanceID>
[INFO] [soap] assert_http_200 service=AVTransport action=GetPositionInfo handler=avtransport_get_position_info
[INFO] [soap] soap_call "AVTransport" "GetTransportInfo" <InstanceID>0</InstanceID>
[INFO] [soap] assert_http_200 service=AVTransport action=GetTransportInfo handler=avtransport_get_transport_info
[INFO] [soap] soap_call "AVTransport" "GetPositionInfo" <InstanceID>0</InstanceID>
[INFO] [soap] assert_http_200 service=AVTransport action=GetPositionInfo handler=avtransport_get_position_info
[INFO] [runtime-heartbeat] t_ms=24176613 frame=5056 view=video player_state=seeking media=1 return_home_pending=0 protocol_state=media-active owner=dlna generation=4 service_workers=0,0,0 service_age_ms=89807,89803,89803 media_queue=0 media_high=1 media_command=0 media_kind=0 media_producer=0 media_token=0 media_generation=0 media_command_age_ms=0 media_heartbeat_age_ms=1 media_full=0 media_stale=0 media_timeout=0 media_coalesced=0 media_accepting=1 media_lifecycle=0,1,0,1 log_queue=0 enqueued=649 processed=649 log_high=29 log_heartbeat_age_ms=164 log_waiting=1 queue_dropped=0 mirror_dropped=0 mirror_failures=0 mirror=1 worker=1 mdns_phase=waiting mdns_mode=3 mdns_running=1 mdns_socket=1 mdns_heartbeat_age_ms=85 mdns_select=459 mdns_recv=16 mdns_sent=0
[INFO] [soap] soap_call "AVTransport" "GetTransportInfo" <InstanceID>0</InstanceID>
[INFO] [soap] assert_http_200 service=AVTransport action=GetTransportInfo handler=avtransport_get_transport_info
[INFO] [soap] soap_call "AVTransport" "GetPositionInfo" <InstanceID>0</InstanceID>
[INFO] [soap] assert_http_200 service=AVTransport action=GetPositionInfo handler=avtransport_get_position_info
[INFO] [soap] soap_call "AVTransport" "GetTransportInfo" <InstanceID>0</InstanceID>
[INFO] [soap] assert_http_200 service=AVTransport action=GetTransportInfo handler=avtransport_get_transport_info
[INFO] [soap] soap_call "AVTransport" "GetPositionInfo" <InstanceID>0</InstanceID>
[INFO] [soap] assert_http_200 service=AVTransport action=GetPositionInfo handler=avtransport_get_position_info
[INFO] [runtime-heartbeat] t_ms=24178613 frame=5176 view=video player_state=seeking media=1 return_home_pending=0 protocol_state=media-active owner=dlna generation=4 service_workers=0,0,0 service_age_ms=91807,91803,91803 media_queue=0 media_high=1 media_command=0 media_kind=0 media_producer=0 media_token=0 media_generation=0 media_command_age_ms=0 media_heartbeat_age_ms=9 media_full=0 media_stale=0 media_timeout=0 media_coalesced=0 media_accepting=1 media_lifecycle=0,1,0,1 log_queue=0 enqueued=658 processed=658 log_high=29 log_heartbeat_age_ms=212 log_waiting=1 queue_dropped=0 mirror_dropped=0 mirror_failures=0 mirror=1 worker=1 mdns_phase=waiting mdns_mode=3 mdns_running=1 mdns_socket=1 mdns_heartbeat_age_ms=84 mdns_select=469 mdns_recv=16 mdns_sent=0
[INFO] [soap] soap_call "AVTransport" "GetTransportInfo" <InstanceID>0</InstanceID>
[INFO] [soap] assert_http_200 service=AVTransport action=GetTransportInfo handler=avtransport_get_transport_info
[INFO] [soap] soap_call "AVTransport" "GetPositionInfo" <InstanceID>0</InstanceID>
[INFO] [soap] assert_http_200 service=AVTransport action=GetPositionInfo handler=avtransport_get_position_info
[INFO] [soap] soap_call "AVTransport" "GetTransportInfo" <InstanceID>0</InstanceID>
[INFO] [soap] assert_http_200 service=AVTransport action=GetTransportInfo handler=avtransport_get_transport_info
[INFO] [soap] soap_call "AVTransport" "GetPositionInfo" <InstanceID>0</InstanceID>
[INFO] [soap] assert_http_200 service=AVTransport action=GetPositionInfo handler=avtransport_get_position_info
[INFO] [runtime-heartbeat] t_ms=24180613 frame=5296 view=video player_state=seeking media=1 return_home_pending=0 protocol_state=media-active owner=dlna generation=4 service_workers=0,0,0 service_age_ms=93807,93803,93803 media_queue=0 media_high=1 media_command=0 media_kind=0 media_producer=0 media_token=0 media_generation=0 media_command_age_ms=0 media_heartbeat_age_ms=8 media_full=0 media_stale=0 media_timeout=0 media_coalesced=0 media_accepting=1 media_lifecycle=0,1,0,1 log_queue=0 enqueued=667 processed=667 log_high=29 log_heartbeat_age_ms=207 log_waiting=1 queue_dropped=0 mirror_dropped=0 mirror_failures=0 mirror=1 worker=1 mdns_phase=waiting mdns_mode=3 mdns_running=1 mdns_socket=1 mdns_heartbeat_age_ms=83 mdns_select=479 mdns_recv=16 mdns_sent=0
[INFO] [soap] soap_call "AVTransport" "GetTransportInfo" <InstanceID>0</InstanceID>
[INFO] [soap] assert_http_200 service=AVTransport action=GetTransportInfo handler=avtransport_get_transport_info
[INFO] [soap] soap_call "AVTransport" "GetPositionInfo" <InstanceID>0</InstanceID>
[INFO] [soap] assert_http_200 service=AVTransport action=GetPositionInfo handler=avtransport_get_position_info
[INFO] [soap] soap_call "AVTransport" "GetTransportInfo" <InstanceID>0</InstanceID>
[INFO] [soap] assert_http_200 service=AVTransport action=GetTransportInfo handler=avtransport_get_transport_info
[INFO] [soap] soap_call "AVTransport" "GetPositionInfo" <InstanceID>0</InstanceID>
[INFO] [soap] assert_http_200 service=AVTransport action=GetPositionInfo handler=avtransport_get_position_info
[INFO] [runtime-heartbeat] t_ms=24182613 frame=5416 view=video player_state=seeking media=1 return_home_pending=0 protocol_state=media-active owner=dlna generation=4 service_workers=0,0,0 service_age_ms=95807,95803,95803 media_queue=0 media_high=1 media_command=0 media_kind=0 media_producer=0 media_token=0 media_generation=0 media_command_age_ms=0 media_heartbeat_age_ms=7 media_full=0 media_stale=0 media_timeout=0 media_coalesced=0 media_accepting=1 media_lifecycle=0,1,0,1 log_queue=0 enqueued=676 processed=676 log_high=29 log_heartbeat_age_ms=208 log_waiting=1 queue_dropped=0 mirror_dropped=0 mirror_failures=0 mirror=1 worker=1 mdns_phase=waiting mdns_mode=3 mdns_running=1 mdns_socket=1 mdns_heartbeat_age_ms=82 mdns_select=489 mdns_recv=16 mdns_sent=0
[INFO] [soap] soap_call "AVTransport" "GetTransportInfo" <InstanceID>0</InstanceID>
[INFO] [soap] assert_http_200 service=AVTransport action=GetTransportInfo handler=avtransport_get_transport_info
[INFO] [soap] soap_call "AVTransport" "GetPositionInfo" <InstanceID>0</InstanceID>
[INFO] [soap] assert_http_200 service=AVTransport action=GetPositionInfo handler=avtransport_get_position_info
[INFO] [soap] soap_call "AVTransport" "GetTransportInfo" <InstanceID>0</InstanceID>
[INFO] [soap] assert_http_200 service=AVTransport action=GetTransportInfo handler=avtransport_get_transport_info
[INFO] [soap] soap_call "AVTransport" "GetPositionInfo" <InstanceID>0</InstanceID>
[INFO] [soap] assert_http_200 service=AVTransport action=GetPositionInfo handler=avtransport_get_position_info
[INFO] [runtime-heartbeat] t_ms=24184613 frame=5536 view=video player_state=seeking media=1 return_home_pending=0 protocol_state=media-active owner=dlna generation=4 service_workers=0,0,0 service_age_ms=97807,97803,97803 media_queue=0 media_high=1 media_command=0 media_kind=0 media_producer=0 media_token=0 media_generation=0 media_command_age_ms=0 media_heartbeat_age_ms=5 media_full=0 media_stale=0 media_timeout=0 media_coalesced=0 media_accepting=1 media_lifecycle=0,1,0,1 log_queue=0 enqueued=685 processed=685 log_high=29 log_heartbeat_age_ms=211 log_waiting=1 queue_dropped=0 mirror_dropped=0 mirror_failures=0 mirror=1 worker=1 mdns_phase=waiting mdns_mode=3 mdns_running=1 mdns_socket=1 mdns_heartbeat_age_ms=81 mdns_select=499 mdns_recv=16 mdns_sent=0
[INFO] [soap] soap_call "AVTransport" "GetPositionInfo" <InstanceID>0</InstanceID>
[INFO] [soap] assert_http_200 service=AVTransport action=GetPositionInfo handler=avtransport_get_position_info
[INFO] [soap] soap_call "AVTransport" "GetTransportInfo" <InstanceID>0</InstanceID>
[INFO] [soap] assert_http_200 service=AVTransport action=GetTransportInfo handler=avtransport_get_transport_info
[INFO] [soap] soap_call "AVTransport" "GetPositionInfo" <InstanceID>0</InstanceID>
[INFO] [soap] assert_http_200 service=AVTransport action=GetPositionInfo handler=avtransport_get_position_info
[INFO] [soap] soap_call "AVTransport" "GetTransportInfo" <InstanceID>0</InstanceID>
[INFO] [soap] assert_http_200 service=AVTransport action=GetTransportInfo handler=avtransport_get_transport_info
[INFO] [runtime-heartbeat] t_ms=24186613 frame=5656 view=video player_state=seeking media=1 return_home_pending=0 protocol_state=media-active owner=dlna generation=4 service_workers=0,0,0 service_age_ms=99807,99803,99803 media_queue=0 media_high=1 media_command=0 media_kind=0 media_producer=0 media_token=0 media_generation=0 media_command_age_ms=0 media_heartbeat_age_ms=4 media_full=0 media_stale=0 media_timeout=0 media_coalesced=0 media_accepting=1 media_lifecycle=0,1,0,1 log_queue=0 enqueued=694 processed=694 log_high=29 log_heartbeat_age_ms=209 log_waiting=1 queue_dropped=0 mirror_dropped=0 mirror_failures=0 mirror=1 worker=1 mdns_phase=waiting mdns_mode=3 mdns_running=1 mdns_socket=1 mdns_heartbeat_age_ms=81 mdns_select=509 mdns_recv=16 mdns_sent=0
[INFO] [soap] soap_call "AVTransport" "GetTransportInfo" <InstanceID>0</InstanceID>
[INFO] [soap] assert_http_200 service=AVTransport action=GetTransportInfo handler=avtransport_get_transport_info
[INFO] [soap] soap_call "AVTransport" "GetPositionInfo" <InstanceID>0</InstanceID>
[INFO] [soap] assert_http_200 service=AVTransport action=GetPositionInfo handler=avtransport_get_position_info
[INFO] [soap] soap_call "AVTransport" "GetPositionInfo" <InstanceID>0</InstanceID>
[INFO] [soap] assert_http_200 service=AVTransport action=GetPositionInfo handler=avtransport_get_position_info
[INFO] [soap] soap_call "AVTransport" "GetTransportInfo" <InstanceID>0</InstanceID>
[INFO] [soap] assert_http_200 service=AVTransport action=GetTransportInfo handler=avtransport_get_transport_info
[INFO] [runtime-heartbeat] t_ms=24188613 frame=5776 view=video player_state=seeking media=1 return_home_pending=0 protocol_state=media-active owner=dlna generation=4 service_workers=0,0,0 service_age_ms=101807,101803,101803 media_queue=0 media_high=1 media_command=0 media_kind=0 media_producer=0 media_token=0 media_generation=0 media_command_age_ms=0 media_heartbeat_age_ms=3 media_full=0 media_stale=0 media_timeout=0 media_coalesced=0 media_accepting=1 media_lifecycle=0,1,0,1 log_queue=0 enqueued=703 processed=703 log_high=29 log_heartbeat_age_ms=185 log_waiting=1 queue_dropped=0 mirror_dropped=0 mirror_failures=0 mirror=1 worker=1 mdns_phase=waiting mdns_mode=3 mdns_running=1 mdns_socket=1 mdns_heartbeat_age_ms=80 mdns_select=519 mdns_recv=16 mdns_sent=0
[INFO] [soap] soap_call "AVTransport" "GetPositionInfo" <InstanceID>0</InstanceID>
[INFO] [soap] assert_http_200 service=AVTransport action=GetPositionInfo handler=avtransport_get_position_info
[INFO] [soap] soap_call "AVTransport" "GetTransportInfo" <InstanceID>0</InstanceID>
[INFO] [soap] assert_http_200 service=AVTransport action=GetTransportInfo handler=avtransport_get_transport_info
[INFO] [soap] soap_call "AVTransport" "GetTransportInfo" <InstanceID>0</InstanceID>
[INFO] [soap] assert_http_200 service=AVTransport action=GetTransportInfo handler=avtransport_get_transport_info
[INFO] [soap] soap_call "AVTransport" "GetPositionInfo" <InstanceID>0</InstanceID>
[INFO] [soap] assert_http_200 service=AVTransport action=GetPositionInfo handler=avtransport_get_position_info
[INFO] [runtime-heartbeat] t_ms=24190613 frame=5896 view=video player_state=seeking media=1 return_home_pending=0 protocol_state=media-active owner=dlna generation=4 service_workers=0,0,0 service_age_ms=103807,103803,103803 media_queue=0 media_high=1 media_command=0 media_kind=0 media_producer=0 media_token=0 media_generation=0 media_command_age_ms=0 media_heartbeat_age_ms=1 media_full=0 media_stale=0 media_timeout=0 media_coalesced=0 media_accepting=1 media_lifecycle=0,1,0,1 log_queue=0 enqueued=712 processed=712 log_high=29 log_heartbeat_age_ms=35 log_waiting=1 queue_dropped=0 mirror_dropped=0 mirror_failures=0 mirror=1 worker=1 mdns_phase=waiting mdns_mode=3 mdns_running=1 mdns_socket=1 mdns_heartbeat_age_ms=80 mdns_select=529 mdns_recv=16 mdns_sent=0
[INFO] [soap] soap_call "AVTransport" "GetPositionInfo" <InstanceID>0</InstanceID>
[INFO] [soap] assert_http_200 service=AVTransport action=GetPositionInfo handler=avtransport_get_position_info
[INFO] [soap] soap_call "AVTransport" "GetTransportInfo" <InstanceID>0</InstanceID>
[INFO] [soap] assert_http_200 service=AVTransport action=GetTransportInfo handler=avtransport_get_transport_info
[INFO] [soap] soap_call "AVTransport" "GetTransportInfo" <InstanceID>0</InstanceID>
[INFO] [soap] assert_http_200 service=AVTransport action=GetTransportInfo handler=avtransport_get_transport_info
[INFO] [soap] soap_call "AVTransport" "GetPositionInfo" <InstanceID>0</InstanceID>
[INFO] [soap] assert_http_200 service=AVTransport action=GetPositionInfo handler=avtransport_get_position_info
[INFO] [runtime-heartbeat] t_ms=24192613 frame=6016 view=video player_state=seeking media=1 return_home_pending=0 protocol_state=media-active owner=dlna generation=4 service_workers=0,0,0 service_age_ms=105807,105803,105803 media_queue=0 media_high=1 media_command=0 media_kind=0 media_producer=0 media_token=0 media_generation=0 media_command_age_ms=0 media_heartbeat_age_ms=0 media_full=0 media_stale=0 media_timeout=0 media_coalesced=0 media_accepting=1 media_lifecycle=0,1,0,1 log_queue=0 enqueued=721 processed=721 log_high=29 log_heartbeat_age_ms=191 log_waiting=1 queue_dropped=0 mirror_dropped=0 mirror_failures=0 mirror=1 worker=1 mdns_phase=waiting mdns_mode=3 mdns_running=1 mdns_socket=1 mdns_heartbeat_age_ms=79 mdns_select=539 mdns_recv=16 mdns_sent=0
[INFO] [soap] soap_call "AVTransport" "GetTransportInfo" <InstanceID>0</InstanceID>
[INFO] [soap] assert_http_200 service=AVTransport action=GetTransportInfo handler=avtransport_get_transport_info
[INFO] [soap] soap_call "AVTransport" "GetPositionInfo" <InstanceID>0</InstanceID>
[INFO] [soap] assert_http_200 service=AVTransport action=GetPositionInfo handler=avtransport_get_position_info
[INFO] [soap] soap_call "AVTransport" "GetPositionInfo" <InstanceID>0</InstanceID>
[INFO] [soap] assert_http_200 service=AVTransport action=GetPositionInfo handler=avtransport_get_position_info
[INFO] [soap] soap_call "AVTransport" "GetTransportInfo" <InstanceID>0</InstanceID>
[INFO] [soap] assert_http_200 service=AVTransport action=GetTransportInfo handler=avtransport_get_transport_info
[INFO] [runtime-heartbeat] t_ms=24194613 frame=6136 view=video player_state=seeking media=1 return_home_pending=0 protocol_state=media-active owner=dlna generation=4 service_workers=0,0,0 service_age_ms=107807,107803,107803 media_queue=0 media_high=1 media_command=0 media_kind=0 media_producer=0 media_token=0 media_generation=0 media_command_age_ms=0 media_heartbeat_age_ms=9 media_full=0 media_stale=0 media_timeout=0 media_coalesced=0 media_accepting=1 media_lifecycle=0,1,0,1 log_queue=0 enqueued=730 processed=730 log_high=29 log_heartbeat_age_ms=42 log_waiting=1 queue_dropped=0 mirror_dropped=0 mirror_failures=0 mirror=1 worker=1 mdns_phase=waiting mdns_mode=3 mdns_running=1 mdns_socket=1 mdns_heartbeat_age_ms=54 mdns_select=550 mdns_recv=17 mdns_sent=0
[INFO] [soap] soap_call "AVTransport" "GetPositionInfo" <InstanceID>0</InstanceID>
[INFO] [soap] assert_http_200 service=AVTransport action=GetPositionInfo handler=avtransport_get_position_info
[INFO] [soap] soap_call "AVTransport" "GetTransportInfo" <InstanceID>0</InstanceID>
[INFO] [soap] assert_http_200 service=AVTransport action=GetTransportInfo handler=avtransport_get_transport_info
[INFO] [soap] soap_call "AVTransport" "GetPositionInfo" <InstanceID>0</InstanceID>
[INFO] [soap] assert_http_200 service=AVTransport action=GetPositionInfo handler=avtransport_get_position_info
[INFO] [soap] soap_call "AVTransport" "GetTransportInfo" <InstanceID>0</InstanceID>
[INFO] [soap] assert_http_200 service=AVTransport action=GetTransportInfo handler=avtransport_get_transport_info
[INFO] [runtime-heartbeat] t_ms=24196613 frame=6256 view=video player_state=seeking media=1 return_home_pending=0 protocol_state=media-active owner=dlna generation=4 service_workers=0,0,0 service_age_ms=109807,109803,109803 media_queue=0 media_high=1 media_command=0 media_kind=0 media_producer=0 media_token=0 media_generation=0 media_command_age_ms=0 media_heartbeat_age_ms=7 media_full=0 media_stale=0 media_timeout=0 media_coalesced=0 media_accepting=1 media_lifecycle=0,1,0,1 log_queue=0 enqueued=739 processed=739 log_high=29 log_heartbeat_age_ms=197 log_waiting=1 queue_dropped=0 mirror_dropped=0 mirror_failures=0 mirror=1 worker=1 mdns_phase=waiting mdns_mode=3 mdns_running=1 mdns_socket=1 mdns_heartbeat_age_ms=53 mdns_select=560 mdns_recv=17 mdns_sent=0
[INFO] [soap] soap_call "AVTransport" "GetTransportInfo" <InstanceID>0</InstanceID>
[INFO] [soap] assert_http_200 service=AVTransport action=GetTransportInfo handler=avtransport_get_transport_info
[INFO] [soap] soap_call "AVTransport" "GetPositionInfo" <InstanceID>0</InstanceID>
[INFO] [soap] assert_http_200 service=AVTransport action=GetPositionInfo handler=avtransport_get_position_info
[INFO] [soap] soap_call "AVTransport" "GetPositionInfo" <InstanceID>0</InstanceID>
[INFO] [soap] assert_http_200 service=AVTransport action=GetPositionInfo handler=avtransport_get_position_info
[INFO] [soap] soap_call "AVTransport" "GetTransportInfo" <InstanceID>0</InstanceID>
[INFO] [soap] assert_http_200 service=AVTransport action=GetTransportInfo handler=avtransport_get_transport_info
[INFO] [runtime-heartbeat] t_ms=24198613 frame=6376 view=video player_state=seeking media=1 return_home_pending=0 protocol_state=media-active owner=dlna generation=4 service_workers=0,0,0 service_age_ms=111807,111803,111803 media_queue=0 media_high=1 media_command=0 media_kind=0 media_producer=0 media_token=0 media_generation=0 media_command_age_ms=0 media_heartbeat_age_ms=6 media_full=0 media_stale=0 media_timeout=0 media_coalesced=0 media_accepting=1 media_lifecycle=0,1,0,1 log_queue=0 enqueued=748 processed=748 log_high=29 log_heartbeat_age_ms=148 log_waiting=1 queue_dropped=0 mirror_dropped=0 mirror_failures=0 mirror=1 worker=1 mdns_phase=waiting mdns_mode=3 mdns_running=1 mdns_socket=1 mdns_heartbeat_age_ms=53 mdns_select=570 mdns_recv=17 mdns_sent=0
[INFO] [soap] soap_call "AVTransport" "Pause" <InstanceID>0</InstanceID>
[INFO] [media-trace] seq=3 t_ms=38460 layer=soap action=Pause phase=begin url_hash=5acabd74 detail=- url=<URL_REDACTED>
[INFO] [media-trace] seq=3 t_ms=38460 layer=player action=Pause phase=backend-call-begin url_hash=5acabd74 detail=-
[INFO] [media-trace] seq=3 t_ms=38460 layer=libmpv action=Pause phase=dispatch url_hash=5acabd74 detail=- url=<URL_REDACTED>
[INFO] [media-trace] seq=3 t_ms=38460 layer=player action=Pause phase=backend-call-done url_hash=5acabd74 detail=ok
[INFO] [media-trace] seq=3 t_ms=38460 layer=player action=Pause phase=snapshot-refresh-begin url_hash=5acabd74 detail=-
[INFO] [media-trace] seq=3 t_ms=38460 layer=player action=Pause phase=snapshot-refresh-done url_hash=5acabd74 detail=-
[INFO] [media-trace] seq=3 t_ms=38460 layer=player action=Pause phase=backend-wakeup-begin url_hash=5acabd74 detail=-
[INFO] [media-trace] seq=3 t_ms=38460 layer=player action=Pause phase=backend-wakeup-done url_hash=5acabd74 detail=-
[INFO] [media-trace] seq=3 t_ms=38460 layer=soap action=Pause phase=done url_hash=5acabd74 detail=- url=<URL_REDACTED>
[INFO] [soap] assert_http_200 service=AVTransport action=Pause handler=avtransport_pause
[INFO] [soap] soap_call "AVTransport" "Play" <InstanceID>0</InstanceID> <Speed>1</Speed>
[INFO] [media-trace] seq=3 t_ms=39007 layer=soap action=Play phase=begin url_hash=5acabd74 detail=1 url=<URL_REDACTED>
[INFO] [media-trace] seq=3 t_ms=39007 layer=player action=Play phase=backend-call-begin url_hash=5acabd74 detail=-
[INFO] [media-trace] seq=3 t_ms=39007 layer=libmpv action=Play phase=mutex-wait url_hash=5acabd74 detail=- url=<URL_REDACTED>
[INFO] [media-trace] seq=3 t_ms=39007 layer=libmpv action=Play phase=mutex-acquired url_hash=5acabd74 detail=- url=<URL_REDACTED>
[INFO] [media-trace] seq=3 t_ms=39007 layer=libmpv action=Play phase=dispatch url_hash=5acabd74 detail=immediate url=<URL_REDACTED>
[INFO] [media-trace] seq=3 t_ms=39007 layer=player action=Play phase=backend-call-done url_hash=5acabd74 detail=ok
[INFO] [media-trace] seq=3 t_ms=39007 layer=player action=Play phase=snapshot-refresh-begin url_hash=5acabd74 detail=-
[INFO] [media-trace] seq=3 t_ms=39007 layer=player action=Play phase=snapshot-refresh-done url_hash=5acabd74 detail=-
[INFO] [media-trace] seq=3 t_ms=39007 layer=player action=Play phase=backend-wakeup-begin url_hash=5acabd74 detail=-
[INFO] [media-trace] seq=3 t_ms=39007 layer=player action=Play phase=backend-wakeup-done url_hash=5acabd74 detail=-
[INFO] [media-trace] seq=3 t_ms=39007 layer=soap action=Play phase=done url_hash=5acabd74 detail=1 url=<URL_REDACTED>
[INFO] [soap] assert_http_200 service=AVTransport action=Play handler=avtransport_play
[INFO] [soap] soap_call "AVTransport" "GetTransportInfo" <InstanceID>0</InstanceID>
[INFO] [soap] assert_http_200 service=AVTransport action=GetTransportInfo handler=avtransport_get_transport_info
[INFO] [soap] soap_call "AVTransport" "GetPositionInfo" <InstanceID>0</InstanceID>
[INFO] [soap] assert_http_200 service=AVTransport action=GetPositionInfo handler=avtransport_get_position_info
[INFO] [soap] soap_call "AVTransport" "GetPositionInfo" <InstanceID>0</InstanceID>
[INFO] [soap] assert_http_200 service=AVTransport action=GetPositionInfo handler=avtransport_get_position_info
[INFO] [soap] soap_call "AVTransport" "GetTransportInfo" <InstanceID>0</InstanceID>
[INFO] [soap] assert_http_200 service=AVTransport action=GetTransportInfo handler=avtransport_get_transport_info
[INFO] [runtime-heartbeat] t_ms=24200613 frame=6496 view=video player_state=seeking media=1 return_home_pending=0 protocol_state=media-active owner=dlna generation=4 service_workers=0,0,0 service_age_ms=113807,113803,113803 media_queue=0 media_high=1 media_command=0 media_kind=0 media_producer=0 media_token=0 media_generation=0 media_command_age_ms=0 media_heartbeat_age_ms=3 media_full=0 media_stale=0 media_timeout=0 media_coalesced=0 media_accepting=1 media_lifecycle=0,1,0,1 log_queue=0 enqueued=781 processed=781 log_high=29 log_heartbeat_age_ms=203 log_waiting=1 queue_dropped=0 mirror_dropped=0 mirror_failures=0 mirror=1 worker=1 mdns_phase=waiting mdns_mode=3 mdns_running=1 mdns_socket=1 mdns_heartbeat_age_ms=52 mdns_select=580 mdns_recv=17 mdns_sent=0
[INFO] [soap] soap_call "AVTransport" "GetTransportInfo" <InstanceID>0</InstanceID>
[INFO] [soap] assert_http_200 service=AVTransport action=GetTransportInfo handler=avtransport_get_transport_info
[INFO] [soap] soap_call "AVTransport" "GetPositionInfo" <InstanceID>0</InstanceID>
[INFO] [soap] assert_http_200 service=AVTransport action=GetPositionInfo handler=avtransport_get_position_info
[INFO] [soap] soap_call "AVTransport" "Seek" <InstanceID>0</InstanceID> <Unit>REL_TIME</Unit> <Target>0:01:28</Target>
[INFO] [media-trace] seq=3 t_ms=41226 layer=soap action=Seek phase=begin url_hash=5acabd74 detail=00:01:28 url=<URL_REDACTED>
[INFO] [media-trace] seq=3 t_ms=41226 layer=libmpv action=Seek phase=dispatch url_hash=5acabd74 detail=88.000 url=<URL_REDACTED>
[INFO] [media-trace] seq=3 t_ms=41226 layer=soap action=Seek phase=done url_hash=5acabd74 detail=00:01:28 url=<URL_REDACTED>
[INFO] [soap] assert_http_200 service=AVTransport action=Seek handler=avtransport_seek
[INFO] [soap] soap_call "AVTransport" "Seek" <InstanceID>0</InstanceID> <Unit>REL_TIME</Unit> <Target>0:01:28</Target>
[INFO] [media-trace] seq=3 t_ms=41227 layer=soap action=Seek phase=begin url_hash=5acabd74 detail=00:01:28 url=<URL_REDACTED>
[INFO] [media-trace] seq=3 t_ms=41227 layer=libmpv action=Seek phase=dispatch url_hash=5acabd74 detail=88.000 url=<URL_REDACTED>
[INFO] [media-trace] seq=3 t_ms=41228 layer=soap action=Seek phase=done url_hash=5acabd74 detail=00:01:28 url=<URL_REDACTED>
[INFO] [soap] assert_http_200 service=AVTransport action=Seek handler=avtransport_seek
[INFO] [soap] soap_call "AVTransport" "GetTransportInfo" <InstanceID>0</InstanceID>
[INFO] [soap] assert_http_200 service=AVTransport action=GetTransportInfo handler=avtransport_get_transport_info
[INFO] [soap] soap_call "AVTransport" "GetPositionInfo" <InstanceID>0</InstanceID>
[INFO] [soap] assert_http_200 service=AVTransport action=GetPositionInfo handler=avtransport_get_position_info
[INFO] [runtime-heartbeat] t_ms=24202613 frame=6616 view=video player_state=seeking media=1 return_home_pending=0 protocol_state=media-active owner=dlna generation=4 service_workers=0,0,0 service_age_ms=115807,115803,115803 media_queue=0 media_high=1 media_command=0 media_kind=0 media_producer=0 media_token=0 media_generation=0 media_command_age_ms=0 media_heartbeat_age_ms=8 media_full=0 media_stale=0 media_timeout=0 media_coalesced=0 media_accepting=1 media_lifecycle=0,1,0,1 log_queue=0 enqueued=800 processed=800 log_high=29 log_heartbeat_age_ms=218 log_waiting=1 queue_dropped=0 mirror_dropped=0 mirror_failures=0 mirror=1 worker=1 mdns_phase=waiting mdns_mode=3 mdns_running=1 mdns_socket=1 mdns_heartbeat_age_ms=51 mdns_select=590 mdns_recv=17 mdns_sent=0
[INFO] [soap] soap_call "AVTransport" "GetTransportInfo" <InstanceID>0</InstanceID>
[INFO] [soap] assert_http_200 service=AVTransport action=GetTransportInfo handler=avtransport_get_transport_info
[INFO] [soap] soap_call "AVTransport" "GetPositionInfo" <InstanceID>0</InstanceID>
[INFO] [soap] assert_http_200 service=AVTransport action=GetPositionInfo handler=avtransport_get_position_info
[INFO] [soap] soap_call "AVTransport" "Stop" <InstanceID>0</InstanceID>
[INFO] [media-trace] seq=3 t_ms=43960 layer=soap action=Stop phase=begin url_hash=5acabd74 detail=- url=<URL_REDACTED>
[INFO] [media-trace] seq=3 t_ms=43960 layer=player action=Stop phase=backend-call-begin url_hash=5acabd74 detail=-
[INFO] [media-trace] seq=3 t_ms=43960 layer=libmpv action=Stop phase=mutex-wait url_hash=5acabd74 detail=- url=<URL_REDACTED>
[INFO] [media-trace] seq=3 t_ms=43960 layer=libmpv action=Stop phase=mutex-acquired url_hash=5acabd74 detail=- url=<URL_REDACTED>
[INFO] [media-trace] seq=3 t_ms=43960 layer=libmpv action=Stop phase=dispatch url_hash=5acabd74 detail=- url=<URL_REDACTED>
[INFO] [media-trace] seq=3 t_ms=43960 layer=player action=Stop phase=backend-call-done url_hash=5acabd74 detail=ok
[INFO] [media-trace] seq=3 t_ms=43960 layer=player action=Stop phase=snapshot-refresh-begin url_hash=5acabd74 detail=-
[INFO] [media-trace] seq=3 t_ms=43960 layer=player action=Stop phase=snapshot-refresh-done url_hash=5acabd74 detail=-
[INFO] [media-trace] seq=3 t_ms=43960 layer=player action=Stop phase=backend-wakeup-begin url_hash=5acabd74 detail=-
[INFO] [media-trace] seq=3 t_ms=43960 layer=player action=Stop phase=backend-wakeup-done url_hash=5acabd74 detail=-
[INFO] [media-trace] seq=3 t_ms=43960 layer=soap action=Stop phase=done url_hash=5acabd74 detail=- url=<URL_REDACTED>
[INFO] [soap] assert_http_200 service=AVTransport action=Stop handler=avtransport_stop
[WARN] [player-libmpv][ffmpeg/demuxer] mov,mp4,m4a,3gp,3g2,mj2: Packet corrupt (stream = 0, dts = 64533).
[ERROR] [player-libmpv][ffmpeg] NULL: Invalid NAL unit size (17747 > 1741).
[ERROR] [player-libmpv][ffmpeg] NULL: missing picture in access unit with size 1745
[INFO] [player-libmpv] end-file uri=<URL_REDACTED> reason=stop error=success
[INFO] [media-trace] seq=3 t_ms=44149 layer=libmpv action=mpv-end-file phase=event url_hash=5acabd74 detail=stop url=<URL_REDACTED>
[INFO] [runtime-heartbeat] t_ms=24204613 frame=6736 view=video player_state=stopped media=1 return_home_pending=0 protocol_state=media-active owner=dlna generation=4 service_workers=0,0,0 service_age_ms=117807,117803,117803 media_queue=0 media_high=1 media_command=0 media_kind=0 media_producer=0 media_token=0 media_generation=0 media_command_age_ms=0 media_heartbeat_age_ms=6 media_full=0 media_stale=0 media_timeout=0 media_coalesced=0 media_accepting=1 media_lifecycle=0,1,0,1 log_queue=0 enqueued=823 processed=823 log_high=29 log_heartbeat_age_ms=92 log_waiting=1 queue_dropped=0 mirror_dropped=0 mirror_failures=0 mirror=1 worker=1 mdns_phase=waiting mdns_mode=3 mdns_running=1 mdns_socket=1 mdns_heartbeat_age_ms=116 mdns_select=600 mdns_recv=18 mdns_sent=0
[INFO] [player-view] desired_view=home state=STOPPED has_media=1 uri=<URL_REDACTED>
[INFO] [player-view] active_view=home frame=6809
[INFO] [input] active_view=home state=stopped media=1 snapshot=1
[INFO] [ssdp] send packet to <IP_REDACTED>:3040 st=upnp:rootdevice bytes=283
[INFO] [ssdp] send packet to <IP_REDACTED>:3040 st=upnp:rootdevice bytes=283
[INFO] [ssdp] send packet to <IP_REDACTED>:3040 st=upnp:rootdevice bytes=283
[INFO] [runtime-heartbeat] t_ms=24206613 frame=6857 view=home player_state=stopped media=1 return_home_pending=0 protocol_state=media-active owner=dlna generation=4 service_workers=0,0,0 service_age_ms=119807,119803,119803 media_queue=0 media_high=1 media_command=0 media_kind=0 media_producer=0 media_token=0 media_generation=0 media_command_age_ms=0 media_heartbeat_age_ms=5 media_full=0 media_stale=0 media_timeout=0 media_coalesced=0 media_accepting=1 media_lifecycle=0,1,0,1 log_queue=0 enqueued=830 processed=830 log_high=29 log_heartbeat_age_ms=374 log_waiting=1 queue_dropped=0 mirror_dropped=0 mirror_failures=0 mirror=1 worker=1 mdns_phase=waiting mdns_mode=3 mdns_running=1 mdns_socket=1 mdns_heartbeat_age_ms=92 mdns_select=611 mdns_recv=20 mdns_sent=0
[INFO] [soap] soap_call "AVTransport" "SetAVTransportURI" <InstanceID>0</InstanceID> <CurrentURI><URL_REDACTED></CurrentURI>
[INFO] [media-trace] seq=4 t_ms=0 action=SetAVTransportURI phase=begin url_hash=fcbd1005 metadata_bytes=2109 url=<URL_REDACTED>
[INFO] [media-trace] seq=4 t_ms=0 layer=soap action=SetAVTransportURI phase=dispatch instance=0 url_hash=fcbd1005 url=<URL_REDACTED>
[INFO] [protocol-coordinator] event=claim previous_owner=dlna previous_token=1 previous_generation=4 owner=dlna token=1 generation=5
[INFO] [media-trace] seq=4 t_ms=0 layer=player action=set_media phase=begin url_hash=fcbd1005 url=<URL_REDACTED>
[INFO] [media-trace] seq=4 t_ms=0 layer=libmpv action=set_media phase=begin url_hash=fcbd1005 detail=- url=<URL_REDACTED>
[INFO] [media-trace] seq=4 t_ms=0 layer=libmpv action=set_media phase=mutex-wait url_hash=fcbd1005 detail=- url=<URL_REDACTED>
[INFO] [media-trace] seq=4 t_ms=0 layer=libmpv action=set_media phase=mutex-acquired url_hash=fcbd1005 detail=- url=<URL_REDACTED>
[INFO] [media-trace] seq=4 t_ms=0 layer=libmpv action=loadfile phase=dispatch url_hash=fcbd1005 detail=paused=1 profile=direct-mp4-fast url=<URL_REDACTED>
[INFO] [media-trace] seq=4 t_ms=0 layer=libmpv action=loadfile phase=queued url_hash=fcbd1005 detail=paused=1 profile=direct-mp4-fast url=<URL_REDACTED>
[INFO] [media-trace] seq=4 t_ms=0 layer=libmpv action=set_media phase=done url_hash=fcbd1005 detail=- url=<URL_REDACTED>
[INFO] [media-trace] seq=4 t_ms=0 layer=player action=set_media phase=done url_hash=fcbd1005 url=<URL_REDACTED>
[INFO] [media-trace] seq=4 t_ms=0 layer=libmpv action=mpv-start-file phase=event url_hash=fcbd1005 detail=- url=<URL_REDACTED>
[INFO] [player-libmpv] start-file uri=<URL_REDACTED>
[INFO] [media-trace] seq=4 t_ms=0 layer=soap action=SetAVTransportURI phase=done url_hash=fcbd1005 url=<URL_REDACTED>
[INFO] [soap] assert_http_200 service=AVTransport action=SetAVTransportURI handler=avtransport_set_uri
[INFO] [protocol-coordinator] revision=9->10 state=media-active->media-active iptv=running->running dlna=running->running airplay=running->running owner=dlna->dlna token=1 generation=5 pin_visible=0 airplay_running=1 airplay_starting=0 status=Ready for AirPlay video
[INFO] [player-view] desired_view=video state=LOADING has_media=1 uri=<URL_REDACTED>
[INFO] [player-view] active_view=video frame=6920
[INFO] [input] active_view=video state=loading media=1 snapshot=1
[INFO] [soap] soap_call "AVTransport" "Play" <InstanceID>0</InstanceID> <Speed>1</Speed>
[INFO] [media-trace] seq=4 t_ms=13 layer=soap action=Play phase=begin url_hash=fcbd1005 detail=1 url=<URL_REDACTED>
[INFO] [media-trace] seq=4 t_ms=13 layer=player action=Play phase=backend-call-begin url_hash=fcbd1005 detail=-
[INFO] [media-trace] seq=4 t_ms=13 layer=libmpv action=Play phase=mutex-wait url_hash=fcbd1005 detail=- url=<URL_REDACTED>
[INFO] [media-trace] seq=4 t_ms=13 layer=libmpv action=Play phase=mutex-acquired url_hash=fcbd1005 detail=- url=<URL_REDACTED>
[INFO] [media-trace] seq=4 t_ms=13 layer=libmpv action=Play phase=deferred url_hash=fcbd1005 detail=waiting-file-loaded url=<URL_REDACTED>
[INFO] [media-trace] seq=4 t_ms=13 layer=player action=Play phase=backend-call-done url_hash=fcbd1005 detail=ok
[INFO] [media-trace] seq=4 t_ms=13 layer=player action=Play phase=snapshot-refresh-begin url_hash=fcbd1005 detail=-
[INFO] [media-trace] seq=4 t_ms=13 layer=player action=Play phase=snapshot-refresh-done url_hash=fcbd1005 detail=-
[INFO] [media-trace] seq=4 t_ms=13 layer=player action=Play phase=backend-wakeup-begin url_hash=fcbd1005 detail=-
[INFO] [media-trace] seq=4 t_ms=13 layer=player action=Play phase=backend-wakeup-done url_hash=fcbd1005 detail=-
[INFO] [media-trace] seq=4 t_ms=13 layer=soap action=Play phase=done url_hash=fcbd1005 detail=1 url=<URL_REDACTED>
[INFO] [soap] assert_http_200 service=AVTransport action=Play handler=avtransport_play
[INFO] [soap] soap_call "AVTransport" "GetPositionInfo" <InstanceID>0</InstanceID>
[INFO] [soap] assert_http_200 service=AVTransport action=GetPositionInfo handler=avtransport_get_position_info
[INFO] [soap] soap_call "AVTransport" "GetTransportInfo" <InstanceID>0</InstanceID>
[INFO] [soap] assert_http_200 service=AVTransport action=GetTransportInfo handler=avtransport_get_transport_info
[INFO] [player-libmpv][cplayer]  (+) Video --vid=1 (*) (h264 1280x720 30.000fps)
[INFO] [player-libmpv][cplayer]  (+) Audio --aid=1 (*) (aac 2ch 48000Hz)
[INFO] [player-libmpv][display-tags] File tags:
[INFO] [player-libmpv][display-tags]  Description: Bilibili VXCode Swarm Transcoder v1.3.33
[INFO] [media-trace] seq=4 t_ms=498 layer=libmpv action=mpv-file-loaded phase=event url_hash=fcbd1005 detail=- url=<URL_REDACTED>
[INFO] [player-libmpv] file-loaded uri=<URL_REDACTED>
[INFO] [media-trace] seq=4 t_ms=498 layer=libmpv action=Play phase=dispatch url_hash=fcbd1005 detail=file-loaded-autoplay url=<URL_REDACTED>
[INFO] [player-libmpv][cplayer] AO: [hos] 48000Hz stereo 2ch s16
[INFO] [player-libmpv][cplayer] VO: [libmpv] 1280x720 yuv420p
[INFO] [media-trace] seq=4 t_ms=749 layer=libmpv action=mpv-playback-restart phase=event url_hash=fcbd1005 detail=- url=<URL_REDACTED>
[INFO] [media-trace] seq=4 t_ms=749 layer=libmpv action=startup-gate phase=seek-window url_hash=fcbd1005 detail=open url=<URL_REDACTED>
[INFO] [runtime-heartbeat] t_ms=24208613 frame=6977 view=video player_state=loading media=1 return_home_pending=0 protocol_state=media-active owner=dlna generation=5 service_workers=0,0,0 service_age_ms=121807,121803,121803 media_queue=0 media_high=1 media_command=0 media_kind=0 media_producer=0 media_token=0 media_generation=0 media_command_age_ms=0 media_heartbeat_age_ms=0 media_full=0 media_stale=0 media_timeout=0 media_coalesced=0 media_accepting=1 media_lifecycle=0,1,0,1 log_queue=0 enqueued=879 processed=879 log_high=29 log_heartbeat_age_ms=187 log_waiting=1 queue_dropped=0 mirror_dropped=0 mirror_failures=0 mirror=1 worker=1 mdns_phase=waiting mdns_mode=3 mdns_running=1 mdns_socket=1 mdns_heartbeat_age_ms=123 mdns_select=621 mdns_recv=21 mdns_sent=0
[INFO] [soap] soap_call "AVTransport" "GetTransportInfo" <InstanceID>0</InstanceID>
[INFO] [soap] assert_http_200 service=AVTransport action=GetTransportInfo handler=avtransport_get_transport_info
[INFO] [soap] soap_call "AVTransport" "GetPositionInfo" <InstanceID>0</InstanceID>
[INFO] [soap] assert_http_200 service=AVTransport action=GetPositionInfo handler=avtransport_get_position_info
[INFO] [media-trace] seq=4 t_ms=1104 layer=libmpv action=startup-gate phase=released url_hash=fcbd1005 detail=initial-seek-window-expired url=<URL_REDACTED>
[INFO] [media-trace] seq=4 t_ms=1157 layer=render action=first-frame phase=presented url_hash=fcbd1005 frame=6987 presented=6987
[INFO] [soap] soap_call "AVTransport" "GetTransportInfo" <InstanceID>0</InstanceID>
[INFO] [soap] assert_http_200 service=AVTransport action=GetTransportInfo handler=avtransport_get_transport_info
[INFO] [soap] soap_call "AVTransport" "GetPositionInfo" <InstanceID>0</InstanceID>
[INFO] [soap] assert_http_200 service=AVTransport action=GetPositionInfo handler=avtransport_get_position_info
[INFO] [soap] soap_call "AVTransport" "Seek" <InstanceID>0</InstanceID> <Unit>REL_TIME</Unit> <Target>0:01:25</Target>
[INFO] [media-trace] seq=4 t_ms=2050 layer=soap action=Seek phase=begin url_hash=fcbd1005 detail=00:01:25 url=<URL_REDACTED>
[INFO] [media-trace] seq=4 t_ms=2050 layer=libmpv action=Seek phase=dispatch url_hash=fcbd1005 detail=85.000 url=<URL_REDACTED>
[INFO] [media-trace] seq=4 t_ms=2050 layer=soap action=Seek phase=done url_hash=fcbd1005 detail=00:01:25 url=<URL_REDACTED>
[INFO] [soap] assert_http_200 service=AVTransport action=Seek handler=avtransport_seek
[INFO] [runtime-heartbeat] t_ms=24210613 frame=7084 view=video player_state=seeking media=1 return_home_pending=0 protocol_state=media-active owner=dlna generation=5 service_workers=0,0,0 service_age_ms=123807,123803,123803 media_queue=0 media_high=1 media_command=0 media_kind=0 media_producer=0 media_token=0 media_generation=0 media_command_age_ms=0 media_heartbeat_age_ms=3 media_full=0 media_stale=0 media_timeout=0 media_coalesced=0 media_accepting=1 media_lifecycle=0,1,0,1 log_queue=0 enqueued=895 processed=895 log_high=29 log_heartbeat_age_ms=885 log_waiting=1 queue_dropped=0 mirror_dropped=0 mirror_failures=0 mirror=1 worker=1 mdns_phase=waiting mdns_mode=3 mdns_running=1 mdns_socket=1 mdns_heartbeat_age_ms=121 mdns_select=631 mdns_recv=21 mdns_sent=0
[INFO] [soap] soap_call "AVTransport" "GetTransportInfo" <InstanceID>0</InstanceID>
[INFO] [soap] assert_http_200 service=AVTransport action=GetTransportInfo handler=avtransport_get_transport_info
[INFO] [soap] soap_call "AVTransport" "GetPositionInfo" <InstanceID>0</InstanceID>
[INFO] [soap] assert_http_200 service=AVTransport action=GetPositionInfo handler=avtransport_get_position_info
[INFO] [soap] soap_call "AVTransport" "GetTransportInfo" <InstanceID>0</InstanceID>
[INFO] [soap] assert_http_200 service=AVTransport action=GetTransportInfo handler=avtransport_get_transport_info
[INFO] [soap] soap_call "AVTransport" "GetPositionInfo" <InstanceID>0</InstanceID>
[INFO] [soap] assert_http_200 service=AVTransport action=GetPositionInfo handler=avtransport_get_position_info
[INFO] [runtime-heartbeat] t_ms=24212613 frame=7204 view=video player_state=seeking media=1 return_home_pending=0 protocol_state=media-active owner=dlna generation=5 service_workers=0,0,0 service_age_ms=125807,125803,125803 media_queue=0 media_high=1 media_command=0 media_kind=0 media_producer=0 media_token=0 media_generation=0 media_command_age_ms=0 media_heartbeat_age_ms=2 media_full=0 media_stale=0 media_timeout=0 media_coalesced=0 media_accepting=1 media_lifecycle=0,1,0,1 log_queue=0 enqueued=904 processed=904 log_high=29 log_heartbeat_age_ms=837 log_waiting=1 queue_dropped=0 mirror_dropped=0 mirror_failures=0 mirror=1 worker=1 mdns_phase=waiting mdns_mode=3 mdns_running=1 mdns_socket=1 mdns_heartbeat_age_ms=121 mdns_select=641 mdns_recv=21 mdns_sent=0
[INFO] [soap] soap_call "AVTransport" "GetTransportInfo" <InstanceID>0</InstanceID>
[INFO] [soap] assert_http_200 service=AVTransport action=GetTransportInfo handler=avtransport_get_transport_info
[INFO] [soap] soap_call "AVTransport" "GetPositionInfo" <InstanceID>0</InstanceID>
[INFO] [soap] assert_http_200 service=AVTransport action=GetPositionInfo handler=avtransport_get_position_info
[INFO] [soap] soap_call "AVTransport" "GetTransportInfo" <InstanceID>0</InstanceID>
[INFO] [soap] assert_http_200 service=AVTransport action=GetTransportInfo handler=avtransport_get_transport_info
[INFO] [soap] soap_call "AVTransport" "GetPositionInfo" <InstanceID>0</InstanceID>
[INFO] [soap] assert_http_200 service=AVTransport action=GetPositionInfo handler=avtransport_get_position_info
[INFO] [runtime-heartbeat] t_ms=24214613 frame=7324 view=video player_state=seeking media=1 return_home_pending=0 protocol_state=media-active owner=dlna generation=5 service_workers=0,0,0 service_age_ms=127807,127803,127803 media_queue=0 media_high=1 media_command=0 media_kind=0 media_producer=0 media_token=0 media_generation=0 media_command_age_ms=0 media_heartbeat_age_ms=1 media_full=0 media_stale=0 media_timeout=0 media_coalesced=0 media_accepting=1 media_lifecycle=0,1,0,1 log_queue=0 enqueued=913 processed=913 log_high=29 log_heartbeat_age_ms=890 log_waiting=1 queue_dropped=0 mirror_dropped=0 mirror_failures=0 mirror=1 worker=1 mdns_phase=waiting mdns_mode=3 mdns_running=1 mdns_socket=1 mdns_heartbeat_age_ms=120 mdns_select=651 mdns_recv=21 mdns_sent=0
[INFO] [soap] soap_call "AVTransport" "GetTransportInfo" <InstanceID>0</InstanceID>
[INFO] [soap] assert_http_200 service=AVTransport action=GetTransportInfo handler=avtransport_get_transport_info
[INFO] [soap] soap_call "AVTransport" "GetPositionInfo" <InstanceID>0</InstanceID>
[INFO] [soap] assert_http_200 service=AVTransport action=GetPositionInfo handler=avtransport_get_position_info
[INFO] [soap] soap_call "AVTransport" "GetTransportInfo" <InstanceID>0</InstanceID>
[INFO] [soap] assert_http_200 service=AVTransport action=GetTransportInfo handler=avtransport_get_transport_info
[INFO] [soap] soap_call "AVTransport" "GetPositionInfo" <InstanceID>0</InstanceID>
[INFO] [soap] assert_http_200 service=AVTransport action=GetPositionInfo handler=avtransport_get_position_info
[INFO] [runtime-heartbeat] t_ms=24216613 frame=7444 view=video player_state=seeking media=1 return_home_pending=0 protocol_state=media-active owner=dlna generation=5 service_workers=0,0,0 service_age_ms=129807,129803,129803 media_queue=0 media_high=1 media_command=0 media_kind=0 media_producer=0 media_token=0 media_generation=0 media_command_age_ms=0 media_heartbeat_age_ms=9 media_full=0 media_stale=0 media_timeout=0 media_coalesced=0 media_accepting=1 media_lifecycle=0,1,0,1 log_queue=0 enqueued=922 processed=922 log_high=29 log_heartbeat_age_ms=738 log_waiting=1 queue_dropped=0 mirror_dropped=0 mirror_failures=0 mirror=1 worker=1 mdns_phase=waiting mdns_mode=3 mdns_running=1 mdns_socket=1 mdns_heartbeat_age_ms=120 mdns_select=661 mdns_recv=21 mdns_sent=0
[INFO] [soap] soap_call "AVTransport" "GetTransportInfo" <InstanceID>0</InstanceID>
[INFO] [soap] assert_http_200 service=AVTransport action=GetTransportInfo handler=avtransport_get_transport_info
[INFO] [soap] soap_call "AVTransport" "GetPositionInfo" <InstanceID>0</InstanceID>
[INFO] [soap] assert_http_200 service=AVTransport action=GetPositionInfo handler=avtransport_get_position_info
[INFO] [soap] soap_call "AVTransport" "GetTransportInfo" <InstanceID>0</InstanceID>
[INFO] [soap] assert_http_200 service=AVTransport action=GetTransportInfo handler=avtransport_get_transport_info
[INFO] [soap] soap_call "AVTransport" "GetPositionInfo" <InstanceID>0</InstanceID>
[INFO] [soap] assert_http_200 service=AVTransport action=GetPositionInfo handler=avtransport_get_position_info
[INFO] [runtime-heartbeat] t_ms=24218613 frame=7564 view=video player_state=seeking media=1 return_home_pending=0 protocol_state=media-active owner=dlna generation=5 service_workers=0,0,0 service_age_ms=131807,131803,131803 media_queue=0 media_high=1 media_command=0 media_kind=0 media_producer=0 media_token=0 media_generation=0 media_command_age_ms=0 media_heartbeat_age_ms=8 media_full=0 media_stale=0 media_timeout=0 media_coalesced=0 media_accepting=1 media_lifecycle=0,1,0,1 log_queue=0 enqueued=931 processed=931 log_high=29 log_heartbeat_age_ms=896 log_waiting=1 queue_dropped=0 mirror_dropped=0 mirror_failures=0 mirror=1 worker=1 mdns_phase=waiting mdns_mode=3 mdns_running=1 mdns_socket=1 mdns_heartbeat_age_ms=111 mdns_select=672 mdns_recv=22 mdns_sent=0
[INFO] [soap] soap_call "AVTransport" "GetTransportInfo" <InstanceID>0</InstanceID>
[INFO] [soap] assert_http_200 service=AVTransport action=GetTransportInfo handler=avtransport_get_transport_info
[INFO] [soap] soap_call "AVTransport" "GetPositionInfo" <InstanceID>0</InstanceID>
[INFO] [soap] assert_http_200 service=AVTransport action=GetPositionInfo handler=avtransport_get_position_info
[INFO] [soap] soap_call "AVTransport" "GetPositionInfo" <InstanceID>0</InstanceID>
[INFO] [soap] assert_http_200 service=AVTransport action=GetPositionInfo handler=avtransport_get_position_info
[INFO] [soap] soap_call "AVTransport" "GetTransportInfo" <InstanceID>0</InstanceID>
[INFO] [soap] assert_http_200 service=AVTransport action=GetTransportInfo handler=avtransport_get_transport_info
[INFO] [runtime-heartbeat] t_ms=24220613 frame=7684 view=video player_state=seeking media=1 return_home_pending=0 protocol_state=media-active owner=dlna generation=5 service_workers=0,0,0 service_age_ms=133807,133803,133803 media_queue=0 media_high=1 media_command=0 media_kind=0 media_producer=0 media_token=0 media_generation=0 media_command_age_ms=0 media_heartbeat_age_ms=7 media_full=0 media_stale=0 media_timeout=0 media_coalesced=0 media_accepting=1 media_lifecycle=0,1,0,1 log_queue=0 enqueued=940 processed=940 log_high=29 log_heartbeat_age_ms=848 log_waiting=1 queue_dropped=0 mirror_dropped=0 mirror_failures=0 mirror=1 worker=1 mdns_phase=waiting mdns_mode=3 mdns_running=1 mdns_socket=1 mdns_heartbeat_age_ms=111 mdns_select=682 mdns_recv=22 mdns_sent=0
[INFO] [soap] soap_call "AVTransport" "GetTransportInfo" <InstanceID>0</InstanceID>
[INFO] [soap] assert_http_200 service=AVTransport action=GetTransportInfo handler=avtransport_get_transport_info
[INFO] [soap] soap_call "AVTransport" "GetPositionInfo" <InstanceID>0</InstanceID>
[INFO] [soap] assert_http_200 service=AVTransport action=GetPositionInfo handler=avtransport_get_position_info
[INFO] [soap] soap_call "AVTransport" "GetTransportInfo" <InstanceID>0</InstanceID>
[INFO] [soap] assert_http_200 service=AVTransport action=GetTransportInfo handler=avtransport_get_transport_info
[INFO] [soap] soap_call "AVTransport" "GetPositionInfo" <InstanceID>0</InstanceID>
[INFO] [soap] assert_http_200 service=AVTransport action=GetPositionInfo handler=avtransport_get_position_info
[INFO] [runtime-heartbeat] t_ms=24222613 frame=7804 view=video player_state=seeking media=1 return_home_pending=0 protocol_state=media-active owner=dlna generation=5 service_workers=0,0,0 service_age_ms=135807,135803,135803 media_queue=0 media_high=1 media_command=0 media_kind=0 media_producer=0 media_token=0 media_generation=0 media_command_age_ms=0 media_heartbeat_age_ms=5 media_full=0 media_stale=0 media_timeout=0 media_coalesced=0 media_accepting=1 media_lifecycle=0,1,0,1 log_queue=0 enqueued=949 processed=949 log_high=29 log_heartbeat_age_ms=904 log_waiting=1 queue_dropped=0 mirror_dropped=0 mirror_failures=0 mirror=1 worker=1 mdns_phase=waiting mdns_mode=3 mdns_running=1 mdns_socket=1 mdns_heartbeat_age_ms=110 mdns_select=692 mdns_recv=22 mdns_sent=0
[INFO] [soap] soap_call "AVTransport" "GetTransportInfo" <InstanceID>0</InstanceID>
[INFO] [soap] assert_http_200 service=AVTransport action=GetTransportInfo handler=avtransport_get_transport_info
[INFO] [soap] soap_call "AVTransport" "GetPositionInfo" <InstanceID>0</InstanceID>
[INFO] [soap] assert_http_200 service=AVTransport action=GetPositionInfo handler=avtransport_get_position_info
[INFO] [soap] soap_call "AVTransport" "GetPositionInfo" <InstanceID>0</InstanceID>
[INFO] [soap] assert_http_200 service=AVTransport action=GetPositionInfo handler=avtransport_get_position_info
[INFO] [soap] soap_call "AVTransport" "GetTransportInfo" <InstanceID>0</InstanceID>
[INFO] [soap] assert_http_200 service=AVTransport action=GetTransportInfo handler=avtransport_get_transport_info
[INFO] [runtime-heartbeat] t_ms=24224613 frame=7924 view=video player_state=seeking media=1 return_home_pending=0 protocol_state=media-active owner=dlna generation=5 service_workers=0,0,0 service_age_ms=137807,137803,137803 media_queue=0 media_high=1 media_command=0 media_kind=0 media_producer=0 media_token=0 media_generation=0 media_command_age_ms=0 media_heartbeat_age_ms=4 media_full=0 media_stale=0 media_timeout=0 media_coalesced=0 media_accepting=1 media_lifecycle=0,1,0,1 log_queue=0 enqueued=958 processed=958 log_high=29 log_heartbeat_age_ms=856 log_waiting=1 queue_dropped=0 mirror_dropped=0 mirror_failures=0 mirror=1 worker=1 mdns_phase=waiting mdns_mode=3 mdns_running=1 mdns_socket=1 mdns_heartbeat_age_ms=109 mdns_select=702 mdns_recv=22 mdns_sent=0
[INFO] [soap] soap_call "AVTransport" "GetPositionInfo" <InstanceID>0</InstanceID>
[INFO] [soap] assert_http_200 service=AVTransport action=GetPositionInfo handler=avtransport_get_position_info
[INFO] [soap] soap_call "AVTransport" "GetTransportInfo" <InstanceID>0</InstanceID>
[INFO] [soap] assert_http_200 service=AVTransport action=GetTransportInfo handler=avtransport_get_transport_info
[INFO] [soap] soap_call "AVTransport" "GetTransportInfo" <InstanceID>0</InstanceID>
[INFO] [soap] assert_http_200 service=AVTransport action=GetTransportInfo handler=avtransport_get_transport_info
[INFO] [soap] soap_call "AVTransport" "GetPositionInfo" <InstanceID>0</InstanceID>
[INFO] [soap] assert_http_200 service=AVTransport action=GetPositionInfo handler=avtransport_get_position_info
[INFO] [runtime-heartbeat] t_ms=24226613 frame=8044 view=video player_state=seeking media=1 return_home_pending=0 protocol_state=media-active owner=dlna generation=5 service_workers=0,0,0 service_age_ms=139807,139803,139803 media_queue=0 media_high=1 media_command=0 media_kind=0 media_producer=0 media_token=0 media_generation=0 media_command_age_ms=0 media_heartbeat_age_ms=3 media_full=0 media_stale=0 media_timeout=0 media_coalesced=0 media_accepting=1 media_lifecycle=0,1,0,1 log_queue=0 enqueued=967 processed=967 log_high=29 log_heartbeat_age_ms=706 log_waiting=1 queue_dropped=0 mirror_dropped=0 mirror_failures=0 mirror=1 worker=1 mdns_phase=waiting mdns_mode=3 mdns_running=1 mdns_socket=1 mdns_heartbeat_age_ms=108 mdns_select=712 mdns_recv=22 mdns_sent=0
[INFO] [soap] soap_call "AVTransport" "GetTransportInfo" <InstanceID>0</InstanceID>
[INFO] [soap] assert_http_200 service=AVTransport action=GetTransportInfo handler=avtransport_get_transport_info
[INFO] [soap] soap_call "AVTransport" "GetPositionInfo" <InstanceID>0</InstanceID>
[INFO] [soap] assert_http_200 service=AVTransport action=GetPositionInfo handler=avtransport_get_position_info
[INFO] [soap] soap_call "AVTransport" "GetPositionInfo" <InstanceID>0</InstanceID>
[INFO] [soap] assert_http_200 service=AVTransport action=GetPositionInfo handler=avtransport_get_position_info
[INFO] [soap] soap_call "AVTransport" "GetTransportInfo" <InstanceID>0</InstanceID>
[INFO] [soap] assert_http_200 service=AVTransport action=GetTransportInfo handler=avtransport_get_transport_info
[INFO] [runtime-heartbeat] t_ms=24228613 frame=8164 view=video player_state=seeking media=1 return_home_pending=0 protocol_state=media-active owner=dlna generation=5 service_workers=0,0,0 service_age_ms=141807,141803,141803 media_queue=0 media_high=1 media_command=0 media_kind=0 media_producer=0 media_token=0 media_generation=0 media_command_age_ms=0 media_heartbeat_age_ms=2 media_full=0 media_stale=0 media_timeout=0 media_coalesced=0 media_accepting=1 media_lifecycle=0,1,0,1 log_queue=0 enqueued=976 processed=976 log_high=29 log_heartbeat_age_ms=863 log_waiting=1 queue_dropped=0 mirror_dropped=0 mirror_failures=0 mirror=1 worker=1 mdns_phase=waiting mdns_mode=3 mdns_running=1 mdns_socket=1 mdns_heartbeat_age_ms=108 mdns_select=722 mdns_recv=22 mdns_sent=0
[INFO] [soap] soap_call "AVTransport" "GetPositionInfo" <InstanceID>0</InstanceID>
[INFO] [soap] assert_http_200 service=AVTransport action=GetPositionInfo handler=avtransport_get_position_info
[INFO] [soap] soap_call "AVTransport" "GetTransportInfo" <InstanceID>0</InstanceID>
[INFO] [soap] assert_http_200 service=AVTransport action=GetTransportInfo handler=avtransport_get_transport_info
[INFO] [soap] soap_call "AVTransport" "GetTransportInfo" <InstanceID>0</InstanceID>
[INFO] [soap] assert_http_200 service=AVTransport action=GetTransportInfo handler=avtransport_get_transport_info
[INFO] [soap] soap_call "AVTransport" "GetPositionInfo" <InstanceID>0</InstanceID>
[INFO] [soap] assert_http_200 service=AVTransport action=GetPositionInfo handler=avtransport_get_position_info
[INFO] [runtime-heartbeat] t_ms=24230613 frame=8284 view=video player_state=seeking media=1 return_home_pending=0 protocol_state=media-active owner=dlna generation=5 service_workers=0,0,0 service_age_ms=143807,143803,143803 media_queue=0 media_high=1 media_command=0 media_kind=0 media_producer=0 media_token=0 media_generation=0 media_command_age_ms=0 media_heartbeat_age_ms=0 media_full=0 media_stale=0 media_timeout=0 media_coalesced=0 media_accepting=1 media_lifecycle=0,1,0,1 log_queue=0 enqueued=985 processed=985 log_high=29 log_heartbeat_age_ms=904 log_waiting=1 queue_dropped=0 mirror_dropped=0 mirror_failures=0 mirror=1 worker=1 mdns_phase=waiting mdns_mode=3 mdns_running=1 mdns_socket=1 mdns_heartbeat_age_ms=107 mdns_select=732 mdns_recv=22 mdns_sent=0
[INFO] [soap] soap_call "AVTransport" "GetTransportInfo" <InstanceID>0</InstanceID>
[INFO] [soap] assert_http_200 service=AVTransport action=GetTransportInfo handler=avtransport_get_transport_info
[INFO] [soap] soap_call "AVTransport" "GetPositionInfo" <InstanceID>0</InstanceID>
[INFO] [soap] assert_http_200 service=AVTransport action=GetPositionInfo handler=avtransport_get_position_info
[INFO] [soap] soap_call "AVTransport" "Seek" <InstanceID>0</InstanceID> <Unit>REL_TIME</Unit> <Target>0:00:43</Target>
[INFO] [media-trace] seq=4 t_ms=23192 layer=soap action=Seek phase=begin url_hash=fcbd1005 detail=00:00:43 url=<URL_REDACTED>
[INFO] [media-trace] seq=4 t_ms=23192 layer=libmpv action=Seek phase=dispatch url_hash=fcbd1005 detail=43.000 url=<URL_REDACTED>
[INFO] [media-trace] seq=4 t_ms=23193 layer=soap action=Seek phase=done url_hash=fcbd1005 detail=00:00:43 url=<URL_REDACTED>
[INFO] [soap] assert_http_200 service=AVTransport action=Seek handler=avtransport_seek
[INFO] [soap] soap_call "AVTransport" "Seek" <InstanceID>0</InstanceID> <Unit>REL_TIME</Unit> <Target>0:00:43</Target>
[INFO] [media-trace] seq=4 t_ms=23194 layer=soap action=Seek phase=begin url_hash=fcbd1005 detail=00:00:43 url=<URL_REDACTED>
[INFO] [media-trace] seq=4 t_ms=23194 layer=libmpv action=Seek phase=dispatch url_hash=fcbd1005 detail=43.000 url=<URL_REDACTED>
[INFO] [media-trace] seq=4 t_ms=23194 layer=soap action=Seek phase=done url_hash=fcbd1005 detail=00:00:43 url=<URL_REDACTED>
[INFO] [soap] assert_http_200 service=AVTransport action=Seek handler=avtransport_seek
[INFO] [soap] soap_call "AVTransport" "GetPositionInfo" <InstanceID>0</InstanceID>
[INFO] [soap] assert_http_200 service=AVTransport action=GetPositionInfo handler=avtransport_get_position_info
[INFO] [soap] soap_call "AVTransport" "GetTransportInfo" <InstanceID>0</InstanceID>
[INFO] [soap] assert_http_200 service=AVTransport action=GetTransportInfo handler=avtransport_get_transport_info
[INFO] [runtime-heartbeat] t_ms=24232613 frame=8404 view=video player_state=seeking media=1 return_home_pending=0 protocol_state=media-active owner=dlna generation=5 service_workers=0,0,0 service_age_ms=145807,145803,145803 media_queue=0 media_high=1 media_command=0 media_kind=0 media_producer=0 media_token=0 media_generation=0 media_command_age_ms=0 media_heartbeat_age_ms=6 media_full=0 media_stale=0 media_timeout=0 media_coalesced=0 media_accepting=1 media_lifecycle=0,1,0,1 log_queue=0 enqueued=1004 processed=1004 log_high=29 log_heartbeat_age_ms=905 log_waiting=1 queue_dropped=0 mirror_dropped=0 mirror_failures=0 mirror=1 worker=1 mdns_phase=waiting mdns_mode=3 mdns_running=1 mdns_socket=1 mdns_heartbeat_age_ms=106 mdns_select=742 mdns_recv=22 mdns_sent=0
[INFO] [soap] soap_call "AVTransport" "GetPositionInfo" <InstanceID>0</InstanceID>
[INFO] [soap] assert_http_200 service=AVTransport action=GetPositionInfo handler=avtransport_get_position_info
[INFO] [soap] soap_call "AVTransport" "GetTransportInfo" <InstanceID>0</InstanceID>
[INFO] [soap] assert_http_200 service=AVTransport action=GetTransportInfo handler=avtransport_get_transport_info
[INFO] [soap] soap_call "AVTransport" "GetPositionInfo" <InstanceID>0</InstanceID>
[INFO] [soap] assert_http_200 service=AVTransport action=GetPositionInfo handler=avtransport_get_position_info
[INFO] [soap] soap_call "AVTransport" "GetTransportInfo" <InstanceID>0</InstanceID>
[INFO] [soap] assert_http_200 service=AVTransport action=GetTransportInfo handler=avtransport_get_transport_info
[INFO] [runtime-heartbeat] t_ms=24234613 frame=8524 view=video player_state=seeking media=1 return_home_pending=0 protocol_state=media-active owner=dlna generation=5 service_workers=0,0,0 service_age_ms=147807,147803,147803 media_queue=0 media_high=1 media_command=0 media_kind=0 media_producer=0 media_token=0 media_generation=0 media_command_age_ms=0 media_heartbeat_age_ms=5 media_full=0 media_stale=0 media_timeout=0 media_coalesced=0 media_accepting=1 media_lifecycle=0,1,0,1 log_queue=0 enqueued=1013 processed=1013 log_high=29 log_heartbeat_age_ms=719 log_waiting=1 queue_dropped=0 mirror_dropped=0 mirror_failures=0 mirror=1 worker=1 mdns_phase=waiting mdns_mode=3 mdns_running=1 mdns_socket=1 mdns_heartbeat_age_ms=105 mdns_select=752 mdns_recv=22 mdns_sent=0
[INFO] [soap] soap_call "AVTransport" "GetTransportInfo" <InstanceID>0</InstanceID>
[INFO] [soap] assert_http_200 service=AVTransport action=GetTransportInfo handler=avtransport_get_transport_info
[INFO] [soap] soap_call "AVTransport" "GetPositionInfo" <InstanceID>0</InstanceID>
[INFO] [soap] assert_http_200 service=AVTransport action=GetPositionInfo handler=avtransport_get_position_info
[INFO] [soap] soap_call "AVTransport" "GetTransportInfo" <InstanceID>0</InstanceID>
[INFO] [soap] assert_http_200 service=AVTransport action=GetTransportInfo handler=avtransport_get_transport_info
[INFO] [soap] soap_call "AVTransport" "GetPositionInfo" <InstanceID>0</InstanceID>
[INFO] [soap] assert_http_200 service=AVTransport action=GetPositionInfo handler=avtransport_get_position_info
[INFO] [runtime-heartbeat] t_ms=24236613 frame=8644 view=video player_state=seeking media=1 return_home_pending=0 protocol_state=media-active owner=dlna generation=5 service_workers=0,0,0 service_age_ms=149807,149803,149803 media_queue=0 media_high=1 media_command=0 media_kind=0 media_producer=0 media_token=0 media_generation=0 media_command_age_ms=0 media_heartbeat_age_ms=3 media_full=0 media_stale=0 media_timeout=0 media_coalesced=0 media_accepting=1 media_lifecycle=0,1,0,1 log_queue=0 enqueued=1022 processed=1022 log_high=29 log_heartbeat_age_ms=875 log_waiting=1 queue_dropped=0 mirror_dropped=0 mirror_failures=0 mirror=1 worker=1 mdns_phase=waiting mdns_mode=3 mdns_running=1 mdns_socket=1 mdns_heartbeat_age_ms=105 mdns_select=762 mdns_recv=22 mdns_sent=0
[INFO] [soap] soap_call "AVTransport" "GetTransportInfo" <InstanceID>0</InstanceID>
[INFO] [soap] assert_http_200 service=AVTransport action=GetTransportInfo handler=avtransport_get_transport_info
[INFO] [soap] soap_call "AVTransport" "GetPositionInfo" <InstanceID>0</InstanceID>
[INFO] [soap] assert_http_200 service=AVTransport action=GetPositionInfo handler=avtransport_get_position_info
[INFO] [soap] soap_call "AVTransport" "GetTransportInfo" <InstanceID>0</InstanceID>
[INFO] [soap] assert_http_200 service=AVTransport action=GetTransportInfo handler=avtransport_get_transport_info
[INFO] [soap] soap_call "AVTransport" "GetPositionInfo" <InstanceID>0</InstanceID>
[INFO] [soap] assert_http_200 service=AVTransport action=GetPositionInfo handler=avtransport_get_position_info
[INFO] [runtime-heartbeat] t_ms=24238613 frame=8764 view=video player_state=seeking media=1 return_home_pending=0 protocol_state=media-active owner=dlna generation=5 service_workers=0,0,0 service_age_ms=151807,151803,151803 media_queue=0 media_high=1 media_command=0 media_kind=0 media_producer=0 media_token=0 media_generation=0 media_command_age_ms=0 media_heartbeat_age_ms=2 media_full=0 media_stale=0 media_timeout=0 media_coalesced=0 media_accepting=1 media_lifecycle=0,1,0,1 log_queue=0 enqueued=1031 processed=1031 log_high=29 log_heartbeat_age_ms=907 log_waiting=1 queue_dropped=0 mirror_dropped=0 mirror_failures=0 mirror=1 worker=1 mdns_phase=waiting mdns_mode=3 mdns_running=1 mdns_socket=1 mdns_heartbeat_age_ms=104 mdns_select=772 mdns_recv=22 mdns_sent=0
[INFO] [soap] soap_call "AVTransport" "GetTransportInfo" <InstanceID>0</InstanceID>
[INFO] [soap] assert_http_200 service=AVTransport action=GetTransportInfo handler=avtransport_get_transport_info
[INFO] [soap] soap_call "AVTransport" "GetPositionInfo" <InstanceID>0</InstanceID>
[INFO] [soap] assert_http_200 service=AVTransport action=GetPositionInfo handler=avtransport_get_position_info
[INFO] [soap] soap_call "AVTransport" "GetTransportInfo" <InstanceID>0</InstanceID>
[INFO] [soap] assert_http_200 service=AVTransport action=GetTransportInfo handler=avtransport_get_transport_info
[INFO] [soap] soap_call "AVTransport" "GetPositionInfo" <InstanceID>0</InstanceID>
[INFO] [soap] assert_http_200 service=AVTransport action=GetPositionInfo handler=avtransport_get_position_info
[INFO] [runtime-heartbeat] t_ms=24240613 frame=8884 view=video player_state=seeking media=1 return_home_pending=0 protocol_state=media-active owner=dlna generation=5 service_workers=0,0,0 service_age_ms=153807,153803,153803 media_queue=0 media_high=1 media_command=0 media_kind=0 media_producer=0 media_token=0 media_generation=0 media_command_age_ms=0 media_heartbeat_age_ms=1 media_full=0 media_stale=0 media_timeout=0 media_coalesced=0 media_accepting=1 media_lifecycle=0,1,0,1 log_queue=0 enqueued=1040 processed=1040 log_high=29 log_heartbeat_age_ms=903 log_waiting=1 queue_dropped=0 mirror_dropped=0 mirror_failures=0 mirror=1 worker=1 mdns_phase=waiting mdns_mode=3 mdns_running=1 mdns_socket=1 mdns_heartbeat_age_ms=104 mdns_select=782 mdns_recv=22 mdns_sent=0
[INFO] [soap] soap_call "AVTransport" "GetTransportInfo" <InstanceID>0</InstanceID>
[INFO] [soap] assert_http_200 service=AVTransport action=GetTransportInfo handler=avtransport_get_transport_info
[INFO] [soap] soap_call "AVTransport" "GetPositionInfo" <InstanceID>0</InstanceID>
[INFO] [soap] assert_http_200 service=AVTransport action=GetPositionInfo handler=avtransport_get_position_info
[INFO] [soap] soap_call "AVTransport" "Stop" <InstanceID>0</InstanceID>
[INFO] [media-trace] seq=4 t_ms=33884 layer=soap action=Stop phase=begin url_hash=fcbd1005 detail=- url=<URL_REDACTED>
[INFO] [media-trace] seq=4 t_ms=33885 layer=player action=Stop phase=backend-call-begin url_hash=fcbd1005 detail=-
[INFO] [media-trace] seq=4 t_ms=33885 layer=libmpv action=Stop phase=mutex-wait url_hash=fcbd1005 detail=- url=<URL_REDACTED>
[INFO] [media-trace] seq=4 t_ms=33885 layer=libmpv action=Stop phase=mutex-acquired url_hash=fcbd1005 detail=- url=<URL_REDACTED>
[INFO] [media-trace] seq=4 t_ms=33885 layer=libmpv action=Stop phase=dispatch url_hash=fcbd1005 detail=- url=<URL_REDACTED>
[INFO] [media-trace] seq=4 t_ms=33885 layer=player action=Stop phase=backend-call-done url_hash=fcbd1005 detail=ok
[INFO] [media-trace] seq=4 t_ms=33885 layer=player action=Stop phase=snapshot-refresh-begin url_hash=fcbd1005 detail=-
[INFO] [media-trace] seq=4 t_ms=33885 layer=player action=Stop phase=snapshot-refresh-done url_hash=fcbd1005 detail=-
[INFO] [media-trace] seq=4 t_ms=33885 layer=player action=Stop phase=backend-wakeup-begin url_hash=fcbd1005 detail=-
[INFO] [media-trace] seq=4 t_ms=33885 layer=player action=Stop phase=backend-wakeup-done url_hash=fcbd1005 detail=-
[INFO] [media-trace] seq=4 t_ms=33885 layer=soap action=Stop phase=done url_hash=fcbd1005 detail=- url=<URL_REDACTED>
[INFO] [soap] assert_http_200 service=AVTransport action=Stop handler=avtransport_stop
[INFO] [player-libmpv] end-file uri=<URL_REDACTED> reason=stop error=success
[INFO] [media-trace] seq=4 t_ms=34052 layer=libmpv action=mpv-end-file phase=event url_hash=fcbd1005 detail=stop url=<URL_REDACTED>
[INFO] [runtime-heartbeat] t_ms=24242613 frame=9004 view=video player_state=stopped media=1 return_home_pending=0 protocol_state=media-active owner=dlna generation=5 service_workers=0,0,0 service_age_ms=155807,155803,155803 media_queue=0 media_high=1 media_command=0 media_kind=0 media_producer=0 media_token=0 media_generation=0 media_command_age_ms=0 media_heartbeat_age_ms=1 media_full=0 media_stale=0 media_timeout=0 media_coalesced=0 media_accepting=1 media_lifecycle=0,1,0,1 log_queue=0 enqueued=1060 processed=1060 log_high=29 log_heartbeat_age_ms=884 log_waiting=1 queue_dropped=0 mirror_dropped=0 mirror_failures=0 mirror=1 worker=1 mdns_phase=waiting mdns_mode=3 mdns_running=1 mdns_socket=1 mdns_heartbeat_age_ms=37 mdns_select=793 mdns_recv=24 mdns_sent=0
[INFO] [player-view] desired_view=home state=STOPPED has_media=1 uri=<URL_REDACTED>
[INFO] [player-view] active_view=home frame=9030
[INFO] [input] active_view=home state=stopped media=1 snapshot=1
[INFO] [runtime-heartbeat] t_ms=24244613 frame=9125 view=home player_state=stopped media=1 return_home_pending=0 protocol_state=media-active owner=dlna generation=5 service_workers=0,0,0 service_age_ms=157807,157803,157803 media_queue=0 media_high=1 media_command=0 media_kind=0 media_producer=0 media_token=0 media_generation=0 media_command_age_ms=0 media_heartbeat_age_ms=9 media_full=0 media_stale=0 media_timeout=0 media_coalesced=0 media_accepting=1 media_lifecycle=0,1,0,1 log_queue=0 enqueued=1064 processed=1064 log_high=29 log_heartbeat_age_ms=1549 log_waiting=1 queue_dropped=0 mirror_dropped=0 mirror_failures=0 mirror=1 worker=1 mdns_phase=waiting mdns_mode=3 mdns_running=1 mdns_socket=1 mdns_heartbeat_age_ms=120 mdns_select=803 mdns_recv=25 mdns_sent=0
[INFO] [runtime-heartbeat] t_ms=24246613 frame=9245 view=home player_state=stopped media=1 return_home_pending=0 protocol_state=media-active owner=dlna generation=5 service_workers=0,0,0 service_age_ms=159807,159803,159803 media_queue=0 media_high=1 media_command=0 media_kind=0 media_producer=0 media_token=0 media_generation=0 media_command_age_ms=0 media_heartbeat_age_ms=8 media_full=0 media_stale=0 media_timeout=0 media_coalesced=0 media_accepting=1 media_lifecycle=0,1,0,1 log_queue=0 enqueued=1065 processed=1065 log_high=29 log_heartbeat_age_ms=1999 log_waiting=1 queue_dropped=0 mirror_dropped=0 mirror_failures=0 mirror=1 worker=1 mdns_phase=waiting mdns_mode=3 mdns_running=1 mdns_socket=1 mdns_heartbeat_age_ms=48 mdns_select=814 mdns_recv=26 mdns_sent=0
[INFO] [runtime-heartbeat] t_ms=24248613 frame=9365 view=home player_state=stopped media=1 return_home_pending=0 protocol_state=media-active owner=dlna generation=5 service_workers=0,0,0 service_age_ms=161807,161803,161803 media_queue=0 media_high=1 media_command=0 media_kind=0 media_producer=0 media_token=0 media_generation=0 media_command_age_ms=0 media_heartbeat_age_ms=7 media_full=0 media_stale=0 media_timeout=0 media_coalesced=0 media_accepting=1 media_lifecycle=0,1,0,1 log_queue=0 enqueued=1066 processed=1066 log_high=29 log_heartbeat_age_ms=1999 log_waiting=1 queue_dropped=0 mirror_dropped=0 mirror_failures=0 mirror=1 worker=1 mdns_phase=waiting mdns_mode=3 mdns_running=1 mdns_socket=1 mdns_heartbeat_age_ms=48 mdns_select=824 mdns_recv=26 mdns_sent=0
[INFO] [ssdp] send packet to <IP_REDACTED>:10946 st=upnp:rootdevice bytes=283
[INFO] [ssdp] send packet to <IP_REDACTED>:10946 st=upnp:rootdevice bytes=283
[INFO] [ssdp] send packet to <IP_REDACTED>:10946 st=upnp:rootdevice bytes=283
[INFO] [runtime-heartbeat] t_ms=24250613 frame=9485 view=home player_state=stopped media=1 return_home_pending=0 protocol_state=media-active owner=dlna generation=5 service_workers=0,0,0 service_age_ms=163807,163803,163803 media_queue=0 media_high=1 media_command=0 media_kind=0 media_producer=0 media_token=0 media_generation=0 media_command_age_ms=0 media_heartbeat_age_ms=6 media_full=0 media_stale=0 media_timeout=0 media_coalesced=0 media_accepting=1 media_lifecycle=0,1,0,1 log_queue=0 enqueued=1070 processed=1070 log_high=29 log_heartbeat_age_ms=956 log_waiting=1 queue_dropped=0 mirror_dropped=0 mirror_failures=0 mirror=1 worker=1 mdns_phase=waiting mdns_mode=3 mdns_running=1 mdns_socket=1 mdns_heartbeat_age_ms=47 mdns_select=834 mdns_recv=26 mdns_sent=0
[INFO] [soap] soap_call "AVTransport" "SetAVTransportURI" <InstanceID>0</InstanceID> <CurrentURI><URL_REDACTED></CurrentURI>
[INFO] [media-trace] seq=5 t_ms=0 action=SetAVTransportURI phase=begin url_hash=aaf78fb8 metadata_bytes=2125 url=<URL_REDACTED>
[INFO] [media-trace] seq=5 t_ms=0 layer=soap action=SetAVTransportURI phase=dispatch instance=0 url_hash=aaf78fb8 url=<URL_REDACTED>
[INFO] [protocol-coordinator] event=claim previous_owner=dlna previous_token=1 previous_generation=5 owner=dlna token=1 generation=6
[INFO] [media-trace] seq=5 t_ms=0 layer=player action=set_media phase=begin url_hash=aaf78fb8 url=<URL_REDACTED>
[INFO] [media-trace] seq=5 t_ms=1 layer=libmpv action=set_media phase=begin url_hash=aaf78fb8 detail=- url=<URL_REDACTED>
[INFO] [media-trace] seq=5 t_ms=1 layer=libmpv action=set_media phase=mutex-wait url_hash=aaf78fb8 detail=- url=<URL_REDACTED>
[INFO] [media-trace] seq=5 t_ms=1 layer=libmpv action=set_media phase=mutex-acquired url_hash=aaf78fb8 detail=- url=<URL_REDACTED>
[INFO] [media-trace] seq=5 t_ms=1 layer=libmpv action=loadfile phase=dispatch url_hash=aaf78fb8 detail=paused=1 profile=direct-mp4-fast url=<URL_REDACTED>
[INFO] [media-trace] seq=5 t_ms=1 layer=libmpv action=loadfile phase=queued url_hash=aaf78fb8 detail=paused=1 profile=direct-mp4-fast url=<URL_REDACTED>
[INFO] [media-trace] seq=5 t_ms=1 layer=libmpv action=set_media phase=done url_hash=aaf78fb8 detail=- url=<URL_REDACTED>
[INFO] [media-trace] seq=5 t_ms=1 layer=player action=set_media phase=done url_hash=aaf78fb8 url=<URL_REDACTED>
[INFO] [media-trace] seq=5 t_ms=1 layer=libmpv action=mpv-start-file phase=event url_hash=aaf78fb8 detail=- url=<URL_REDACTED>
[INFO] [player-libmpv] start-file uri=<URL_REDACTED>
[INFO] [media-trace] seq=5 t_ms=1 layer=soap action=SetAVTransportURI phase=done url_hash=aaf78fb8 url=<URL_REDACTED>
[INFO] [soap] assert_http_200 service=AVTransport action=SetAVTransportURI handler=avtransport_set_uri
[INFO] [soap] soap_call "AVTransport" "Play" <InstanceID>0</InstanceID> <Speed>1</Speed>
[INFO] [media-trace] seq=5 t_ms=14 layer=soap action=Play phase=begin url_hash=aaf78fb8 detail=1 url=<URL_REDACTED>
[INFO] [media-trace] seq=5 t_ms=14 layer=player action=Play phase=backend-call-begin url_hash=aaf78fb8 detail=-
[INFO] [media-trace] seq=5 t_ms=14 layer=libmpv action=Play phase=mutex-wait url_hash=aaf78fb8 detail=- url=<URL_REDACTED>
[INFO] [media-trace] seq=5 t_ms=14 layer=libmpv action=Play phase=mutex-acquired url_hash=aaf78fb8 detail=- url=<URL_REDACTED>
[INFO] [media-trace] seq=5 t_ms=14 layer=libmpv action=Play phase=deferred url_hash=aaf78fb8 detail=waiting-file-loaded url=<URL_REDACTED>
[INFO] [media-trace] seq=5 t_ms=14 layer=player action=Play phase=backend-call-done url_hash=aaf78fb8 detail=ok
[INFO] [media-trace] seq=5 t_ms=14 layer=player action=Play phase=snapshot-refresh-begin url_hash=aaf78fb8 detail=-
[INFO] [media-trace] seq=5 t_ms=14 layer=player action=Play phase=snapshot-refresh-done url_hash=aaf78fb8 detail=-
[INFO] [media-trace] seq=5 t_ms=14 layer=player action=Play phase=backend-wakeup-begin url_hash=aaf78fb8 detail=-
[INFO] [media-trace] seq=5 t_ms=14 layer=player action=Play phase=backend-wakeup-done url_hash=aaf78fb8 detail=-
[INFO] [media-trace] seq=5 t_ms=14 layer=soap action=Play phase=done url_hash=aaf78fb8 detail=1 url=<URL_REDACTED>
[INFO] [soap] assert_http_200 service=AVTransport action=Play handler=avtransport_play
[INFO] [protocol-coordinator] revision=10->11 state=media-active->media-active iptv=running->running dlna=running->running airplay=running->running owner=dlna->dlna token=1 generation=6 pin_visible=0 airplay_running=1 airplay_starting=0 status=Ready for AirPlay video
[INFO] [player-view] desired_view=video state=LOADING has_media=1 uri=<URL_REDACTED>
[INFO] [player-view] active_view=video frame=9520
[INFO] [input] active_view=video state=loading media=1 snapshot=1
[INFO] [soap] soap_call "AVTransport" "GetPositionInfo" <InstanceID>0</InstanceID>
[INFO] [soap] assert_http_200 service=AVTransport action=GetPositionInfo handler=avtransport_get_position_info
[INFO] [soap] soap_call "AVTransport" "GetTransportInfo" <InstanceID>0</InstanceID>
[INFO] [soap] assert_http_200 service=AVTransport action=GetTransportInfo handler=avtransport_get_transport_info
[WARN] [player-libmpv][ffmpeg] http: Will reconnect at 0 in 0 second(s), error=Connection reset by peer.
[INFO] [soap] soap_call "AVTransport" "GetTransportInfo" <InstanceID>0</InstanceID>
[INFO] [soap] assert_http_200 service=AVTransport action=GetTransportInfo handler=avtransport_get_transport_info
[INFO] [soap] soap_call "AVTransport" "GetPositionInfo" <InstanceID>0</InstanceID>
[INFO] [soap] assert_http_200 service=AVTransport action=GetPositionInfo handler=avtransport_get_position_info
[WARN] [player-libmpv][ffmpeg] http: Will reconnect at 0 in 1 second(s), error=Connection reset by peer.
[INFO] [runtime-heartbeat] t_ms=24252613 frame=9605 view=video player_state=loading media=1 return_home_pending=0 protocol_state=media-active owner=dlna generation=6 service_workers=0,0,0 service_age_ms=165807,165803,165803 media_queue=0 media_high=1 media_command=0 media_kind=0 media_producer=0 media_token=0 media_generation=0 media_command_age_ms=0 media_heartbeat_age_ms=4 media_full=0 media_stale=0 media_timeout=0 media_coalesced=0 media_accepting=1 media_lifecycle=0,1,0,1 log_queue=0 enqueued=1114 processed=1114 log_high=29 log_heartbeat_age_ms=254 log_waiting=1 queue_dropped=0 mirror_dropped=0 mirror_failures=0 mirror=1 worker=1 mdns_phase=waiting mdns_mode=3 mdns_running=1 mdns_socket=1 mdns_heartbeat_age_ms=46 mdns_select=844 mdns_recv=26 mdns_sent=0
[INFO] [soap] soap_call "AVTransport" "GetTransportInfo" <InstanceID>0</InstanceID>
[INFO] [soap] assert_http_200 service=AVTransport action=GetTransportInfo handler=avtransport_get_transport_info
[INFO] [soap] soap_call "AVTransport" "GetPositionInfo" <InstanceID>0</InstanceID>
[INFO] [soap] assert_http_200 service=AVTransport action=GetPositionInfo handler=avtransport_get_position_info
[WARN] [player-libmpv][ffmpeg] http: Will reconnect at 0 in 3 second(s), error=Connection reset by peer.
[INFO] [soap] soap_call "AVTransport" "GetPositionInfo" <InstanceID>0</InstanceID>
[INFO] [soap] assert_http_200 service=AVTransport action=GetPositionInfo handler=avtransport_get_position_info
[INFO] [soap] soap_call "AVTransport" "GetTransportInfo" <InstanceID>0</InstanceID>
[INFO] [soap] assert_http_200 service=AVTransport action=GetTransportInfo handler=avtransport_get_transport_info
[INFO] [runtime-heartbeat] t_ms=24254613 frame=9725 view=video player_state=loading media=1 return_home_pending=0 protocol_state=media-active owner=dlna generation=6 service_workers=0,0,0 service_age_ms=167807,167803,167803 media_queue=0 media_high=1 media_command=0 media_kind=0 media_producer=0 media_token=0 media_generation=0 media_command_age_ms=0 media_heartbeat_age_ms=8 media_full=0 media_stale=0 media_timeout=0 media_coalesced=0 media_accepting=1 media_lifecycle=0,1,0,1 log_queue=0 enqueued=1124 processed=1124 log_high=29 log_heartbeat_age_ms=381 log_waiting=1 queue_dropped=0 mirror_dropped=0 mirror_failures=0 mirror=1 worker=1 mdns_phase=waiting mdns_mode=3 mdns_running=1 mdns_socket=1 mdns_heartbeat_age_ms=46 mdns_select=854 mdns_recv=26 mdns_sent=0
[INFO] [soap] soap_call "AVTransport" "GetTransportInfo" <InstanceID>0</InstanceID>
[INFO] [soap] assert_http_200 service=AVTransport action=GetTransportInfo handler=avtransport_get_transport_info
[INFO] [soap] soap_call "AVTransport" "GetPositionInfo" <InstanceID>0</InstanceID>
[INFO] [soap] assert_http_200 service=AVTransport action=GetPositionInfo handler=avtransport_get_position_info
[INFO] [soap] soap_call "AVTransport" "GetPositionInfo" <InstanceID>0</InstanceID>
[INFO] [soap] assert_http_200 service=AVTransport action=GetPositionInfo handler=avtransport_get_position_info
[INFO] [soap] soap_call "AVTransport" "GetTransportInfo" <InstanceID>0</InstanceID>
[INFO] [soap] assert_http_200 service=AVTransport action=GetTransportInfo handler=avtransport_get_transport_info
[INFO] [runtime-heartbeat] t_ms=24256613 frame=9845 view=video player_state=loading media=1 return_home_pending=0 protocol_state=media-active owner=dlna generation=6 service_workers=0,0,0 service_age_ms=169807,169803,169803 media_queue=0 media_high=1 media_command=0 media_kind=0 media_producer=0 media_token=0 media_generation=0 media_command_age_ms=0 media_heartbeat_age_ms=7 media_full=0 media_stale=0 media_timeout=0 media_coalesced=0 media_accepting=1 media_lifecycle=0,1,0,1 log_queue=0 enqueued=1133 processed=1133 log_high=29 log_heartbeat_age_ms=190 log_waiting=1 queue_dropped=0 mirror_dropped=0 mirror_failures=0 mirror=1 worker=1 mdns_phase=waiting mdns_mode=3 mdns_running=1 mdns_socket=1 mdns_heartbeat_age_ms=37 mdns_select=865 mdns_recv=27 mdns_sent=0
[INFO] [player-libmpv][cplayer]  (+) Video --vid=1 (*) (h264 1280x720 30.000fps)
[INFO] [player-libmpv][cplayer]  (+) Audio --aid=1 (*) (aac 2ch 48000Hz)
[INFO] [player-libmpv][display-tags] File tags:
[INFO] [player-libmpv][display-tags]  Description: Bilibili VXCode Swarm Transcoder v1.3.30
[INFO] [media-trace] seq=5 t_ms=6016 layer=libmpv action=mpv-file-loaded phase=event url_hash=aaf78fb8 detail=- url=<URL_REDACTED>
[INFO] [player-libmpv] file-loaded uri=<URL_REDACTED>
[INFO] [media-trace] seq=5 t_ms=6016 layer=libmpv action=Play phase=dispatch url_hash=aaf78fb8 detail=file-loaded-autoplay url=<URL_REDACTED>
[INFO] [soap] soap_call "AVTransport" "GetTransportInfo" <InstanceID>0</InstanceID>
[INFO] [soap] assert_http_200 service=AVTransport action=GetTransportInfo handler=avtransport_get_transport_info
[INFO] [soap] soap_call "AVTransport" "GetPositionInfo" <InstanceID>0</InstanceID>
[INFO] [soap] assert_http_200 service=AVTransport action=GetPositionInfo handler=avtransport_get_position_info
[INFO] [player-libmpv][cplayer] AO: [hos] 48000Hz stereo 2ch s16
[INFO] [player-libmpv][cplayer] VO: [libmpv] 1280x720 yuv420p
[INFO] [media-trace] seq=5 t_ms=6311 layer=libmpv action=mpv-playback-restart phase=event url_hash=aaf78fb8 detail=- url=<URL_REDACTED>
[INFO] [media-trace] seq=5 t_ms=6311 layer=libmpv action=startup-gate phase=seek-window url_hash=aaf78fb8 detail=open url=<URL_REDACTED>
[INFO] [media-trace] seq=5 t_ms=6666 layer=libmpv action=startup-gate phase=released url_hash=aaf78fb8 detail=initial-seek-window-expired url=<URL_REDACTED>
[INFO] [media-trace] seq=5 t_ms=6722 layer=render action=first-frame phase=presented url_hash=aaf78fb8 frame=9920 presented=9920
[INFO] [soap] soap_call "AVTransport" "GetPositionInfo" <InstanceID>0</InstanceID>
[INFO] [soap] assert_http_200 service=AVTransport action=GetPositionInfo handler=avtransport_get_position_info
[INFO] [soap] soap_call "AVTransport" "GetTransportInfo" <InstanceID>0</InstanceID>
[INFO] [soap] assert_http_200 service=AVTransport action=GetTransportInfo handler=avtransport_get_transport_info
[INFO] [runtime-heartbeat] t_ms=24258616 frame=9951 view=video player_state=playing media=1 return_home_pending=0 protocol_state=media-active owner=dlna generation=6 service_workers=0,0,0 service_age_ms=171810,171806,171806 media_queue=0 media_high=1 media_command=0 media_kind=0 media_producer=0 media_token=0 media_generation=0 media_command_age_ms=0 media_heartbeat_age_ms=0 media_full=0 media_stale=0 media_timeout=0 media_coalesced=0 media_accepting=1 media_lifecycle=0,1,0,1 log_queue=0 enqueued=1155 processed=1155 log_high=29 log_heartbeat_age_ms=372 log_waiting=1 queue_dropped=0 mirror_dropped=0 mirror_failures=0 mirror=1 worker=1 mdns_phase=waiting mdns_mode=3 mdns_running=1 mdns_socket=1 mdns_heartbeat_age_ms=39 mdns_select=875 mdns_recv=27 mdns_sent=0
[INFO] [soap] soap_call "AVTransport" "GetPositionInfo" <InstanceID>0</InstanceID>
[INFO] [soap] assert_http_200 service=AVTransport action=GetPositionInfo handler=avtransport_get_position_info
[INFO] [soap] soap_call "AVTransport" "GetTransportInfo" <InstanceID>0</InstanceID>
[INFO] [soap] assert_http_200 service=AVTransport action=GetTransportInfo handler=avtransport_get_transport_info
[INFO] [soap] soap_call "AVTransport" "Seek" <InstanceID>0</InstanceID> <Unit>REL_TIME</Unit> <Target>0:02:30</Target>
[INFO] [media-trace] seq=5 t_ms=8043 layer=soap action=Seek phase=begin url_hash=aaf78fb8 detail=00:02:30 url=<URL_REDACTED>
[INFO] [media-trace] seq=5 t_ms=8043 layer=libmpv action=Seek phase=dispatch url_hash=aaf78fb8 detail=150.000 url=<URL_REDACTED>
[INFO] [media-trace] seq=5 t_ms=8043 layer=soap action=Seek phase=done url_hash=aaf78fb8 detail=00:02:30 url=<URL_REDACTED>
[INFO] [soap] assert_http_200 service=AVTransport action=Seek handler=avtransport_seek
[ERROR] [player-libmpv][ffmpeg] http: Stream ends prematurely at 25328122, should be 39929037
[WARN] [player-libmpv][ffmpeg] http: Will reconnect at 25328122 in 0 second(s), error=I/O error.
[ERROR] [player-libmpv][ffmpeg] http: Stream ends prematurely at 25328122, should be 39929037
[WARN] [player-libmpv][ffmpeg] http: Will reconnect at 25328122 in 1 second(s), error=I/O error.
[INFO] [soap] soap_call "AVTransport" "GetTransportInfo" <InstanceID>0</InstanceID>
[INFO] [soap] assert_http_200 service=AVTransport action=GetTransportInfo handler=avtransport_get_transport_info
[INFO] [soap] soap_call "AVTransport" "GetPositionInfo" <InstanceID>0</InstanceID>
[INFO] [soap] assert_http_200 service=AVTransport action=GetPositionInfo handler=avtransport_get_position_info
[INFO] [runtime-heartbeat] t_ms=24260630 frame=10061 view=video player_state=seeking media=1 return_home_pending=0 protocol_state=media-active owner=dlna generation=6 service_workers=0,0,0 service_age_ms=173824,173820,173820 media_queue=0 media_high=1 media_command=0 media_kind=0 media_producer=0 media_token=0 media_generation=0 media_command_age_ms=0 media_heartbeat_age_ms=8 media_full=0 media_stale=0 media_timeout=0 media_coalesced=0 media_accepting=1 media_lifecycle=0,1,0,1 log_queue=0 enqueued=1173 processed=1173 log_high=29 log_heartbeat_age_ms=398 log_waiting=1 queue_dropped=0 mirror_dropped=0 mirror_failures=0 mirror=1 worker=1 mdns_phase=waiting mdns_mode=3 mdns_running=1 mdns_socket=1 mdns_heartbeat_age_ms=52 mdns_select=885 mdns_recv=27 mdns_sent=0
[INFO] [soap] soap_call "AVTransport" "GetPositionInfo" <InstanceID>0</InstanceID>
[INFO] [soap] assert_http_200 service=AVTransport action=GetPositionInfo handler=avtransport_get_position_info
[INFO] [soap] soap_call "AVTransport" "GetTransportInfo" <InstanceID>0</InstanceID>
[INFO] [soap] assert_http_200 service=AVTransport action=GetTransportInfo handler=avtransport_get_transport_info
[INFO] [soap] soap_call "AVTransport" "GetPositionInfo" <InstanceID>0</InstanceID>
[INFO] [soap] assert_http_200 service=AVTransport action=GetPositionInfo handler=avtransport_get_position_info
[INFO] [soap] soap_call "AVTransport" "GetTransportInfo" <InstanceID>0</InstanceID>
[INFO] [soap] assert_http_200 service=AVTransport action=GetTransportInfo handler=avtransport_get_transport_info
[ERROR] [player-libmpv][ffmpeg] http: Stream ends prematurely at 25328122, should be 39929037
[WARN] [player-libmpv][ffmpeg] http: Will reconnect at 25328122 in 3 second(s), error=I/O error.
[INFO] [runtime-heartbeat] t_ms=24262630 frame=10181 view=video player_state=seeking media=1 return_home_pending=0 protocol_state=media-active owner=dlna generation=6 service_workers=0,0,0 service_age_ms=175824,175820,175820 media_queue=0 media_high=1 media_command=0 media_kind=0 media_producer=0 media_token=0 media_generation=0 media_command_age_ms=0 media_heartbeat_age_ms=6 media_full=0 media_stale=0 media_timeout=0 media_coalesced=0 media_accepting=1 media_lifecycle=0,1,0,1 log_queue=0 enqueued=1184 processed=1184 log_high=29 log_heartbeat_age_ms=216 log_waiting=1 queue_dropped=0 mirror_dropped=0 mirror_failures=0 mirror=1 worker=1 mdns_phase=waiting mdns_mode=3 mdns_running=1 mdns_socket=1 mdns_heartbeat_age_ms=52 mdns_select=895 mdns_recv=27 mdns_sent=0
[INFO] [soap] soap_call "AVTransport" "GetPositionInfo" <InstanceID>0</InstanceID>
[INFO] [soap] assert_http_200 service=AVTransport action=GetPositionInfo handler=avtransport_get_position_info
[INFO] [soap] soap_call "AVTransport" "GetTransportInfo" <InstanceID>0</InstanceID>
[INFO] [soap] assert_http_200 service=AVTransport action=GetTransportInfo handler=avtransport_get_transport_info
[INFO] [soap] soap_call "AVTransport" "GetPositionInfo" <InstanceID>0</InstanceID>
[INFO] [soap] assert_http_200 service=AVTransport action=GetPositionInfo handler=avtransport_get_position_info
[INFO] [soap] soap_call "AVTransport" "GetTransportInfo" <InstanceID>0</InstanceID>
[INFO] [soap] assert_http_200 service=AVTransport action=GetTransportInfo handler=avtransport_get_transport_info
[INFO] [runtime-heartbeat] t_ms=24264630 frame=10301 view=video player_state=seeking media=1 return_home_pending=0 protocol_state=media-active owner=dlna generation=6 service_workers=0,0,0 service_age_ms=177824,177820,177820 media_queue=0 media_high=1 media_command=0 media_kind=0 media_producer=0 media_token=0 media_generation=0 media_command_age_ms=0 media_heartbeat_age_ms=5 media_full=0 media_stale=0 media_timeout=0 media_coalesced=0 media_accepting=1 media_lifecycle=0,1,0,1 log_queue=0 enqueued=1193 processed=1193 log_high=29 log_heartbeat_age_ms=312 log_waiting=1 queue_dropped=0 mirror_dropped=0 mirror_failures=0 mirror=1 worker=1 mdns_phase=waiting mdns_mode=3 mdns_running=1 mdns_socket=1 mdns_heartbeat_age_ms=51 mdns_select=905 mdns_recv=27 mdns_sent=0
[INFO] [soap] soap_call "AVTransport" "GetTransportInfo" <InstanceID>0</InstanceID>
[INFO] [soap] assert_http_200 service=AVTransport action=GetTransportInfo handler=avtransport_get_transport_info
[INFO] [soap] soap_call "AVTransport" "GetPositionInfo" <InstanceID>0</InstanceID>
[INFO] [soap] assert_http_200 service=AVTransport action=GetPositionInfo handler=avtransport_get_position_info
[INFO] [soap] soap_call "AVTransport" "GetTransportInfo" <InstanceID>0</InstanceID>
[INFO] [soap] assert_http_200 service=AVTransport action=GetTransportInfo handler=avtransport_get_transport_info
[INFO] [soap] soap_call "AVTransport" "GetPositionInfo" <InstanceID>0</InstanceID>
[INFO] [soap] assert_http_200 service=AVTransport action=GetPositionInfo handler=avtransport_get_position_info
[INFO] [runtime-heartbeat] t_ms=24266630 frame=10421 view=video player_state=seeking media=1 return_home_pending=0 protocol_state=media-active owner=dlna generation=6 service_workers=0,0,0 service_age_ms=179824,179820,179820 media_queue=0 media_high=1 media_command=0 media_kind=0 media_producer=0 media_token=0 media_generation=0 media_command_age_ms=0 media_heartbeat_age_ms=3 media_full=0 media_stale=0 media_timeout=0 media_coalesced=0 media_accepting=1 media_lifecycle=0,1,0,1 log_queue=0 enqueued=1202 processed=1202 log_high=29 log_heartbeat_age_ms=403 log_waiting=1 queue_dropped=0 mirror_dropped=0 mirror_failures=0 mirror=1 worker=1 mdns_phase=waiting mdns_mode=3 mdns_running=1 mdns_socket=1 mdns_heartbeat_age_ms=50 mdns_select=915 mdns_recv=27 mdns_sent=0
[INFO] [soap] soap_call "AVTransport" "GetTransportInfo" <InstanceID>0</InstanceID>
[INFO] [soap] assert_http_200 service=AVTransport action=GetTransportInfo handler=avtransport_get_transport_info
[INFO] [soap] soap_call "AVTransport" "GetPositionInfo" <InstanceID>0</InstanceID>
[INFO] [soap] assert_http_200 service=AVTransport action=GetPositionInfo handler=avtransport_get_position_info
[INFO] [soap] soap_call "AVTransport" "GetTransportInfo" <InstanceID>0</InstanceID>
[INFO] [soap] assert_http_200 service=AVTransport action=GetTransportInfo handler=avtransport_get_transport_info
[INFO] [soap] soap_call "AVTransport" "GetPositionInfo" <InstanceID>0</InstanceID>
[INFO] [soap] assert_http_200 service=AVTransport action=GetPositionInfo handler=avtransport_get_position_info
[INFO] [media-trace] seq=5 t_ms=17272 layer=libmpv action=mpv-playback-restart phase=event url_hash=aaf78fb8 detail=- url=<URL_REDACTED>
[INFO] [runtime-heartbeat] t_ms=24268647 frame=10538 view=video player_state=playing media=1 return_home_pending=0 protocol_state=media-active owner=dlna generation=6 service_workers=0,0,0 service_age_ms=181841,181837,181837 media_queue=0 media_high=1 media_command=0 media_kind=0 media_producer=0 media_token=0 media_generation=0 media_command_age_ms=0 media_heartbeat_age_ms=7 media_full=0 media_stale=0 media_timeout=0 media_coalesced=0 media_accepting=1 media_lifecycle=0,1,0,1 log_queue=0 enqueued=1212 processed=1212 log_high=29 log_heartbeat_age_ms=177 log_waiting=1 queue_dropped=0 mirror_dropped=0 mirror_failures=0 mirror=1 worker=1 mdns_phase=waiting mdns_mode=3 mdns_running=1 mdns_socket=1 mdns_heartbeat_age_ms=65 mdns_select=925 mdns_recv=27 mdns_sent=0
[INFO] [soap] soap_call "AVTransport" "GetTransportInfo" <InstanceID>0</InstanceID>
[INFO] [soap] assert_http_200 service=AVTransport action=GetTransportInfo handler=avtransport_get_transport_info
[INFO] [soap] soap_call "AVTransport" "GetPositionInfo" <InstanceID>0</InstanceID>
[INFO] [soap] assert_http_200 service=AVTransport action=GetPositionInfo handler=avtransport_get_position_info
[INFO] [soap] soap_call "AVTransport" "GetTransportInfo" <InstanceID>0</InstanceID>
[INFO] [soap] assert_http_200 service=AVTransport action=GetTransportInfo handler=avtransport_get_transport_info
[INFO] [soap] soap_call "AVTransport" "GetPositionInfo" <InstanceID>0</InstanceID>
[INFO] [soap] assert_http_200 service=AVTransport action=GetPositionInfo handler=avtransport_get_position_info
[INFO] [runtime-heartbeat] t_ms=24270647 frame=10640 view=video player_state=playing media=1 return_home_pending=0 protocol_state=media-active owner=dlna generation=6 service_workers=0,0,0 service_age_ms=183841,183837,183837 media_queue=0 media_high=1 media_command=0 media_kind=0 media_producer=0 media_token=0 media_generation=0 media_command_age_ms=0 media_heartbeat_age_ms=7 media_full=0 media_stale=0 media_timeout=0 media_coalesced=0 media_accepting=1 media_lifecycle=0,1,0,1 log_queue=0 enqueued=1221 processed=1221 log_high=29 log_heartbeat_age_ms=413 log_waiting=1 queue_dropped=0 mirror_dropped=0 mirror_failures=0 mirror=1 worker=1 mdns_phase=waiting mdns_mode=3 mdns_running=1 mdns_socket=1 mdns_heartbeat_age_ms=62 mdns_select=935 mdns_recv=27 mdns_sent=0
[INFO] [soap] soap_call "AVTransport" "Seek" <InstanceID>0</InstanceID> <Unit>REL_TIME</Unit> <Target>0:03:41</Target>
[INFO] [media-trace] seq=5 t_ms=19951 layer=soap action=Seek phase=begin url_hash=aaf78fb8 detail=00:03:41 url=<URL_REDACTED>
[INFO] [media-trace] seq=5 t_ms=19951 layer=libmpv action=Seek phase=dispatch url_hash=aaf78fb8 detail=221.000 url=<URL_REDACTED>
[INFO] [media-trace] seq=5 t_ms=19951 layer=soap action=Seek phase=done url_hash=aaf78fb8 detail=00:03:41 url=<URL_REDACTED>
[INFO] [soap] assert_http_200 service=AVTransport action=Seek handler=avtransport_seek
[INFO] [soap] soap_call "AVTransport" "Seek" <InstanceID>0</InstanceID> <Unit>REL_TIME</Unit> <Target>0:03:41</Target>
[INFO] [media-trace] seq=5 t_ms=19952 layer=soap action=Seek phase=begin url_hash=aaf78fb8 detail=00:03:41 url=<URL_REDACTED>
[INFO] [media-trace] seq=5 t_ms=19952 layer=libmpv action=Seek phase=dispatch url_hash=aaf78fb8 detail=221.000 url=<URL_REDACTED>
[INFO] [media-trace] seq=5 t_ms=19952 layer=soap action=Seek phase=done url_hash=aaf78fb8 detail=00:03:41 url=<URL_REDACTED>
[INFO] [soap] assert_http_200 service=AVTransport action=Seek handler=avtransport_seek
[INFO] [soap] soap_call "AVTransport" "GetPositionInfo" <InstanceID>0</InstanceID>
[INFO] [soap] assert_http_200 service=AVTransport action=GetPositionInfo handler=avtransport_get_position_info
[INFO] [soap] soap_call "AVTransport" "GetTransportInfo" <InstanceID>0</InstanceID>
[INFO] [soap] assert_http_200 service=AVTransport action=GetTransportInfo handler=avtransport_get_transport_info
[INFO] [soap] soap_call "AVTransport" "GetTransportInfo" <InstanceID>0</InstanceID>
[INFO] [soap] assert_http_200 service=AVTransport action=GetTransportInfo handler=avtransport_get_transport_info
[INFO] [soap] soap_call "AVTransport" "GetPositionInfo" <InstanceID>0</InstanceID>
[INFO] [soap] assert_http_200 service=AVTransport action=GetPositionInfo handler=avtransport_get_position_info
[INFO] [runtime-heartbeat] t_ms=24272663 frame=10756 view=video player_state=seeking media=1 return_home_pending=0 protocol_state=media-active owner=dlna generation=6 service_workers=0,0,0 service_age_ms=185857,185853,185853 media_queue=0 media_high=1 media_command=0 media_kind=0 media_producer=0 media_token=0 media_generation=0 media_command_age_ms=0 media_heartbeat_age_ms=9 media_full=0 media_stale=0 media_timeout=0 media_coalesced=0 media_accepting=1 media_lifecycle=0,1,0,1 log_queue=0 enqueued=1240 processed=1240 log_high=29 log_heartbeat_age_ms=320 log_waiting=1 queue_dropped=0 mirror_dropped=0 mirror_failures=0 mirror=1 worker=1 mdns_phase=waiting mdns_mode=3 mdns_running=1 mdns_socket=1 mdns_heartbeat_age_ms=77 mdns_select=945 mdns_recv=27 mdns_sent=0
[INFO] [soap] soap_call "AVTransport" "GetTransportInfo" <InstanceID>0</InstanceID>
[INFO] [soap] assert_http_200 service=AVTransport action=GetTransportInfo handler=avtransport_get_transport_info
[INFO] [soap] soap_call "AVTransport" "GetPositionInfo" <InstanceID>0</InstanceID>
[INFO] [soap] assert_http_200 service=AVTransport action=GetPositionInfo handler=avtransport_get_position_info
[INFO] [soap] soap_call "AVTransport" "GetTransportInfo" <InstanceID>0</InstanceID>
[INFO] [soap] assert_http_200 service=AVTransport action=GetTransportInfo handler=avtransport_get_transport_info
[INFO] [soap] soap_call "AVTransport" "GetPositionInfo" <InstanceID>0</InstanceID>
[INFO] [soap] assert_http_200 service=AVTransport action=GetPositionInfo handler=avtransport_get_position_info
[INFO] [runtime-heartbeat] t_ms=24274663 frame=10876 view=video player_state=seeking media=1 return_home_pending=0 protocol_state=media-active owner=dlna generation=6 service_workers=0,0,0 service_age_ms=187857,187853,187853 media_queue=0 media_high=1 media_command=0 media_kind=0 media_producer=0 media_token=0 media_generation=0 media_command_age_ms=0 media_heartbeat_age_ms=8 media_full=0 media_stale=0 media_timeout=0 media_coalesced=0 media_accepting=1 media_lifecycle=0,1,0,1 log_queue=0 enqueued=1249 processed=1249 log_high=29 log_heartbeat_age_ms=424 log_waiting=1 queue_dropped=0 mirror_dropped=0 mirror_failures=0 mirror=1 worker=1 mdns_phase=waiting mdns_mode=3 mdns_running=1 mdns_socket=1 mdns_heartbeat_age_ms=76 mdns_select=955 mdns_recv=27 mdns_sent=0
[INFO] [soap] soap_call "AVTransport" "GetPositionInfo" <InstanceID>0</InstanceID>
[INFO] [soap] assert_http_200 service=AVTransport action=GetPositionInfo handler=avtransport_get_position_info
[INFO] [soap] soap_call "AVTransport" "GetTransportInfo" <InstanceID>0</InstanceID>
[INFO] [soap] assert_http_200 service=AVTransport action=GetTransportInfo handler=avtransport_get_transport_info
[INFO] [soap] soap_call "AVTransport" "GetTransportInfo" <InstanceID>0</InstanceID>
[INFO] [soap] assert_http_200 service=AVTransport action=GetTransportInfo handler=avtransport_get_transport_info
[INFO] [soap] soap_call "AVTransport" "GetPositionInfo" <InstanceID>0</InstanceID>
[INFO] [soap] assert_http_200 service=AVTransport action=GetPositionInfo handler=avtransport_get_position_info
[INFO] [runtime-heartbeat] t_ms=24276663 frame=10996 view=video player_state=seeking media=1 return_home_pending=0 protocol_state=media-active owner=dlna generation=6 service_workers=0,0,0 service_age_ms=189857,189853,189853 media_queue=0 media_high=1 media_command=0 media_kind=0 media_producer=0 media_token=0 media_generation=0 media_command_age_ms=0 media_heartbeat_age_ms=6 media_full=0 media_stale=0 media_timeout=0 media_coalesced=0 media_accepting=1 media_lifecycle=0,1,0,1 log_queue=0 enqueued=1258 processed=1258 log_high=29 log_heartbeat_age_ms=374 log_waiting=1 queue_dropped=0 mirror_dropped=0 mirror_failures=0 mirror=1 worker=1 mdns_phase=waiting mdns_mode=3 mdns_running=1 mdns_socket=1 mdns_heartbeat_age_ms=76 mdns_select=965 mdns_recv=27 mdns_sent=0
[INFO] [soap] soap_call "AVTransport" "GetTransportInfo" <InstanceID>0</InstanceID>
[INFO] [soap] assert_http_200 service=AVTransport action=GetTransportInfo handler=avtransport_get_transport_info
[INFO] [soap] soap_call "AVTransport" "GetPositionInfo" <InstanceID>0</InstanceID>
[INFO] [soap] assert_http_200 service=AVTransport action=GetPositionInfo handler=avtransport_get_position_info
[INFO] [soap] soap_call "AVTransport" "GetTransportInfo" <InstanceID>0</InstanceID>
[INFO] [soap] assert_http_200 service=AVTransport action=GetTransportInfo handler=avtransport_get_transport_info
[INFO] [soap] soap_call "AVTransport" "GetPositionInfo" <InstanceID>0</InstanceID>
[INFO] [soap] assert_http_200 service=AVTransport action=GetPositionInfo handler=avtransport_get_position_info
[INFO] [runtime-heartbeat] t_ms=24278663 frame=11116 view=video player_state=seeking media=1 return_home_pending=0 protocol_state=media-active owner=dlna generation=6 service_workers=0,0,0 service_age_ms=191857,191853,191853 media_queue=0 media_high=1 media_command=0 media_kind=0 media_producer=0 media_token=0 media_generation=0 media_command_age_ms=0 media_heartbeat_age_ms=5 media_full=0 media_stale=0 media_timeout=0 media_coalesced=0 media_accepting=1 media_lifecycle=0,1,0,1 log_queue=0 enqueued=1267 processed=1267 log_high=29 log_heartbeat_age_ms=224 log_waiting=1 queue_dropped=0 mirror_dropped=0 mirror_failures=0 mirror=1 worker=1 mdns_phase=waiting mdns_mode=3 mdns_running=1 mdns_socket=1 mdns_heartbeat_age_ms=75 mdns_select=975 mdns_recv=27 mdns_sent=0
[INFO] [soap] soap_call "AVTransport" "GetTransportInfo" <InstanceID>0</InstanceID>
[INFO] [soap] assert_http_200 service=AVTransport action=GetTransportInfo handler=avtransport_get_transport_info
[INFO] [soap] soap_call "AVTransport" "GetPositionInfo" <InstanceID>0</InstanceID>
[INFO] [soap] assert_http_200 service=AVTransport action=GetPositionInfo handler=avtransport_get_position_info
[INFO] [soap] soap_call "AVTransport" "GetTransportInfo" <InstanceID>0</InstanceID>
[INFO] [soap] assert_http_200 service=AVTransport action=GetTransportInfo handler=avtransport_get_transport_info
[INFO] [soap] soap_call "AVTransport" "GetPositionInfo" <InstanceID>0</InstanceID>
[INFO] [soap] assert_http_200 service=AVTransport action=GetPositionInfo handler=avtransport_get_position_info
[INFO] [runtime-heartbeat] t_ms=24280663 frame=11236 view=video player_state=seeking media=1 return_home_pending=0 protocol_state=media-active owner=dlna generation=6 service_workers=0,0,0 service_age_ms=193857,193853,193853 media_queue=0 media_high=1 media_command=0 media_kind=0 media_producer=0 media_token=0 media_generation=0 media_command_age_ms=0 media_heartbeat_age_ms=4 media_full=0 media_stale=0 media_timeout=0 media_coalesced=0 media_accepting=1 media_lifecycle=0,1,0,1 log_queue=0 enqueued=1276 processed=1276 log_high=29 log_heartbeat_age_ms=380 log_waiting=1 queue_dropped=0 mirror_dropped=0 mirror_failures=0 mirror=1 worker=1 mdns_phase=waiting mdns_mode=3 mdns_running=1 mdns_socket=1 mdns_heartbeat_age_ms=75 mdns_select=985 mdns_recv=27 mdns_sent=0
[INFO] [soap] soap_call "AVTransport" "GetTransportInfo" <InstanceID>0</InstanceID>
[INFO] [soap] assert_http_200 service=AVTransport action=GetTransportInfo handler=avtransport_get_transport_info
[INFO] [soap] soap_call "AVTransport" "GetPositionInfo" <InstanceID>0</InstanceID>
[INFO] [soap] assert_http_200 service=AVTransport action=GetPositionInfo handler=avtransport_get_position_info
[INFO] [soap] soap_call "AVTransport" "GetTransportInfo" <InstanceID>0</InstanceID>
[INFO] [soap] assert_http_200 service=AVTransport action=GetTransportInfo handler=avtransport_get_transport_info
[INFO] [soap] soap_call "AVTransport" "GetPositionInfo" <InstanceID>0</InstanceID>
[INFO] [soap] assert_http_200 service=AVTransport action=GetPositionInfo handler=avtransport_get_position_info
[INFO] [runtime-heartbeat] t_ms=24282663 frame=11356 view=video player_state=seeking media=1 return_home_pending=0 protocol_state=media-active owner=dlna generation=6 service_workers=0,0,0 service_age_ms=195857,195853,195853 media_queue=0 media_high=1 media_command=0 media_kind=0 media_producer=0 media_token=0 media_generation=0 media_command_age_ms=0 media_heartbeat_age_ms=2 media_full=0 media_stale=0 media_timeout=0 media_coalesced=0 media_accepting=1 media_lifecycle=0,1,0,1 log_queue=0 enqueued=1285 processed=1285 log_high=29 log_heartbeat_age_ms=430 log_waiting=1 queue_dropped=0 mirror_dropped=0 mirror_failures=0 mirror=1 worker=1 mdns_phase=waiting mdns_mode=3 mdns_running=1 mdns_socket=1 mdns_heartbeat_age_ms=54 mdns_select=996 mdns_recv=28 mdns_sent=0
[INFO] [soap] soap_call "AVTransport" "GetTransportInfo" <InstanceID>0</InstanceID>
[INFO] [soap] assert_http_200 service=AVTransport action=GetTransportInfo handler=avtransport_get_transport_info
[INFO] [soap] soap_call "AVTransport" "GetPositionInfo" <InstanceID>0</InstanceID>
[INFO] [soap] assert_http_200 service=AVTransport action=GetPositionInfo handler=avtransport_get_position_info
[INFO] [soap] soap_call "AVTransport" "GetPositionInfo" <InstanceID>0</InstanceID>
[INFO] [soap] assert_http_200 service=AVTransport action=GetPositionInfo handler=avtransport_get_position_info
[INFO] [soap] soap_call "AVTransport" "GetTransportInfo" <InstanceID>0</InstanceID>
[INFO] [soap] assert_http_200 service=AVTransport action=GetTransportInfo handler=avtransport_get_transport_info
[INFO] [runtime-heartbeat] t_ms=24284663 frame=11476 view=video player_state=seeking media=1 return_home_pending=0 protocol_state=media-active owner=dlna generation=6 service_workers=0,0,0 service_age_ms=197857,197853,197853 media_queue=0 media_high=1 media_command=0 media_kind=0 media_producer=0 media_token=0 media_generation=0 media_command_age_ms=0 media_heartbeat_age_ms=1 media_full=0 media_stale=0 media_timeout=0 media_coalesced=0 media_accepting=1 media_lifecycle=0,1,0,1 log_queue=0 enqueued=1294 processed=1294 log_high=29 log_heartbeat_age_ms=388 log_waiting=1 queue_dropped=0 mirror_dropped=0 mirror_failures=0 mirror=1 worker=1 mdns_phase=waiting mdns_mode=3 mdns_running=1 mdns_socket=1 mdns_heartbeat_age_ms=53 mdns_select=1006 mdns_recv=28 mdns_sent=0
[INFO] [soap] soap_call "AVTransport" "GetPositionInfo" <InstanceID>0</InstanceID>
[INFO] [soap] assert_http_200 service=AVTransport action=GetPositionInfo handler=avtransport_get_position_info
[INFO] [soap] soap_call "AVTransport" "GetTransportInfo" <InstanceID>0</InstanceID>
[INFO] [soap] assert_http_200 service=AVTransport action=GetTransportInfo handler=avtransport_get_transport_info
[INFO] [soap] soap_call "AVTransport" "GetPositionInfo" <InstanceID>0</InstanceID>
[INFO] [soap] assert_http_200 service=AVTransport action=GetPositionInfo handler=avtransport_get_position_info
[INFO] [soap] soap_call "AVTransport" "GetTransportInfo" <InstanceID>0</InstanceID>
[INFO] [soap] assert_http_200 service=AVTransport action=GetTransportInfo handler=avtransport_get_transport_info
[INFO] [runtime-heartbeat] t_ms=24286663 frame=11596 view=video player_state=seeking media=1 return_home_pending=0 protocol_state=media-active owner=dlna generation=6 service_workers=0,0,0 service_age_ms=199857,199853,199853 media_queue=0 media_high=1 media_command=0 media_kind=0 media_producer=0 media_token=0 media_generation=0 media_command_age_ms=0 media_heartbeat_age_ms=10 media_full=0 media_stale=0 media_timeout=0 media_coalesced=0 media_accepting=1 media_lifecycle=0,1,0,1 log_queue=0 enqueued=1303 processed=1303 log_high=29 log_heartbeat_age_ms=238 log_waiting=1 queue_dropped=0 mirror_dropped=0 mirror_failures=0 mirror=1 worker=1 mdns_phase=waiting mdns_mode=3 mdns_running=1 mdns_socket=1 mdns_heartbeat_age_ms=52 mdns_select=1016 mdns_recv=28 mdns_sent=0
[INFO] [soap] soap_call "AVTransport" "GetTransportInfo" <InstanceID>0</InstanceID>
[INFO] [soap] assert_http_200 service=AVTransport action=GetTransportInfo handler=avtransport_get_transport_info
[INFO] [soap] soap_call "AVTransport" "GetPositionInfo" <InstanceID>0</InstanceID>
[INFO] [soap] assert_http_200 service=AVTransport action=GetPositionInfo handler=avtransport_get_position_info
[INFO] [soap] soap_call "AVTransport" "GetTransportInfo" <InstanceID>0</InstanceID>
[INFO] [soap] assert_http_200 service=AVTransport action=GetTransportInfo handler=avtransport_get_transport_info
[INFO] [soap] soap_call "AVTransport" "GetPositionInfo" <InstanceID>0</InstanceID>
[INFO] [soap] assert_http_200 service=AVTransport action=GetPositionInfo handler=avtransport_get_position_info
[INFO] [runtime-heartbeat] t_ms=24288663 frame=11716 view=video player_state=seeking media=1 return_home_pending=0 protocol_state=media-active owner=dlna generation=6 service_workers=0,0,0 service_age_ms=201857,201853,201853 media_queue=0 media_high=1 media_command=0 media_kind=0 media_producer=0 media_token=0 media_generation=0 media_command_age_ms=0 media_heartbeat_age_ms=9 media_full=0 media_stale=0 media_timeout=0 media_coalesced=0 media_accepting=1 media_lifecycle=0,1,0,1 log_queue=0 enqueued=1312 processed=1312 log_high=29 log_heartbeat_age_ms=436 log_waiting=1 queue_dropped=0 mirror_dropped=0 mirror_failures=0 mirror=1 worker=1 mdns_phase=waiting mdns_mode=3 mdns_running=1 mdns_socket=1 mdns_heartbeat_age_ms=52 mdns_select=1026 mdns_recv=28 mdns_sent=0
[ERROR] [player-libmpv][ffmpeg] http: Stream ends prematurely at 34625941, should be 39929037
[WARN] [player-libmpv][ffmpeg] http: Will reconnect at 34625941 in 0 second(s), error=I/O error.
[INFO] [soap] soap_call "AVTransport" "GetPositionInfo" <InstanceID>0</InstanceID>
[INFO] [soap] assert_http_200 service=AVTransport action=GetPositionInfo handler=avtransport_get_position_info
[INFO] [soap] soap_call "AVTransport" "GetTransportInfo" <InstanceID>0</InstanceID>
[INFO] [soap] assert_http_200 service=AVTransport action=GetTransportInfo handler=avtransport_get_transport_info
[INFO] [soap] soap_call "AVTransport" "GetTransportInfo" <InstanceID>0</InstanceID>
[INFO] [soap] assert_http_200 service=AVTransport action=GetTransportInfo handler=avtransport_get_transport_info
[INFO] [soap] soap_call "AVTransport" "GetPositionInfo" <InstanceID>0</InstanceID>
[INFO] [soap] assert_http_200 service=AVTransport action=GetPositionInfo handler=avtransport_get_position_info
[INFO] [runtime-heartbeat] t_ms=24290663 frame=11836 view=video player_state=seeking media=1 return_home_pending=0 protocol_state=media-active owner=dlna generation=6 service_workers=0,0,0 service_age_ms=203857,203853,203853 media_queue=0 media_high=1 media_command=0 media_kind=0 media_producer=0 media_token=0 media_generation=0 media_command_age_ms=0 media_heartbeat_age_ms=10 media_full=0 media_stale=0 media_timeout=0 media_coalesced=0 media_accepting=1 media_lifecycle=0,1,0,1 log_queue=0 enqueued=1323 processed=1323 log_high=29 log_heartbeat_age_ms=431 log_waiting=1 queue_dropped=0 mirror_dropped=0 mirror_failures=0 mirror=1 worker=1 mdns_phase=waiting mdns_mode=3 mdns_running=1 mdns_socket=1 mdns_heartbeat_age_ms=51 mdns_select=1036 mdns_recv=28 mdns_sent=0
[ERROR] [player-libmpv][ffmpeg] http: Stream ends prematurely at 34625941, should be 39929037
[WARN] [player-libmpv][ffmpeg] http: Will reconnect at 34625941 in 1 second(s), error=I/O error.
[INFO] [soap] soap_call "AVTransport" "GetTransportInfo" <InstanceID>0</InstanceID>
[INFO] [soap] assert_http_200 service=AVTransport action=GetTransportInfo handler=avtransport_get_transport_info
[INFO] [soap] soap_call "AVTransport" "GetPositionInfo" <InstanceID>0</InstanceID>
[INFO] [soap] assert_http_200 service=AVTransport action=GetPositionInfo handler=avtransport_get_position_info
[INFO] [soap] soap_call "AVTransport" "GetTransportInfo" <InstanceID>0</InstanceID>
[INFO] [soap] assert_http_200 service=AVTransport action=GetTransportInfo handler=avtransport_get_transport_info
[INFO] [soap] soap_call "AVTransport" "GetPositionInfo" <InstanceID>0</InstanceID>
[INFO] [soap] assert_http_200 service=AVTransport action=GetPositionInfo handler=avtransport_get_position_info
[INFO] [runtime-heartbeat] t_ms=24292663 frame=11956 view=video player_state=seeking media=1 return_home_pending=0 protocol_state=media-active owner=dlna generation=6 service_workers=0,0,0 service_age_ms=205857,205853,205853 media_queue=0 media_high=1 media_command=0 media_kind=0 media_producer=0 media_token=0 media_generation=0 media_command_age_ms=0 media_heartbeat_age_ms=3 media_full=0 media_stale=0 media_timeout=0 media_coalesced=0 media_accepting=1 media_lifecycle=0,1,0,1 log_queue=0 enqueued=1334 processed=1334 log_high=29 log_heartbeat_age_ms=432 log_waiting=1 queue_dropped=0 mirror_dropped=0 mirror_failures=0 mirror=1 worker=1 mdns_phase=waiting mdns_mode=3 mdns_running=1 mdns_socket=1 mdns_heartbeat_age_ms=51 mdns_select=1046 mdns_recv=28 mdns_sent=0
[INFO] [soap] soap_call "AVTransport" "GetPositionInfo" <InstanceID>0</InstanceID>
[INFO] [soap] assert_http_200 service=AVTransport action=GetPositionInfo handler=avtransport_get_position_info
[INFO] [soap] soap_call "AVTransport" "GetTransportInfo" <InstanceID>0</InstanceID>
[INFO] [soap] assert_http_200 service=AVTransport action=GetTransportInfo handler=avtransport_get_transport_info
[INFO] [soap] soap_call "AVTransport" "GetTransportInfo" <InstanceID>0</InstanceID>
[INFO] [soap] assert_http_200 service=AVTransport action=GetTransportInfo handler=avtransport_get_transport_info
[INFO] [soap] soap_call "AVTransport" "GetPositionInfo" <InstanceID>0</InstanceID>
[INFO] [soap] assert_http_200 service=AVTransport action=GetPositionInfo handler=avtransport_get_position_info
[INFO] [runtime-heartbeat] t_ms=24294663 frame=12076 view=video player_state=seeking media=1 return_home_pending=0 protocol_state=media-active owner=dlna generation=6 service_workers=0,0,0 service_age_ms=207857,207853,207853 media_queue=0 media_high=1 media_command=0 media_kind=0 media_producer=0 media_token=0 media_generation=0 media_command_age_ms=0 media_heartbeat_age_ms=2 media_full=0 media_stale=0 media_timeout=0 media_coalesced=0 media_accepting=1 media_lifecycle=0,1,0,1 log_queue=0 enqueued=1343 processed=1343 log_high=29 log_heartbeat_age_ms=351 log_waiting=1 queue_dropped=0 mirror_dropped=0 mirror_failures=0 mirror=1 worker=1 mdns_phase=waiting mdns_mode=3 mdns_running=1 mdns_socket=1 mdns_heartbeat_age_ms=49 mdns_select=1056 mdns_recv=28 mdns_sent=0
[INFO] [soap] soap_call "AVTransport" "GetTransportInfo" <InstanceID>0</InstanceID>
[INFO] [soap] assert_http_200 service=AVTransport action=GetTransportInfo handler=avtransport_get_transport_info
[INFO] [soap] soap_call "AVTransport" "GetPositionInfo" <InstanceID>0</InstanceID>
[INFO] [soap] assert_http_200 service=AVTransport action=GetPositionInfo handler=avtransport_get_position_info
[INFO] [soap] soap_call "AVTransport" "GetPositionInfo" <InstanceID>0</InstanceID>
[INFO] [soap] assert_http_200 service=AVTransport action=GetPositionInfo handler=avtransport_get_position_info
[INFO] [soap] soap_call "AVTransport" "GetTransportInfo" <InstanceID>0</InstanceID>
[INFO] [soap] assert_http_200 service=AVTransport action=GetTransportInfo handler=avtransport_get_transport_info
[INFO] [runtime-heartbeat] t_ms=24296663 frame=12196 view=video player_state=seeking media=1 return_home_pending=0 protocol_state=media-active owner=dlna generation=6 service_workers=0,0,0 service_age_ms=209857,209853,209853 media_queue=0 media_high=1 media_command=0 media_kind=0 media_producer=0 media_token=0 media_generation=0 media_command_age_ms=0 media_heartbeat_age_ms=1 media_full=0 media_stale=0 media_timeout=0 media_coalesced=0 media_accepting=1 media_lifecycle=0,1,0,1 log_queue=0 enqueued=1352 processed=1352 log_high=29 log_heartbeat_age_ms=407 log_waiting=1 queue_dropped=0 mirror_dropped=0 mirror_failures=0 mirror=1 worker=1 mdns_phase=waiting mdns_mode=3 mdns_running=1 mdns_socket=1 mdns_heartbeat_age_ms=49 mdns_select=1066 mdns_recv=28 mdns_sent=0
[INFO] [media-trace] seq=5 t_ms=46014 layer=libmpv action=mpv-playback-restart phase=event url_hash=aaf78fb8 detail=- url=<URL_REDACTED>
[INFO] [soap] soap_call "AVTransport" "GetTransportInfo" <InstanceID>0</InstanceID>
[INFO] [soap] assert_http_200 service=AVTransport action=GetTransportInfo handler=avtransport_get_transport_info
[INFO] [soap] soap_call "AVTransport" "GetPositionInfo" <InstanceID>0</InstanceID>
[INFO] [soap] assert_http_200 service=AVTransport action=GetPositionInfo handler=avtransport_get_position_info
[INFO] [soap] soap_call "AVTransport" "GetPositionInfo" <InstanceID>0</InstanceID>
[INFO] [soap] assert_http_200 service=AVTransport action=GetPositionInfo handler=avtransport_get_position_info
[INFO] [soap] soap_call "AVTransport" "GetTransportInfo" <InstanceID>0</InstanceID>
[INFO] [soap] assert_http_200 service=AVTransport action=GetTransportInfo handler=avtransport_get_transport_info
[INFO] [runtime-heartbeat] t_ms=24298663 frame=12308 view=video player_state=playing media=1 return_home_pending=0 protocol_state=media-active owner=dlna generation=6 service_workers=0,0,0 service_age_ms=211857,211853,211853 media_queue=0 media_high=1 media_command=0 media_kind=0 media_producer=0 media_token=0 media_generation=0 media_command_age_ms=0 media_heartbeat_age_ms=1 media_full=0 media_stale=0 media_timeout=0 media_coalesced=0 media_accepting=1 media_lifecycle=0,1,0,1 log_queue=0 enqueued=1362 processed=1362 log_high=29 log_heartbeat_age_ms=437 log_waiting=1 queue_dropped=0 mirror_dropped=0 mirror_failures=0 mirror=1 worker=1 mdns_phase=waiting mdns_mode=3 mdns_running=1 mdns_socket=1 mdns_heartbeat_age_ms=43 mdns_select=1076 mdns_recv=28 mdns_sent=0
[INFO] [soap] soap_call "AVTransport" "GetTransportInfo" <InstanceID>0</InstanceID>
[INFO] [soap] assert_http_200 service=AVTransport action=GetTransportInfo handler=avtransport_get_transport_info
[INFO] [soap] soap_call "AVTransport" "GetPositionInfo" <InstanceID>0</InstanceID>
[INFO] [soap] assert_http_200 service=AVTransport action=GetPositionInfo handler=avtransport_get_position_info
[INFO] [soap] soap_call "AVTransport" "GetTransportInfo" <InstanceID>0</InstanceID>
[INFO] [soap] assert_http_200 service=AVTransport action=GetTransportInfo handler=avtransport_get_transport_info
[INFO] [soap] soap_call "AVTransport" "GetPositionInfo" <InstanceID>0</InstanceID>
[INFO] [soap] assert_http_200 service=AVTransport action=GetPositionInfo handler=avtransport_get_position_info
[INFO] [runtime-heartbeat] t_ms=24300689 frame=12419 view=video player_state=playing media=1 return_home_pending=0 protocol_state=media-active owner=dlna generation=6 service_workers=0,0,0 service_age_ms=213883,213879,213879 media_queue=0 media_high=1 media_command=0 media_kind=0 media_producer=0 media_token=0 media_generation=0 media_command_age_ms=0 media_heartbeat_age_ms=5 media_full=0 media_stale=0 media_timeout=0 media_coalesced=0 media_accepting=1 media_lifecycle=0,1,0,1 log_queue=0 enqueued=1371 processed=1371 log_high=29 log_heartbeat_age_ms=461 log_waiting=1 queue_dropped=0 mirror_dropped=0 mirror_failures=0 mirror=1 worker=1 mdns_phase=waiting mdns_mode=3 mdns_running=1 mdns_socket=1 mdns_heartbeat_age_ms=63 mdns_select=1086 mdns_recv=28 mdns_sent=0
[INFO] [soap] soap_call "AVTransport" "GetTransportInfo" <InstanceID>0</InstanceID>
[INFO] [soap] assert_http_200 service=AVTransport action=GetTransportInfo handler=avtransport_get_transport_info
[INFO] [soap] soap_call "AVTransport" "GetPositionInfo" <InstanceID>0</InstanceID>
[INFO] [soap] assert_http_200 service=AVTransport action=GetPositionInfo handler=avtransport_get_position_info
[INFO] [soap] soap_call "AVTransport" "GetPositionInfo" <InstanceID>0</InstanceID>
[INFO] [soap] assert_http_200 service=AVTransport action=GetPositionInfo handler=avtransport_get_position_info
[INFO] [soap] soap_call "AVTransport" "GetTransportInfo" <InstanceID>0</InstanceID>
[INFO] [soap] assert_http_200 service=AVTransport action=GetTransportInfo handler=avtransport_get_transport_info
[INFO] [runtime-heartbeat] t_ms=24302697 frame=12530 view=video player_state=playing media=1 return_home_pending=0 protocol_state=media-active owner=dlna generation=6 service_workers=0,0,0 service_age_ms=215891,215887,215887 media_queue=0 media_high=1 media_command=0 media_kind=0 media_producer=0 media_token=0 media_generation=0 media_command_age_ms=0 media_heartbeat_age_ms=8 media_full=0 media_stale=0 media_timeout=0 media_coalesced=0 media_accepting=1 media_lifecycle=0,1,0,1 log_queue=0 enqueued=1380 processed=1380 log_high=29 log_heartbeat_age_ms=296 log_waiting=1 queue_dropped=0 mirror_dropped=0 mirror_failures=0 mirror=1 worker=1 mdns_phase=waiting mdns_mode=3 mdns_running=1 mdns_socket=1 mdns_heartbeat_age_ms=70 mdns_select=1096 mdns_recv=28 mdns_sent=0
[INFO] [soap] soap_call "AVTransport" "GetPositionInfo" <InstanceID>0</InstanceID>
[INFO] [soap] assert_http_200 service=AVTransport action=GetPositionInfo handler=avtransport_get_position_info
[INFO] [soap] soap_call "AVTransport" "GetTransportInfo" <InstanceID>0</InstanceID>
[INFO] [soap] assert_http_200 service=AVTransport action=GetTransportInfo handler=avtransport_get_transport_info
[INFO] [soap] soap_call "AVTransport" "GetPositionInfo" <InstanceID>0</InstanceID>
[INFO] [soap] assert_http_200 service=AVTransport action=GetPositionInfo handler=avtransport_get_position_info
[INFO] [soap] soap_call "AVTransport" "GetTransportInfo" <InstanceID>0</InstanceID>
[INFO] [soap] assert_http_200 service=AVTransport action=GetTransportInfo handler=avtransport_get_transport_info
[INFO] [runtime-heartbeat] t_ms=24304724 frame=12637 view=video player_state=playing media=1 return_home_pending=0 protocol_state=media-active owner=dlna generation=6 service_workers=0,0,0 service_age_ms=217918,217914,217914 media_queue=0 media_high=1 media_command=0 media_kind=0 media_producer=0 media_token=0 media_generation=0 media_command_age_ms=0 media_heartbeat_age_ms=5 media_full=0 media_stale=0 media_timeout=0 media_coalesced=0 media_accepting=1 media_lifecycle=0,1,0,1 log_queue=0 enqueued=1389 processed=1389 log_high=29 log_heartbeat_age_ms=481 log_waiting=1 queue_dropped=0 mirror_dropped=0 mirror_failures=0 mirror=1 worker=1 mdns_phase=waiting mdns_mode=3 mdns_running=1 mdns_socket=1 mdns_heartbeat_age_ms=96 mdns_select=1106 mdns_recv=28 mdns_sent=0
[INFO] [soap] soap_call "AVTransport" "GetTransportInfo" <InstanceID>0</InstanceID>
[INFO] [soap] assert_http_200 service=AVTransport action=GetTransportInfo handler=avtransport_get_transport_info
[INFO] [soap] soap_call "AVTransport" "GetPositionInfo" <InstanceID>0</InstanceID>
[INFO] [soap] assert_http_200 service=AVTransport action=GetPositionInfo handler=avtransport_get_position_info
[INFO] [soap] soap_call "AVTransport" "GetTransportInfo" <InstanceID>0</InstanceID>
[INFO] [soap] assert_http_200 service=AVTransport action=GetTransportInfo handler=avtransport_get_transport_info
[INFO] [soap] soap_call "AVTransport" "GetPositionInfo" <InstanceID>0</InstanceID>
[INFO] [soap] assert_http_200 service=AVTransport action=GetPositionInfo handler=avtransport_get_position_info
[INFO] [runtime-heartbeat] t_ms=24306730 frame=12756 view=video player_state=buffering media=1 return_home_pending=0 protocol_state=media-active owner=dlna generation=6 service_workers=0,0,0 service_age_ms=219924,219920,219920 media_queue=0 media_high=1 media_command=0 media_kind=0 media_producer=0 media_token=0 media_generation=0 media_command_age_ms=0 media_heartbeat_age_ms=6 media_full=0 media_stale=0 media_timeout=0 media_coalesced=0 media_accepting=1 media_lifecycle=0,1,0,1 log_queue=0 enqueued=1398 processed=1398 log_high=29 log_heartbeat_age_ms=337 log_waiting=1 queue_dropped=0 mirror_dropped=0 mirror_failures=0 mirror=1 worker=1 mdns_phase=waiting mdns_mode=3 mdns_running=1 mdns_socket=1 mdns_heartbeat_age_ms=101 mdns_select=1116 mdns_recv=28 mdns_sent=0
[INFO] [soap] soap_call "AVTransport" "GetPositionInfo" <InstanceID>0</InstanceID>
[INFO] [soap] assert_http_200 service=AVTransport action=GetPositionInfo handler=avtransport_get_position_info
[INFO] [soap] soap_call "AVTransport" "GetTransportInfo" <InstanceID>0</InstanceID>
[INFO] [soap] assert_http_200 service=AVTransport action=GetTransportInfo handler=avtransport_get_transport_info
[INFO] [soap] soap_call "AVTransport" "GetPositionInfo" <InstanceID>0</InstanceID>
[INFO] [soap] assert_http_200 service=AVTransport action=GetPositionInfo handler=avtransport_get_position_info
[INFO] [soap] soap_call "AVTransport" "GetTransportInfo" <InstanceID>0</InstanceID>
[INFO] [soap] assert_http_200 service=AVTransport action=GetTransportInfo handler=avtransport_get_transport_info
[INFO] [runtime-heartbeat] t_ms=24308730 frame=12876 view=video player_state=buffering media=1 return_home_pending=0 protocol_state=media-active owner=dlna generation=6 service_workers=0,0,0 service_age_ms=221924,221920,221920 media_queue=0 media_high=1 media_command=0 media_kind=0 media_producer=0 media_token=0 media_generation=0 media_command_age_ms=0 media_heartbeat_age_ms=5 media_full=0 media_stale=0 media_timeout=0 media_coalesced=0 media_accepting=1 media_lifecycle=0,1,0,1 log_queue=0 enqueued=1407 processed=1407 log_high=29 log_heartbeat_age_ms=502 log_waiting=1 queue_dropped=0 mirror_dropped=0 mirror_failures=0 mirror=1 worker=1 mdns_phase=waiting mdns_mode=3 mdns_running=1 mdns_socket=1 mdns_heartbeat_age_ms=99 mdns_select=1126 mdns_recv=28 mdns_sent=0
[INFO] [soap] soap_call "AVTransport" "GetTransportInfo" <InstanceID>0</InstanceID>
[INFO] [soap] assert_http_200 service=AVTransport action=GetTransportInfo handler=avtransport_get_transport_info
[INFO] [soap] soap_call "AVTransport" "GetPositionInfo" <InstanceID>0</InstanceID>
[INFO] [soap] assert_http_200 service=AVTransport action=GetPositionInfo handler=avtransport_get_position_info
[INFO] [soap] soap_call "AVTransport" "GetPositionInfo" <InstanceID>0</InstanceID>
[INFO] [soap] assert_http_200 service=AVTransport action=GetPositionInfo handler=avtransport_get_position_info
[INFO] [soap] soap_call "AVTransport" "GetTransportInfo" <InstanceID>0</InstanceID>
[INFO] [soap] assert_http_200 service=AVTransport action=GetTransportInfo handler=avtransport_get_transport_info
[INFO] [runtime-heartbeat] t_ms=24310730 frame=12996 view=video player_state=buffering media=1 return_home_pending=0 protocol_state=media-active owner=dlna generation=6 service_workers=0,0,0 service_age_ms=223924,223920,223920 media_queue=0 media_high=1 media_command=0 media_kind=0 media_producer=0 media_token=0 media_generation=0 media_command_age_ms=0 media_heartbeat_age_ms=3 media_full=0 media_stale=0 media_timeout=0 media_coalesced=0 media_accepting=1 media_lifecycle=0,1,0,1 log_queue=0 enqueued=1416 processed=1416 log_high=29 log_heartbeat_age_ms=445 log_waiting=1 queue_dropped=0 mirror_dropped=0 mirror_failures=0 mirror=1 worker=1 mdns_phase=waiting mdns_mode=3 mdns_running=1 mdns_socket=1 mdns_heartbeat_age_ms=98 mdns_select=1136 mdns_recv=28 mdns_sent=0
[INFO] [soap] soap_call "AVTransport" "GetTransportInfo" <InstanceID>0</InstanceID>
[INFO] [soap] assert_http_200 service=AVTransport action=GetTransportInfo handler=avtransport_get_transport_info
[INFO] [soap] soap_call "AVTransport" "GetPositionInfo" <InstanceID>0</InstanceID>
[INFO] [soap] assert_http_200 service=AVTransport action=GetPositionInfo handler=avtransport_get_position_info
[INFO] [soap] soap_call "AVTransport" "GetTransportInfo" <InstanceID>0</InstanceID>
[INFO] [soap] assert_http_200 service=AVTransport action=GetTransportInfo handler=avtransport_get_transport_info
[INFO] [soap] soap_call "AVTransport" "GetPositionInfo" <InstanceID>0</InstanceID>
[INFO] [soap] assert_http_200 service=AVTransport action=GetPositionInfo handler=avtransport_get_position_info
[INFO] [soap] soap_call "AVTransport" "Stop" <InstanceID>0</InstanceID>
[INFO] [media-trace] seq=5 t_ms=61522 layer=soap action=Stop phase=begin url_hash=aaf78fb8 detail=- url=<URL_REDACTED>
[INFO] [media-trace] seq=5 t_ms=61522 layer=player action=Stop phase=backend-call-begin url_hash=aaf78fb8 detail=-
[INFO] [media-trace] seq=5 t_ms=61522 layer=libmpv action=Stop phase=mutex-wait url_hash=aaf78fb8 detail=- url=<URL_REDACTED>
[INFO] [media-trace] seq=5 t_ms=61522 layer=libmpv action=Stop phase=mutex-acquired url_hash=aaf78fb8 detail=- url=<URL_REDACTED>
[INFO] [media-trace] seq=5 t_ms=61522 layer=libmpv action=Stop phase=dispatch url_hash=aaf78fb8 detail=- url=<URL_REDACTED>
[INFO] [media-trace] seq=5 t_ms=61522 layer=player action=Stop phase=backend-call-done url_hash=aaf78fb8 detail=ok
[INFO] [media-trace] seq=5 t_ms=61523 layer=player action=Stop phase=snapshot-refresh-begin url_hash=aaf78fb8 detail=-
[INFO] [media-trace] seq=5 t_ms=61523 layer=player action=Stop phase=snapshot-refresh-done url_hash=aaf78fb8 detail=-
[INFO] [media-trace] seq=5 t_ms=61523 layer=player action=Stop phase=backend-wakeup-begin url_hash=aaf78fb8 detail=-
[INFO] [media-trace] seq=5 t_ms=61523 layer=player action=Stop phase=backend-wakeup-done url_hash=aaf78fb8 detail=-
[INFO] [media-trace] seq=5 t_ms=61523 layer=soap action=Stop phase=done url_hash=aaf78fb8 detail=- url=<URL_REDACTED>
[INFO] [soap] assert_http_200 service=AVTransport action=Stop handler=avtransport_stop
[INFO] [runtime-heartbeat] t_ms=24312730 frame=13116 view=video player_state=stopped media=1 return_home_pending=0 protocol_state=media-active owner=dlna generation=6 service_workers=0,0,0 service_age_ms=225924,225920,225920 media_queue=0 media_high=1 media_command=0 media_kind=0 media_producer=0 media_token=0 media_generation=0 media_command_age_ms=0 media_heartbeat_age_ms=6 media_full=0 media_stale=0 media_timeout=0 media_coalesced=0 media_accepting=1 media_lifecycle=0,1,0,1 log_queue=0 enqueued=1438 processed=1438 log_high=29 log_heartbeat_age_ms=8 log_waiting=1 queue_dropped=0 mirror_dropped=0 mirror_failures=0 mirror=1 worker=1 mdns_phase=waiting mdns_mode=3 mdns_running=1 mdns_socket=1 mdns_heartbeat_age_ms=97 mdns_select=1146 mdns_recv=28 mdns_sent=0
[WARN] [player-libmpv][ffmpeg/demuxer] mov,mp4,m4a,3gp,3g2,mj2: Packet corrupt (stream = 0, dts = 3664533).
[ERROR] [player-libmpv][ffmpeg] NULL: Invalid NAL unit size (7715 > 6730).
[ERROR] [player-libmpv][ffmpeg] NULL: missing picture in access unit with size 6734
[INFO] [player-libmpv] end-file uri=<URL_REDACTED> reason=stop error=success
[INFO] [media-trace] seq=5 t_ms=61655 layer=libmpv action=mpv-end-file phase=event url_hash=aaf78fb8 detail=stop url=<URL_REDACTED>
[INFO] [player-view] desired_view=home state=STOPPED has_media=1 uri=<URL_REDACTED>
[INFO] [player-view] active_view=home frame=13204
[INFO] [input] active_view=home state=stopped media=1 snapshot=1
[INFO] [runtime-heartbeat] t_ms=24314730 frame=13237 view=home player_state=stopped media=1 return_home_pending=0 protocol_state=media-active owner=dlna generation=6 service_workers=0,0,0 service_age_ms=227924,227920,227920 media_queue=0 media_high=1 media_command=0 media_kind=0 media_producer=0 media_token=0 media_generation=0 media_command_age_ms=0 media_heartbeat_age_ms=2 media_full=0 media_stale=0 media_timeout=0 media_coalesced=0 media_accepting=1 media_lifecycle=0,1,0,1 log_queue=0 enqueued=1447 processed=1447 log_high=29 log_heartbeat_age_ms=517 log_waiting=1 queue_dropped=0 mirror_dropped=0 mirror_failures=0 mirror=1 worker=1 mdns_phase=waiting mdns_mode=3 mdns_running=1 mdns_socket=1 mdns_heartbeat_age_ms=68 mdns_select=1158 mdns_recv=31 mdns_sent=0
exiting ...
socket error 0x0 on poll
