pinging switch
Sending NX-Cast.nro, 25600698 bytes
12472936 sent (48.72%), 1113 blocks
starting server
server active ...
[INFO] [log] nxlink logger connected host=<IP_REDACTED> port=28771 fd=3 mirror_fd=2 stdout=local
[INFO] [diagnostic] profile_id=12 profile=full-mdns-playback-suspend-bsd8 protocol_start=parallel
[INFO] [player-view] init render_owner=main-thread active_view=home
[INFO] [player] auto resolve libmpv_available=1 mock_available=1
[INFO] [player-actor] lifecycle=initialize phase=begin backend=libmpv
[INFO] [player] init accepted backend=libmpv lifecycle=async-suspended actor_capacity=64 reserved=4
[INFO] [ui] NX-Cast starting. Press + to exit.
[INFO] [ui] Home view shows cast instructions and last error only.
[INFO] [ui] Video view auto-activates while playback is active.
[INFO] [runtime-heartbeat] t_ms=62967223 frame=1 view=home player_state=idle media=0 return_home_pending=0 protocol_state=stopped owner=none generation=0 discovery_suspended=0 service_workers=0,0,0 service_age_ms=0,0,0 media_queue=0 media_high=0 media_command=0 media_kind=0 media_producer=0 media_token=0 media_generation=0 media_command_age_ms=0 media_heartbeat_age_ms=22 media_full=0 media_stale=0 media_timeout=0 media_coalesced=0 media_accepting=1 media_lifecycle=1,0,0,0 log_queue=7 enqueued=14 processed=6 log_high=7 log_heartbeat_age_ms=1 log_waiting=0 queue_dropped=0 mirror_dropped=0 mirror_failures=0 mirror=1 worker=1 mdns_phase=stopped mdns_mode=0 mdns_running=0 mdns_suspended=0 ssdp_suspended=0 mdns_socket=0 mdns_heartbeat_age_ms=0 mdns_select=0 mdns_recv=0 mdns_sent=0
[INFO] [input] active_view=home state=idle media=0 snapshot=1
[INFO] [player-libmpv] log subscription level=info
[INFO] [player-libmpv] init volume_backend=aud:a-process
[INFO] [player-libmpv] init
[INFO] [player-actor] lifecycle=initialize phase=ready backend=libmpv
[INFO] [player-view] dk3d render context attached early
[INFO] [player-view] prepare_video ok=1 render_api_connected=0 render_path=0
[INFO] [ui] video render prepare=1 player_activate=1 before_media_url=1
[INFO] [protocol-coordinator] start accepted=1 state=starting iptv=starting dlna=starting airplay=starting network=1 root=sdmc:/switch/NX-Cast/iptv
[INFO] [airplay] t_ms=62967275 integration stage=ed25519 begin
[INFO] [airplay] t_ms=62967275 integration stage=ed25519 done
[INFO] [airplay] t_ms=62967275 integration stage=mirror-runtime begin
[INFO] [airplay] t_ms=62967275 integration stage=mirror-runtime done
[INFO] [airplay] t_ms=62967275 integration stage=remote-video begin
[INFO] [airplay] t_ms=62967275 integration stage=remote-video done
[INFO] [airplay] t_ms=62967275 integration stage=receiver begin
[INFO] [airplay] t_ms=62967275 receiver stage=pairing-identity begin
[INFO] [dlna] loaded persistent device identity.
[INFO] [player-view] render_api_connected=1 backend=dk3d
[INFO] [player-view] home renderer active frame=1
[INFO] [scpd] description templates ready.
[INFO] [iptv] preinstalled source file loaded sources=1 changed=0 refresh=0
[INFO] [airplay] t_ms=62967324 receiver stage=pairing-identity done
[INFO] [airplay] t_ms=62967326 receiver stage=dns-sd-txt begin
[INFO] [airplay] t_ms=62967326 receiver stage=dns-sd-txt done
[INFO] [airplay] t_ms=62967327 receiver stage=handlers begin
[INFO] [airplay] t_ms=62967327 handlers stage=validate begin
[INFO] [airplay] t_ms=62967327 handlers stage=validate done
[INFO] [airplay] t_ms=62967328 handlers stage=allocate begin bytes=792
[INFO] [airplay] t_ms=62967328 handlers stage=allocate done
[INFO] [airplay] t_ms=62967328 handlers stage=copy begin txt_bytes=214
[INFO] [airplay] t_ms=62967329 handlers stage=copy done
[INFO] [airplay] t_ms=62967329 receiver stage=handlers done
[INFO] [airplay] t_ms=62967329 receiver stage=control-server begin
[INFO] [soap] SOAP control module started.
[INFO] [event] DLNA event server started.
[INFO] [http-server] listening on :49152
[INFO] [player-imgui] initialized deko3d overlay
[INFO] [player-libmpv][osd/libass] can't find selected font provider
[INFO] [airplay-server] listening on :7000
[INFO] [airplay] t_ms=62967573 receiver stage=control-server done port=7000
[INFO] [airplay] t_ms=62967573 receiver stage=lifecycle begin
[INFO] [airplay] t_ms=62967573 receiver stage=lifecycle done
[INFO] [airplay] t_ms=62967573 receiver stage=mdns begin
[INFO] [airplay] t_ms=62967573 mdns stage=local-address begin
[INFO] [airplay] t_ms=62967574 mdns stage=local-address done
[INFO] [airplay-mdns] local-address=<IP_REDACTED>
[INFO] [airplay] t_ms=62967574 mdns stage=service-record begin
[INFO] [airplay] t_ms=62967574 mdns stage=service-record done
[INFO] [airplay] t_ms=62967574 mdns stage=socket begin
[INFO] [airplay] t_ms=62967574 mdns socket stage=create begin
[INFO] [airplay] t_ms=62967574 mdns socket stage=create done fd=7
[INFO] [airplay] t_ms=62967575 mdns socket stage=bind begin port=5353
[INFO] [airplay] t_ms=62967575 mdns socket stage=bind done
[INFO] [airplay] t_ms=62967575 mdns socket stage=multicast-join begin
[INFO] [airplay] t_ms=62967576 mdns socket stage=multicast-join done
[INFO] [ssdp] Responder ready on <URL_REDACTED>
[INFO] [dlna] Control layer initialized (HTTP/SCPD on :49152).
[INFO] [airplay] t_ms=62967578 mdns stage=socket done
[INFO] [airplay] t_ms=62967578 mdns stage=thread begin
[INFO] [airplay] t_ms=62967578 mdns thread-create begin stack=65536
[INFO] [airplay] t_ms=62967578 mdns thread-create done rc=0x00000000
[INFO] [airplay] t_ms=62967578 mdns thread-start begin
[INFO] [airplay] t_ms=62967578 mdns worker entered
[INFO] [airplay] t_ms=62967578 mdns worker mode=0 priority=0x2b
[INFO] [airplay] t_ms=62967578 mdns worker announce begin
[INFO] [airplay] t_ms=62967578 mdns thread-start done rc=0x00000000
[INFO] [airplay] t_ms=62967578 mdns stage=thread done
[INFO] [airplay-mdns] started airplay=NX-Cast raop=<IDENTIFIER_REDACTED>@NX-Cast port=7000 features=0x5A7FFEE6,0x0
[INFO] [airplay-mdns] started airplay=NX-Cast raop=<IDENTIFIER_REDACTED>@NX-Cast port=7000 features=0x5A7FFEE6,0x0
[INFO] [airplay] t_ms=62967578 receiver stage=mdns done
[INFO] [airplay] t_ms=62967578 integration stage=receiver done
[INFO] [airplay] integration started port=7000 discovery=1
[INFO] [airplay] t_ms=62967578 mdns worker announce done
[INFO] [protocol-coordinator] revision=2->6 state=starting->ready iptv=starting->running dlna=starting->running airplay=starting->running owner=none->none token=0 generation=0 pin_visible=0 discovery_suspended=0->0 airplay_running=1 airplay_starting=0 status=Ready for AirPlay video
[INFO] [runtime-heartbeat] t_ms=62969236 frame=117 view=home player_state=idle media=0 return_home_pending=0 protocol_state=ready owner=none generation=0 discovery_suspended=0 service_workers=0,0,0 service_age_ms=1663,1659,1658 media_queue=0 media_high=0 media_command=0 media_kind=0 media_producer=0 media_token=0 media_generation=0 media_command_age_ms=0 media_heartbeat_age_ms=1 media_full=0 media_stale=0 media_timeout=0 media_coalesced=0 media_accepting=1 media_lifecycle=0,1,0,1 log_queue=0 enqueued=90 processed=90 log_high=16 log_heartbeat_age_ms=1649 log_waiting=1 queue_dropped=0 mirror_dropped=0 mirror_failures=0 mirror=1 worker=1 mdns_phase=waiting mdns_mode=0 mdns_running=1 mdns_suspended=0 ssdp_suspended=0 mdns_socket=1 mdns_heartbeat_age_ms=58 mdns_select=8 mdns_recv=0 mdns_sent=2
[INFO] [runtime-heartbeat] t_ms=62971236 frame=237 view=home player_state=idle media=0 return_home_pending=0 protocol_state=ready owner=none generation=0 discovery_suspended=0 service_workers=0,0,0 service_age_ms=3663,3659,3658 media_queue=0 media_high=0 media_command=0 media_kind=0 media_producer=0 media_token=0 media_generation=0 media_command_age_ms=0 media_heartbeat_age_ms=9 media_full=0 media_stale=0 media_timeout=0 media_coalesced=0 media_accepting=1 media_lifecycle=0,1,0,1 log_queue=0 enqueued=91 processed=91 log_high=16 log_heartbeat_age_ms=2000 log_waiting=1 queue_dropped=0 mirror_dropped=0 mirror_failures=0 mirror=1 worker=1 mdns_phase=waiting mdns_mode=0 mdns_running=1 mdns_suspended=0 ssdp_suspended=0 mdns_socket=1 mdns_heartbeat_age_ms=57 mdns_select=18 mdns_recv=0 mdns_sent=2
[INFO] [runtime-heartbeat] t_ms=62973236 frame=357 view=home player_state=idle media=0 return_home_pending=0 protocol_state=ready owner=none generation=0 discovery_suspended=0 service_workers=0,0,0 service_age_ms=5663,5659,5658 media_queue=0 media_high=0 media_command=0 media_kind=0 media_producer=0 media_token=0 media_generation=0 media_command_age_ms=0 media_heartbeat_age_ms=8 media_full=0 media_stale=0 media_timeout=0 media_coalesced=0 media_accepting=1 media_lifecycle=0,1,0,1 log_queue=0 enqueued=92 processed=92 log_high=16 log_heartbeat_age_ms=2000 log_waiting=1 queue_dropped=0 mirror_dropped=0 mirror_failures=0 mirror=1 worker=1 mdns_phase=waiting mdns_mode=0 mdns_running=1 mdns_suspended=0 ssdp_suspended=0 mdns_socket=1 mdns_heartbeat_age_ms=57 mdns_select=28 mdns_recv=0 mdns_sent=2
[INFO] [runtime-heartbeat] t_ms=62975236 frame=477 view=home player_state=idle media=0 return_home_pending=0 protocol_state=ready owner=none generation=0 discovery_suspended=0 service_workers=0,0,0 service_age_ms=7663,7659,7658 media_queue=0 media_high=0 media_command=0 media_kind=0 media_producer=0 media_token=0 media_generation=0 media_command_age_ms=0 media_heartbeat_age_ms=7 media_full=0 media_stale=0 media_timeout=0 media_coalesced=0 media_accepting=1 media_lifecycle=0,1,0,1 log_queue=0 enqueued=93 processed=93 log_high=16 log_heartbeat_age_ms=1999 log_waiting=1 queue_dropped=0 mirror_dropped=0 mirror_failures=0 mirror=1 worker=1 mdns_phase=waiting mdns_mode=0 mdns_running=1 mdns_suspended=0 ssdp_suspended=0 mdns_socket=1 mdns_heartbeat_age_ms=57 mdns_select=38 mdns_recv=0 mdns_sent=2
[INFO] [runtime-heartbeat] t_ms=62977236 frame=597 view=home player_state=idle media=0 return_home_pending=0 protocol_state=ready owner=none generation=0 discovery_suspended=0 service_workers=0,0,0 service_age_ms=9663,9659,9658 media_queue=0 media_high=0 media_command=0 media_kind=0 media_producer=0 media_token=0 media_generation=0 media_command_age_ms=0 media_heartbeat_age_ms=6 media_full=0 media_stale=0 media_timeout=0 media_coalesced=0 media_accepting=1 media_lifecycle=0,1,0,1 log_queue=0 enqueued=94 processed=94 log_high=16 log_heartbeat_age_ms=2000 log_waiting=1 queue_dropped=0 mirror_dropped=0 mirror_failures=0 mirror=1 worker=1 mdns_phase=waiting mdns_mode=0 mdns_running=1 mdns_suspended=0 ssdp_suspended=0 mdns_socket=1 mdns_heartbeat_age_ms=74 mdns_select=48 mdns_recv=1 mdns_sent=4
[INFO] [runtime-heartbeat] t_ms=62979236 frame=717 view=home player_state=idle media=0 return_home_pending=0 protocol_state=ready owner=none generation=0 discovery_suspended=0 service_workers=0,0,0 service_age_ms=11663,11659,11658 media_queue=0 media_high=0 media_command=0 media_kind=0 media_producer=0 media_token=0 media_generation=0 media_command_age_ms=0 media_heartbeat_age_ms=5 media_full=0 media_stale=0 media_timeout=0 media_coalesced=0 media_accepting=1 media_lifecycle=0,1,0,1 log_queue=0 enqueued=95 processed=95 log_high=16 log_heartbeat_age_ms=2000 log_waiting=1 queue_dropped=0 mirror_dropped=0 mirror_failures=0 mirror=1 worker=1 mdns_phase=waiting mdns_mode=0 mdns_running=1 mdns_suspended=0 ssdp_suspended=0 mdns_socket=1 mdns_heartbeat_age_ms=74 mdns_select=58 mdns_recv=1 mdns_sent=4
[INFO] [runtime-heartbeat] t_ms=62981236 frame=837 view=home player_state=idle media=0 return_home_pending=0 protocol_state=ready owner=none generation=0 discovery_suspended=0 service_workers=0,0,0 service_age_ms=13663,13659,13658 media_queue=0 media_high=0 media_command=0 media_kind=0 media_producer=0 media_token=0 media_generation=0 media_command_age_ms=0 media_heartbeat_age_ms=4 media_full=0 media_stale=0 media_timeout=0 media_coalesced=0 media_accepting=1 media_lifecycle=0,1,0,1 log_queue=0 enqueued=96 processed=96 log_high=16 log_heartbeat_age_ms=2000 log_waiting=1 queue_dropped=0 mirror_dropped=0 mirror_failures=0 mirror=1 worker=1 mdns_phase=waiting mdns_mode=0 mdns_running=1 mdns_suspended=0 ssdp_suspended=0 mdns_socket=1 mdns_heartbeat_age_ms=73 mdns_select=68 mdns_recv=1 mdns_sent=4
[INFO] [runtime-heartbeat] t_ms=62983236 frame=957 view=home player_state=idle media=0 return_home_pending=0 protocol_state=ready owner=none generation=0 discovery_suspended=0 service_workers=0,0,0 service_age_ms=15663,15659,15658 media_queue=0 media_high=0 media_command=0 media_kind=0 media_producer=0 media_token=0 media_generation=0 media_command_age_ms=0 media_heartbeat_age_ms=3 media_full=0 media_stale=0 media_timeout=0 media_coalesced=0 media_accepting=1 media_lifecycle=0,1,0,1 log_queue=0 enqueued=97 processed=97 log_high=16 log_heartbeat_age_ms=2000 log_waiting=1 queue_dropped=0 mirror_dropped=0 mirror_failures=0 mirror=1 worker=1 mdns_phase=waiting mdns_mode=0 mdns_running=1 mdns_suspended=0 ssdp_suspended=0 mdns_socket=1 mdns_heartbeat_age_ms=73 mdns_select=78 mdns_recv=1 mdns_sent=4
[INFO] [runtime-heartbeat] t_ms=62985236 frame=1077 view=home player_state=idle media=0 return_home_pending=0 protocol_state=ready owner=none generation=0 discovery_suspended=0 service_workers=0,0,0 service_age_ms=17663,17659,17658 media_queue=0 media_high=0 media_command=0 media_kind=0 media_producer=0 media_token=0 media_generation=0 media_command_age_ms=0 media_heartbeat_age_ms=2 media_full=0 media_stale=0 media_timeout=0 media_coalesced=0 media_accepting=1 media_lifecycle=0,1,0,1 log_queue=0 enqueued=98 processed=98 log_high=16 log_heartbeat_age_ms=2000 log_waiting=1 queue_dropped=0 mirror_dropped=0 mirror_failures=0 mirror=1 worker=1 mdns_phase=waiting mdns_mode=0 mdns_running=1 mdns_suspended=0 ssdp_suspended=0 mdns_socket=1 mdns_heartbeat_age_ms=72 mdns_select=88 mdns_recv=1 mdns_sent=4
[INFO] [ssdp] send packet to <IP_REDACTED>:2792 st=upnp:rootdevice bytes=283
[INFO] [ssdp] send packet to <IP_REDACTED>:2792 st=upnp:rootdevice bytes=283
[INFO] [ssdp] send packet to <IP_REDACTED>:2792 st=upnp:rootdevice bytes=283
[INFO] [scpd] served path=/description.xml bytes=2696 template=Description.xml
[INFO] [scpd] served path=/dlna/AVTransport.xml bytes=20658 template=AVTransport.xml
[INFO] [scpd] served path=/dlna/RenderingControl.xml bytes=7102 template=RenderingControl.xml
[INFO] [runtime-heartbeat] t_ms=62987236 frame=1197 view=home player_state=idle media=0 return_home_pending=0 protocol_state=ready owner=none generation=0 discovery_suspended=0 service_workers=0,0,0 service_age_ms=19663,19659,19658 media_queue=0 media_high=0 media_command=0 media_kind=0 media_producer=0 media_token=0 media_generation=0 media_command_age_ms=0 media_heartbeat_age_ms=1 media_full=0 media_stale=0 media_timeout=0 media_coalesced=0 media_accepting=1 media_lifecycle=0,1,0,1 log_queue=0 enqueued=105 processed=105 log_high=16 log_heartbeat_age_ms=1623 log_waiting=1 queue_dropped=0 mirror_dropped=0 mirror_failures=0 mirror=1 worker=1 mdns_phase=waiting mdns_mode=0 mdns_running=1 mdns_suspended=0 ssdp_suspended=0 mdns_socket=1 mdns_heartbeat_age_ms=156 mdns_select=99 mdns_recv=3 mdns_sent=4
[INFO] [soap] soap_call "AVTransport" "SetAVTransportURI" <InstanceID>0</InstanceID> <CurrentURI><URL_REDACTED></CurrentURI>
[INFO] [media-trace] seq=1 t_ms=0 action=SetAVTransportURI phase=begin url_hash=2d282f3d metadata_bytes=2104 url=<URL_REDACTED>
[INFO] [media-trace] seq=1 t_ms=0 layer=soap action=SetAVTransportURI phase=dispatch instance=0 url_hash=2d282f3d url=<URL_REDACTED>
[INFO] [protocol-coordinator] event=claim previous_owner=none previous_token=0 previous_generation=0 owner=dlna token=1 generation=2
[INFO] [media-trace] seq=1 t_ms=0 layer=player action=set_media phase=begin url_hash=2d282f3d url=<URL_REDACTED>
[INFO] [media-trace] seq=1 t_ms=0 layer=libmpv action=set_media phase=begin url_hash=2d282f3d detail=- url=<URL_REDACTED>
[INFO] [media-trace] seq=1 t_ms=0 layer=libmpv action=set_media phase=mutex-wait url_hash=2d282f3d detail=- url=<URL_REDACTED>
[INFO] [media-trace] seq=1 t_ms=0 layer=libmpv action=set_media phase=mutex-acquired url_hash=2d282f3d detail=- url=<URL_REDACTED>
[INFO] [media-trace] seq=1 t_ms=0 layer=libmpv action=loadfile phase=dispatch url_hash=2d282f3d detail=paused=1 profile=direct-mp4-fast url=<URL_REDACTED>
[INFO] [media-trace] seq=1 t_ms=0 layer=libmpv action=loadfile phase=queued url_hash=2d282f3d detail=paused=1 profile=direct-mp4-fast url=<URL_REDACTED>
[INFO] [media-trace] seq=1 t_ms=1 layer=libmpv action=set_media phase=done url_hash=2d282f3d detail=- url=<URL_REDACTED>
[INFO] [media-trace] seq=1 t_ms=1 layer=player action=set_media phase=done url_hash=2d282f3d url=<URL_REDACTED>
[INFO] [media-trace] seq=1 t_ms=1 layer=libmpv action=mpv-start-file phase=event url_hash=2d282f3d detail=- url=<URL_REDACTED>
[INFO] [player-libmpv] start-file uri=<URL_REDACTED>
[INFO] [media-trace] seq=1 t_ms=1 layer=soap action=SetAVTransportURI phase=done url_hash=2d282f3d url=<URL_REDACTED>
[INFO] [soap] assert_http_200 service=AVTransport action=SetAVTransportURI handler=avtransport_set_uri
[INFO] [protocol-coordinator] revision=6->8 state=ready->media-active iptv=running->running dlna=running->running airplay=running->running owner=none->dlna token=1 generation=2 pin_visible=0 discovery_suspended=0->1 airplay_running=1 airplay_starting=0 status=Ready for AirPlay video
[INFO] [player-view] desired_view=video state=LOADING has_media=1 uri=<URL_REDACTED>
[INFO] [player-view] active_view=video frame=1305
[INFO] [input] active_view=video state=loading media=1 snapshot=1
[INFO] [soap] soap_call "AVTransport" "Play" <InstanceID>0</InstanceID> <Speed>1</Speed>
[INFO] [media-trace] seq=1 t_ms=14 layer=soap action=Play phase=begin url_hash=2d282f3d detail=1 url=<URL_REDACTED>
[INFO] [media-trace] seq=1 t_ms=14 layer=player action=Play phase=backend-call-begin url_hash=2d282f3d detail=-
[INFO] [media-trace] seq=1 t_ms=14 layer=libmpv action=Play phase=mutex-wait url_hash=2d282f3d detail=- url=<URL_REDACTED>
[INFO] [media-trace] seq=1 t_ms=14 layer=libmpv action=Play phase=mutex-acquired url_hash=2d282f3d detail=- url=<URL_REDACTED>
[INFO] [media-trace] seq=1 t_ms=14 layer=libmpv action=Play phase=deferred url_hash=2d282f3d detail=waiting-file-loaded url=<URL_REDACTED>
[INFO] [media-trace] seq=1 t_ms=14 layer=player action=Play phase=backend-call-done url_hash=2d282f3d detail=ok
[INFO] [media-trace] seq=1 t_ms=14 layer=player action=Play phase=snapshot-refresh-begin url_hash=2d282f3d detail=-
[INFO] [media-trace] seq=1 t_ms=14 layer=player action=Play phase=snapshot-refresh-done url_hash=2d282f3d detail=-
[INFO] [media-trace] seq=1 t_ms=14 layer=player action=Play phase=backend-wakeup-begin url_hash=2d282f3d detail=-
[INFO] [media-trace] seq=1 t_ms=14 layer=player action=Play phase=backend-wakeup-done url_hash=2d282f3d detail=-
[INFO] [media-trace] seq=1 t_ms=14 layer=soap action=Play phase=done url_hash=2d282f3d detail=1 url=<URL_REDACTED>
[INFO] [soap] assert_http_200 service=AVTransport action=Play handler=avtransport_play
[INFO] [soap] soap_call "AVTransport" "GetPositionInfo" <InstanceID>0</InstanceID>
[INFO] [soap] assert_http_200 service=AVTransport action=GetPositionInfo handler=avtransport_get_position_info
[INFO] [soap] soap_call "AVTransport" "GetTransportInfo" <InstanceID>0</InstanceID>
[INFO] [soap] assert_http_200 service=AVTransport action=GetTransportInfo handler=avtransport_get_transport_info
[INFO] [runtime-heartbeat] t_ms=62989236 frame=1317 view=video player_state=loading media=1 return_home_pending=0 protocol_state=media-active owner=dlna generation=2 discovery_suspended=1 service_workers=0,0,0 service_age_ms=21663,21659,21658 media_queue=0 media_high=1 media_command=0 media_kind=0 media_producer=0 media_token=0 media_generation=0 media_command_age_ms=0 media_heartbeat_age_ms=4 media_full=0 media_stale=0 media_timeout=0 media_coalesced=0 media_accepting=1 media_lifecycle=0,1,0,1 log_queue=0 enqueued=143 processed=143 log_high=16 log_heartbeat_age_ms=154 log_waiting=1 queue_dropped=0 mirror_dropped=0 mirror_failures=0 mirror=1 worker=1 mdns_phase=suspended mdns_mode=0 mdns_running=1 mdns_suspended=1 ssdp_suspended=0 mdns_socket=1 mdns_heartbeat_age_ms=156 mdns_select=109 mdns_recv=3 mdns_sent=4
[INFO] [soap] soap_call "AVTransport" "GetTransportInfo" <InstanceID>0</InstanceID>
[INFO] [soap] assert_http_200 service=AVTransport action=GetTransportInfo handler=avtransport_get_transport_info
[INFO] [soap] soap_call "AVTransport" "GetPositionInfo" <InstanceID>0</InstanceID>
[INFO] [soap] assert_http_200 service=AVTransport action=GetPositionInfo handler=avtransport_get_position_info
[INFO] [soap] soap_call "AVTransport" "GetTransportInfo" <InstanceID>0</InstanceID>
[INFO] [soap] assert_http_200 service=AVTransport action=GetTransportInfo handler=avtransport_get_transport_info
[INFO] [soap] soap_call "AVTransport" "GetPositionInfo" <InstanceID>0</InstanceID>
[INFO] [soap] assert_http_200 service=AVTransport action=GetPositionInfo handler=avtransport_get_position_info
[INFO] [runtime-heartbeat] t_ms=62991236 frame=1437 view=video player_state=loading media=1 return_home_pending=0 protocol_state=media-active owner=dlna generation=2 discovery_suspended=1 service_workers=0,0,0 service_age_ms=23663,23659,23658 media_queue=0 media_high=1 media_command=0 media_kind=0 media_producer=0 media_token=0 media_generation=0 media_command_age_ms=0 media_heartbeat_age_ms=3 media_full=0 media_stale=0 media_timeout=0 media_coalesced=0 media_accepting=1 media_lifecycle=0,1,0,1 log_queue=0 enqueued=152 processed=152 log_high=16 log_heartbeat_age_ms=139 log_waiting=1 queue_dropped=0 mirror_dropped=0 mirror_failures=0 mirror=1 worker=1 mdns_phase=suspended mdns_mode=0 mdns_running=1 mdns_suspended=1 ssdp_suspended=0 mdns_socket=1 mdns_heartbeat_age_ms=156 mdns_select=109 mdns_recv=3 mdns_sent=4
[INFO] [soap] soap_call "AVTransport" "GetTransportInfo" <InstanceID>0</InstanceID>
[INFO] [soap] assert_http_200 service=AVTransport action=GetTransportInfo handler=avtransport_get_transport_info
[INFO] [soap] soap_call "AVTransport" "GetPositionInfo" <InstanceID>0</InstanceID>
[INFO] [soap] assert_http_200 service=AVTransport action=GetPositionInfo handler=avtransport_get_position_info
[INFO] [soap] soap_call "AVTransport" "GetPositionInfo" <InstanceID>0</InstanceID>
[INFO] [soap] assert_http_200 service=AVTransport action=GetPositionInfo handler=avtransport_get_position_info
[INFO] [soap] soap_call "AVTransport" "GetTransportInfo" <InstanceID>0</InstanceID>
[INFO] [soap] assert_http_200 service=AVTransport action=GetTransportInfo handler=avtransport_get_transport_info
[INFO] [runtime-heartbeat] t_ms=62993236 frame=1557 view=video player_state=loading media=1 return_home_pending=0 protocol_state=media-active owner=dlna generation=2 discovery_suspended=1 service_workers=0,0,0 service_age_ms=25663,25659,25658 media_queue=0 media_high=1 media_command=0 media_kind=0 media_producer=0 media_token=0 media_generation=0 media_command_age_ms=0 media_heartbeat_age_ms=2 media_full=0 media_stale=0 media_timeout=0 media_coalesced=0 media_accepting=1 media_lifecycle=0,1,0,1 log_queue=0 enqueued=161 processed=161 log_high=16 log_heartbeat_age_ms=92 log_waiting=1 queue_dropped=0 mirror_dropped=0 mirror_failures=0 mirror=1 worker=1 mdns_phase=suspended mdns_mode=0 mdns_running=1 mdns_suspended=1 ssdp_suspended=0 mdns_socket=1 mdns_heartbeat_age_ms=156 mdns_select=109 mdns_recv=3 mdns_sent=4
[INFO] [soap] soap_call "AVTransport" "GetTransportInfo" <InstanceID>0</InstanceID>
[INFO] [soap] assert_http_200 service=AVTransport action=GetTransportInfo handler=avtransport_get_transport_info
[INFO] [soap] soap_call "AVTransport" "GetPositionInfo" <InstanceID>0</InstanceID>
[INFO] [soap] assert_http_200 service=AVTransport action=GetPositionInfo handler=avtransport_get_position_info
[INFO] [runtime-heartbeat] t_ms=62995236 frame=1677 view=video player_state=loading media=1 return_home_pending=0 protocol_state=media-active owner=dlna generation=2 discovery_suspended=1 service_workers=0,0,0 service_age_ms=27663,27659,27658 media_queue=0 media_high=1 media_command=0 media_kind=0 media_producer=0 media_token=0 media_generation=0 media_command_age_ms=0 media_heartbeat_age_ms=1 media_full=0 media_stale=0 media_timeout=0 media_coalesced=0 media_accepting=1 media_lifecycle=0,1,0,1 log_queue=0 enqueued=166 processed=166 log_high=16 log_heartbeat_age_ms=1153 log_waiting=1 queue_dropped=0 mirror_dropped=0 mirror_failures=0 mirror=1 worker=1 mdns_phase=suspended mdns_mode=0 mdns_running=1 mdns_suspended=1 ssdp_suspended=0 mdns_socket=1 mdns_heartbeat_age_ms=156 mdns_select=109 mdns_recv=3 mdns_sent=4
[INFO] [soap] soap_call "AVTransport" "GetTransportInfo" <InstanceID>0</InstanceID>
[INFO] [soap] assert_http_200 service=AVTransport action=GetTransportInfo handler=avtransport_get_transport_info
[INFO] [soap] soap_call "AVTransport" "GetPositionInfo" <InstanceID>0</InstanceID>
[INFO] [soap] assert_http_200 service=AVTransport action=GetPositionInfo handler=avtransport_get_position_info
[INFO] [soap] soap_call "AVTransport" "GetPositionInfo" <InstanceID>0</InstanceID>
[INFO] [soap] assert_http_200 service=AVTransport action=GetPositionInfo handler=avtransport_get_position_info
[INFO] [soap] soap_call "AVTransport" "GetTransportInfo" <InstanceID>0</InstanceID>
[INFO] [soap] assert_http_200 service=AVTransport action=GetTransportInfo handler=avtransport_get_transport_info
[INFO] [soap] soap_call "AVTransport" "GetPositionInfo" <InstanceID>0</InstanceID>
[INFO] [soap] assert_http_200 service=AVTransport action=GetPositionInfo handler=avtransport_get_position_info
[INFO] [soap] soap_call "AVTransport" "GetTransportInfo" <InstanceID>0</InstanceID>
[INFO] [soap] assert_http_200 service=AVTransport action=GetTransportInfo handler=avtransport_get_transport_info
[INFO] [runtime-heartbeat] t_ms=62997236 frame=1797 view=video player_state=loading media=1 return_home_pending=0 protocol_state=media-active owner=dlna generation=2 discovery_suspended=1 service_workers=0,0,0 service_age_ms=29663,29659,29658 media_queue=0 media_high=1 media_command=0 media_kind=0 media_producer=0 media_token=0 media_generation=0 media_command_age_ms=0 media_heartbeat_age_ms=10 media_full=0 media_stale=0 media_timeout=0 media_coalesced=0 media_accepting=1 media_lifecycle=0,1,0,1 log_queue=0 enqueued=179 processed=179 log_high=16 log_heartbeat_age_ms=98 log_waiting=1 queue_dropped=0 mirror_dropped=0 mirror_failures=0 mirror=1 worker=1 mdns_phase=suspended mdns_mode=0 mdns_running=1 mdns_suspended=1 ssdp_suspended=0 mdns_socket=1 mdns_heartbeat_age_ms=155 mdns_select=109 mdns_recv=3 mdns_sent=4
[INFO] [soap] soap_call "AVTransport" "GetTransportInfo" <InstanceID>0</InstanceID>
[INFO] [soap] assert_http_200 service=AVTransport action=GetTransportInfo handler=avtransport_get_transport_info
[INFO] [soap] soap_call "AVTransport" "GetPositionInfo" <InstanceID>0</InstanceID>
[INFO] [soap] assert_http_200 service=AVTransport action=GetPositionInfo handler=avtransport_get_position_info
[INFO] [soap] soap_call "AVTransport" "GetTransportInfo" <InstanceID>0</InstanceID>
[INFO] [soap] assert_http_200 service=AVTransport action=GetTransportInfo handler=avtransport_get_transport_info
[INFO] [soap] soap_call "AVTransport" "GetPositionInfo" <InstanceID>0</InstanceID>
[INFO] [soap] assert_http_200 service=AVTransport action=GetPositionInfo handler=avtransport_get_position_info
[INFO] [runtime-heartbeat] t_ms=62999236 frame=1917 view=video player_state=loading media=1 return_home_pending=0 protocol_state=media-active owner=dlna generation=2 discovery_suspended=1 service_workers=0,0,0 service_age_ms=31663,31659,31658 media_queue=0 media_high=1 media_command=0 media_kind=0 media_producer=0 media_token=0 media_generation=0 media_command_age_ms=0 media_heartbeat_age_ms=8 media_full=0 media_stale=0 media_timeout=0 media_coalesced=0 media_accepting=1 media_lifecycle=0,1,0,1 log_queue=0 enqueued=188 processed=188 log_high=16 log_heartbeat_age_ms=157 log_waiting=1 queue_dropped=0 mirror_dropped=0 mirror_failures=0 mirror=1 worker=1 mdns_phase=suspended mdns_mode=0 mdns_running=1 mdns_suspended=1 ssdp_suspended=0 mdns_socket=1 mdns_heartbeat_age_ms=155 mdns_select=109 mdns_recv=3 mdns_sent=4
[INFO] [soap] soap_call "AVTransport" "GetPositionInfo" <InstanceID>0</InstanceID>
[INFO] [soap] assert_http_200 service=AVTransport action=GetPositionInfo handler=avtransport_get_position_info
[INFO] [soap] soap_call "AVTransport" "GetTransportInfo" <InstanceID>0</InstanceID>
[INFO] [soap] assert_http_200 service=AVTransport action=GetTransportInfo handler=avtransport_get_transport_info
[INFO] [soap] soap_call "AVTransport" "GetPositionInfo" <InstanceID>0</InstanceID>
[INFO] [soap] assert_http_200 service=AVTransport action=GetPositionInfo handler=avtransport_get_position_info
[INFO] [soap] soap_call "AVTransport" "GetTransportInfo" <InstanceID>0</InstanceID>
[INFO] [soap] assert_http_200 service=AVTransport action=GetTransportInfo handler=avtransport_get_transport_info
[INFO] [runtime-heartbeat] t_ms=63001236 frame=2037 view=video player_state=loading media=1 return_home_pending=0 protocol_state=media-active owner=dlna generation=2 discovery_suspended=1 service_workers=0,0,0 service_age_ms=33663,33659,33658 media_queue=0 media_high=1 media_command=0 media_kind=0 media_producer=0 media_token=0 media_generation=0 media_command_age_ms=0 media_heartbeat_age_ms=7 media_full=0 media_stale=0 media_timeout=0 media_coalesced=0 media_accepting=1 media_lifecycle=0,1,0,1 log_queue=0 enqueued=197 processed=197 log_high=16 log_heartbeat_age_ms=106 log_waiting=1 queue_dropped=0 mirror_dropped=0 mirror_failures=0 mirror=1 worker=1 mdns_phase=suspended mdns_mode=0 mdns_running=1 mdns_suspended=1 ssdp_suspended=0 mdns_socket=1 mdns_heartbeat_age_ms=155 mdns_select=109 mdns_recv=3 mdns_sent=4
[INFO] [soap] soap_call "AVTransport" "GetTransportInfo" <InstanceID>0</InstanceID>
[INFO] [soap] assert_http_200 service=AVTransport action=GetTransportInfo handler=avtransport_get_transport_info
[INFO] [soap] soap_call "AVTransport" "GetPositionInfo" <InstanceID>0</InstanceID>
[INFO] [soap] assert_http_200 service=AVTransport action=GetPositionInfo handler=avtransport_get_position_info
[INFO] [runtime-heartbeat] t_ms=63003236 frame=2157 view=video player_state=loading media=1 return_home_pending=0 protocol_state=media-active owner=dlna generation=2 discovery_suspended=1 service_workers=0,0,0 service_age_ms=35663,35659,35658 media_queue=0 media_high=1 media_command=0 media_kind=0 media_producer=0 media_token=0 media_generation=0 media_command_age_ms=0 media_heartbeat_age_ms=6 media_full=0 media_stale=0 media_timeout=0 media_coalesced=0 media_accepting=1 media_lifecycle=0,1,0,1 log_queue=0 enqueued=202 processed=202 log_high=16 log_heartbeat_age_ms=1156 log_waiting=1 queue_dropped=0 mirror_dropped=0 mirror_failures=0 mirror=1 worker=1 mdns_phase=suspended mdns_mode=0 mdns_running=1 mdns_suspended=1 ssdp_suspended=0 mdns_socket=1 mdns_heartbeat_age_ms=155 mdns_select=109 mdns_recv=3 mdns_sent=4
[INFO] [soap] soap_call "AVTransport" "GetTransportInfo" <InstanceID>0</InstanceID>
[INFO] [soap] assert_http_200 service=AVTransport action=GetTransportInfo handler=avtransport_get_transport_info
[INFO] [soap] soap_call "AVTransport" "GetPositionInfo" <InstanceID>0</InstanceID>
[INFO] [soap] assert_http_200 service=AVTransport action=GetPositionInfo handler=avtransport_get_position_info
[INFO] [soap] soap_call "AVTransport" "GetTransportInfo" <InstanceID>0</InstanceID>
[INFO] [soap] assert_http_200 service=AVTransport action=GetTransportInfo handler=avtransport_get_transport_info
[INFO] [soap] soap_call "AVTransport" "GetPositionInfo" <InstanceID>0</InstanceID>
[INFO] [soap] assert_http_200 service=AVTransport action=GetPositionInfo handler=avtransport_get_position_info
[INFO] [soap] soap_call "AVTransport" "GetTransportInfo" <InstanceID>0</InstanceID>
[INFO] [soap] assert_http_200 service=AVTransport action=GetTransportInfo handler=avtransport_get_transport_info
[INFO] [soap] soap_call "AVTransport" "GetPositionInfo" <InstanceID>0</InstanceID>
[INFO] [soap] assert_http_200 service=AVTransport action=GetPositionInfo handler=avtransport_get_position_info
[INFO] [runtime-heartbeat] t_ms=63005236 frame=2277 view=video player_state=loading media=1 return_home_pending=0 protocol_state=media-active owner=dlna generation=2 discovery_suspended=1 service_workers=0,0,0 service_age_ms=37663,37659,37658 media_queue=0 media_high=1 media_command=0 media_kind=0 media_producer=0 media_token=0 media_generation=0 media_command_age_ms=0 media_heartbeat_age_ms=5 media_full=0 media_stale=0 media_timeout=0 media_coalesced=0 media_accepting=1 media_lifecycle=0,1,0,1 log_queue=0 enqueued=215 processed=215 log_high=16 log_heartbeat_age_ms=112 log_waiting=1 queue_dropped=0 mirror_dropped=0 mirror_failures=0 mirror=1 worker=1 mdns_phase=suspended mdns_mode=0 mdns_running=1 mdns_suspended=1 ssdp_suspended=0 mdns_socket=1 mdns_heartbeat_age_ms=155 mdns_select=109 mdns_recv=3 mdns_sent=4
[INFO] [soap] soap_call "AVTransport" "GetTransportInfo" <InstanceID>0</InstanceID>
[INFO] [soap] assert_http_200 service=AVTransport action=GetTransportInfo handler=avtransport_get_transport_info
[INFO] [soap] soap_call "AVTransport" "GetPositionInfo" <InstanceID>0</InstanceID>
[INFO] [soap] assert_http_200 service=AVTransport action=GetPositionInfo handler=avtransport_get_position_info
[INFO] [soap] soap_call "AVTransport" "GetPositionInfo" <InstanceID>0</InstanceID>
[INFO] [soap] assert_http_200 service=AVTransport action=GetPositionInfo handler=avtransport_get_position_info
[INFO] [runtime-heartbeat] t_ms=63007236 frame=2397 view=video player_state=loading media=1 return_home_pending=0 protocol_state=media-active owner=dlna generation=2 discovery_suspended=1 service_workers=0,0,0 service_age_ms=39663,39659,39658 media_queue=0 media_high=1 media_command=0 media_kind=0 media_producer=0 media_token=0 media_generation=0 media_command_age_ms=0 media_heartbeat_age_ms=4 media_full=0 media_stale=0 media_timeout=0 media_coalesced=0 media_accepting=1 media_lifecycle=0,1,0,1 log_queue=1 enqueued=222 processed=220 log_high=16 log_heartbeat_age_ms=1 log_waiting=0 queue_dropped=0 mirror_dropped=0 mirror_failures=0 mirror=1 worker=1 mdns_phase=suspended mdns_mode=0 mdns_running=1 mdns_suspended=1 ssdp_suspended=0 mdns_socket=1 mdns_heartbeat_age_ms=155 mdns_select=109 mdns_recv=3 mdns_sent=4
[INFO] [soap] soap_call "AVTransport" "GetTransportInfo" <InstanceID>0</InstanceID>
[INFO] [soap] assert_http_200 service=AVTransport action=GetTransportInfo handler=avtransport_get_transport_info
[INFO] [soap] soap_call "AVTransport" "GetTransportInfo" <InstanceID>0</InstanceID>
[INFO] [soap] assert_http_200 service=AVTransport action=GetTransportInfo handler=avtransport_get_transport_info
[INFO] [soap] soap_call "AVTransport" "GetPositionInfo" <InstanceID>0</InstanceID>
[INFO] [soap] assert_http_200 service=AVTransport action=GetPositionInfo handler=avtransport_get_position_info
[INFO] [soap] soap_call "AVTransport" "GetTransportInfo" <InstanceID>0</InstanceID>
[INFO] [soap] assert_http_200 service=AVTransport action=GetTransportInfo handler=avtransport_get_transport_info
[INFO] [soap] soap_call "AVTransport" "GetPositionInfo" <InstanceID>0</InstanceID>
[INFO] [soap] assert_http_200 service=AVTransport action=GetPositionInfo handler=avtransport_get_position_info
[INFO] [runtime-heartbeat] t_ms=63009236 frame=2517 view=video player_state=loading media=1 return_home_pending=0 protocol_state=media-active owner=dlna generation=2 discovery_suspended=1 service_workers=0,0,0 service_age_ms=41663,41659,41658 media_queue=0 media_high=1 media_command=0 media_kind=0 media_producer=0 media_token=0 media_generation=0 media_command_age_ms=0 media_heartbeat_age_ms=3 media_full=0 media_stale=0 media_timeout=0 media_coalesced=0 media_accepting=1 media_lifecycle=0,1,0,1 log_queue=0 enqueued=233 processed=233 log_high=16 log_heartbeat_age_ms=118 log_waiting=1 queue_dropped=0 mirror_dropped=0 mirror_failures=0 mirror=1 worker=1 mdns_phase=suspended mdns_mode=0 mdns_running=1 mdns_suspended=1 ssdp_suspended=0 mdns_socket=1 mdns_heartbeat_age_ms=155 mdns_select=109 mdns_recv=3 mdns_sent=4
[INFO] [soap] soap_call "AVTransport" "GetPositionInfo" <InstanceID>0</InstanceID>
[INFO] [soap] assert_http_200 service=AVTransport action=GetPositionInfo handler=avtransport_get_position_info
[INFO] [soap] soap_call "AVTransport" "GetTransportInfo" <InstanceID>0</InstanceID>
[INFO] [soap] assert_http_200 service=AVTransport action=GetTransportInfo handler=avtransport_get_transport_info
[INFO] [soap] soap_call "AVTransport" "GetTransportInfo" <InstanceID>0</InstanceID>
[INFO] [soap] assert_http_200 service=AVTransport action=GetTransportInfo handler=avtransport_get_transport_info
[INFO] [soap] soap_call "AVTransport" "GetPositionInfo" <InstanceID>0</InstanceID>
[INFO] [soap] assert_http_200 service=AVTransport action=GetPositionInfo handler=avtransport_get_position_info
[INFO] [runtime-heartbeat] t_ms=63011236 frame=2637 view=video player_state=loading media=1 return_home_pending=0 protocol_state=media-active owner=dlna generation=2 discovery_suspended=1 service_workers=0,0,0 service_age_ms=43663,43659,43658 media_queue=0 media_high=1 media_command=0 media_kind=0 media_producer=0 media_token=0 media_generation=0 media_command_age_ms=0 media_heartbeat_age_ms=2 media_full=0 media_stale=0 media_timeout=0 media_coalesced=0 media_accepting=1 media_lifecycle=0,1,0,1 log_queue=0 enqueued=242 processed=242 log_high=16 log_heartbeat_age_ms=155 log_waiting=1 queue_dropped=0 mirror_dropped=0 mirror_failures=0 mirror=1 worker=1 mdns_phase=suspended mdns_mode=0 mdns_running=1 mdns_suspended=1 ssdp_suspended=0 mdns_socket=1 mdns_heartbeat_age_ms=155 mdns_select=109 mdns_recv=3 mdns_sent=4
[INFO] [soap] soap_call "AVTransport" "GetTransportInfo" <InstanceID>0</InstanceID>
[INFO] [soap] assert_http_200 service=AVTransport action=GetTransportInfo handler=avtransport_get_transport_info
[INFO] [soap] soap_call "AVTransport" "GetPositionInfo" <InstanceID>0</InstanceID>
[INFO] [soap] assert_http_200 service=AVTransport action=GetPositionInfo handler=avtransport_get_position_info
[INFO] [soap] soap_call "AVTransport" "GetTransportInfo" <InstanceID>0</InstanceID>
[INFO] [soap] assert_http_200 service=AVTransport action=GetTransportInfo handler=avtransport_get_transport_info
[INFO] [soap] soap_call "AVTransport" "GetPositionInfo" <InstanceID>0</InstanceID>
[INFO] [soap] assert_http_200 service=AVTransport action=GetPositionInfo handler=avtransport_get_position_info
[INFO] [runtime-heartbeat] t_ms=63013236 frame=2757 view=video player_state=loading media=1 return_home_pending=0 protocol_state=media-active owner=dlna generation=2 discovery_suspended=1 service_workers=0,0,0 service_age_ms=45663,45659,45658 media_queue=0 media_high=1 media_command=0 media_kind=0 media_producer=0 media_token=0 media_generation=0 media_command_age_ms=0 media_heartbeat_age_ms=1 media_full=0 media_stale=0 media_timeout=0 media_coalesced=0 media_accepting=1 media_lifecycle=0,1,0,1 log_queue=0 enqueued=251 processed=251 log_high=16 log_heartbeat_age_ms=156 log_waiting=1 queue_dropped=0 mirror_dropped=0 mirror_failures=0 mirror=1 worker=1 mdns_phase=suspended mdns_mode=0 mdns_running=1 mdns_suspended=1 ssdp_suspended=0 mdns_socket=1 mdns_heartbeat_age_ms=155 mdns_select=109 mdns_recv=3 mdns_sent=4
[INFO] [soap] soap_call "AVTransport" "GetTransportInfo" <InstanceID>0</InstanceID>
[INFO] [soap] assert_http_200 service=AVTransport action=GetTransportInfo handler=avtransport_get_transport_info
[INFO] [soap] soap_call "AVTransport" "GetPositionInfo" <InstanceID>0</InstanceID>
[INFO] [soap] assert_http_200 service=AVTransport action=GetPositionInfo handler=avtransport_get_position_info
[INFO] [soap] soap_call "AVTransport" "GetTransportInfo" <InstanceID>0</InstanceID>
[INFO] [soap] assert_http_200 service=AVTransport action=GetTransportInfo handler=avtransport_get_transport_info
[INFO] [soap] soap_call "AVTransport" "GetPositionInfo" <InstanceID>0</InstanceID>
[INFO] [soap] assert_http_200 service=AVTransport action=GetPositionInfo handler=avtransport_get_position_info
[INFO] [runtime-heartbeat] t_ms=63015236 frame=2877 view=video player_state=loading media=1 return_home_pending=0 protocol_state=media-active owner=dlna generation=2 discovery_suspended=1 service_workers=0,0,0 service_age_ms=47663,47659,47658 media_queue=0 media_high=1 media_command=0 media_kind=0 media_producer=0 media_token=0 media_generation=0 media_command_age_ms=0 media_heartbeat_age_ms=9 media_full=0 media_stale=0 media_timeout=0 media_coalesced=0 media_accepting=1 media_lifecycle=0,1,0,1 log_queue=0 enqueued=260 processed=260 log_high=16 log_heartbeat_age_ms=155 log_waiting=1 queue_dropped=0 mirror_dropped=0 mirror_failures=0 mirror=1 worker=1 mdns_phase=suspended mdns_mode=0 mdns_running=1 mdns_suspended=1 ssdp_suspended=0 mdns_socket=1 mdns_heartbeat_age_ms=155 mdns_select=109 mdns_recv=3 mdns_sent=4
[INFO] [soap] soap_call "AVTransport" "GetTransportInfo" <InstanceID>0</InstanceID>
[INFO] [soap] assert_http_200 service=AVTransport action=GetTransportInfo handler=avtransport_get_transport_info
[INFO] [soap] soap_call "AVTransport" "GetPositionInfo" <InstanceID>0</InstanceID>
[INFO] [soap] assert_http_200 service=AVTransport action=GetPositionInfo handler=avtransport_get_position_info
[INFO] [soap] soap_call "AVTransport" "GetTransportInfo" <InstanceID>0</InstanceID>
[INFO] [soap] assert_http_200 service=AVTransport action=GetTransportInfo handler=avtransport_get_transport_info
[INFO] [soap] soap_call "AVTransport" "GetPositionInfo" <InstanceID>0</InstanceID>
[INFO] [soap] assert_http_200 service=AVTransport action=GetPositionInfo handler=avtransport_get_position_info
[INFO] [runtime-heartbeat] t_ms=63017236 frame=2997 view=video player_state=loading media=1 return_home_pending=0 protocol_state=media-active owner=dlna generation=2 discovery_suspended=1 service_workers=0,0,0 service_age_ms=49663,49659,49658 media_queue=0 media_high=1 media_command=0 media_kind=0 media_producer=0 media_token=0 media_generation=0 media_command_age_ms=0 media_heartbeat_age_ms=8 media_full=0 media_stale=0 media_timeout=0 media_coalesced=0 media_accepting=1 media_lifecycle=0,1,0,1 log_queue=0 enqueued=269 processed=269 log_high=16 log_heartbeat_age_ms=130 log_waiting=1 queue_dropped=0 mirror_dropped=0 mirror_failures=0 mirror=1 worker=1 mdns_phase=suspended mdns_mode=0 mdns_running=1 mdns_suspended=1 ssdp_suspended=0 mdns_socket=1 mdns_heartbeat_age_ms=155 mdns_select=109 mdns_recv=3 mdns_sent=4
[INFO] [soap] soap_call "AVTransport" "GetTransportInfo" <InstanceID>0</InstanceID>
[INFO] [soap] assert_http_200 service=AVTransport action=GetTransportInfo handler=avtransport_get_transport_info
[INFO] [soap] soap_call "AVTransport" "GetPositionInfo" <InstanceID>0</InstanceID>
[INFO] [soap] assert_http_200 service=AVTransport action=GetPositionInfo handler=avtransport_get_position_info
[INFO] [soap] soap_call "AVTransport" "GetTransportInfo" <InstanceID>0</InstanceID>
[INFO] [soap] assert_http_200 service=AVTransport action=GetTransportInfo handler=avtransport_get_transport_info
[INFO] [soap] soap_call "AVTransport" "GetPositionInfo" <InstanceID>0</InstanceID>
[INFO] [soap] assert_http_200 service=AVTransport action=GetPositionInfo handler=avtransport_get_position_info
[INFO] [runtime-heartbeat] t_ms=63019236 frame=3117 view=video player_state=loading media=1 return_home_pending=0 protocol_state=media-active owner=dlna generation=2 discovery_suspended=1 service_workers=0,0,0 service_age_ms=51663,51659,51658 media_queue=0 media_high=1 media_command=0 media_kind=0 media_producer=0 media_token=0 media_generation=0 media_command_age_ms=0 media_heartbeat_age_ms=7 media_full=0 media_stale=0 media_timeout=0 media_coalesced=0 media_accepting=1 media_lifecycle=0,1,0,1 log_queue=0 enqueued=278 processed=278 log_high=16 log_heartbeat_age_ms=154 log_waiting=1 queue_dropped=0 mirror_dropped=0 mirror_failures=0 mirror=1 worker=1 mdns_phase=suspended mdns_mode=0 mdns_running=1 mdns_suspended=1 ssdp_suspended=0 mdns_socket=1 mdns_heartbeat_age_ms=155 mdns_select=109 mdns_recv=3 mdns_sent=4
[INFO] [soap] soap_call "AVTransport" "GetTransportInfo" <InstanceID>0</InstanceID>
[INFO] [soap] assert_http_200 service=AVTransport action=GetTransportInfo handler=avtransport_get_transport_info
[INFO] [soap] soap_call "AVTransport" "GetPositionInfo" <InstanceID>0</InstanceID>
[INFO] [soap] assert_http_200 service=AVTransport action=GetPositionInfo handler=avtransport_get_position_info
[INFO] [soap] soap_call "AVTransport" "GetPositionInfo" <InstanceID>0</InstanceID>
[INFO] [soap] assert_http_200 service=AVTransport action=GetPositionInfo handler=avtransport_get_position_info
[INFO] [soap] soap_call "AVTransport" "GetTransportInfo" <InstanceID>0</InstanceID>
[INFO] [soap] assert_http_200 service=AVTransport action=GetTransportInfo handler=avtransport_get_transport_info
[INFO] [runtime-heartbeat] t_ms=63021236 frame=3237 view=video player_state=loading media=1 return_home_pending=0 protocol_state=media-active owner=dlna generation=2 discovery_suspended=1 service_workers=0,0,0 service_age_ms=53663,53659,53658 media_queue=0 media_high=1 media_command=0 media_kind=0 media_producer=0 media_token=0 media_generation=0 media_command_age_ms=0 media_heartbeat_age_ms=6 media_full=0 media_stale=0 media_timeout=0 media_coalesced=0 media_accepting=1 media_lifecycle=0,1,0,1 log_queue=0 enqueued=287 processed=287 log_high=16 log_heartbeat_age_ms=136 log_waiting=1 queue_dropped=0 mirror_dropped=0 mirror_failures=0 mirror=1 worker=1 mdns_phase=suspended mdns_mode=0 mdns_running=1 mdns_suspended=1 ssdp_suspended=0 mdns_socket=1 mdns_heartbeat_age_ms=155 mdns_select=109 mdns_recv=3 mdns_sent=4
[INFO] [soap] soap_call "AVTransport" "GetPositionInfo" <InstanceID>0</InstanceID>
[INFO] [soap] assert_http_200 service=AVTransport action=GetPositionInfo handler=avtransport_get_position_info
[INFO] [soap] soap_call "AVTransport" "GetTransportInfo" <InstanceID>0</InstanceID>
[INFO] [soap] assert_http_200 service=AVTransport action=GetTransportInfo handler=avtransport_get_transport_info
[INFO] [soap] soap_call "AVTransport" "GetPositionInfo" <InstanceID>0</InstanceID>
[INFO] [soap] assert_http_200 service=AVTransport action=GetPositionInfo handler=avtransport_get_position_info
[INFO] [soap] soap_call "AVTransport" "GetTransportInfo" <InstanceID>0</InstanceID>
[INFO] [soap] assert_http_200 service=AVTransport action=GetTransportInfo handler=avtransport_get_transport_info
[INFO] [runtime-heartbeat] t_ms=63023236 frame=3357 view=video player_state=loading media=1 return_home_pending=0 protocol_state=media-active owner=dlna generation=2 discovery_suspended=1 service_workers=0,0,0 service_age_ms=55663,55659,55658 media_queue=0 media_high=1 media_command=0 media_kind=0 media_producer=0 media_token=0 media_generation=0 media_command_age_ms=0 media_heartbeat_age_ms=5 media_full=0 media_stale=0 media_timeout=0 media_coalesced=0 media_accepting=1 media_lifecycle=0,1,0,1 log_queue=0 enqueued=296 processed=296 log_high=16 log_heartbeat_age_ms=72 log_waiting=1 queue_dropped=0 mirror_dropped=0 mirror_failures=0 mirror=1 worker=1 mdns_phase=suspended mdns_mode=0 mdns_running=1 mdns_suspended=1 ssdp_suspended=0 mdns_socket=1 mdns_heartbeat_age_ms=155 mdns_select=109 mdns_recv=3 mdns_sent=4
[INFO] [soap] soap_call "AVTransport" "GetPositionInfo" <InstanceID>0</InstanceID>
[INFO] [soap] assert_http_200 service=AVTransport action=GetPositionInfo handler=avtransport_get_position_info
[INFO] [soap] soap_call "AVTransport" "GetTransportInfo" <InstanceID>0</InstanceID>
[INFO] [soap] assert_http_200 service=AVTransport action=GetTransportInfo handler=avtransport_get_transport_info
[INFO] [soap] soap_call "AVTransport" "Pause" <InstanceID>0</InstanceID>
[INFO] [media-trace] seq=1 t_ms=35047 layer=soap action=Pause phase=begin url_hash=2d282f3d detail=- url=<URL_REDACTED>
[INFO] [media-trace] seq=1 t_ms=35047 layer=player action=Pause phase=backend-call-begin url_hash=2d282f3d detail=-
[INFO] [media-trace] seq=1 t_ms=35047 layer=libmpv action=Pause phase=dispatch url_hash=2d282f3d detail=- url=<URL_REDACTED>
[INFO] [media-trace] seq=1 t_ms=35047 layer=libmpv action=startup-gate phase=released url_hash=2d282f3d detail=explicit-pause url=<URL_REDACTED>
[INFO] [media-trace] seq=1 t_ms=35047 layer=player action=Pause phase=backend-call-done url_hash=2d282f3d detail=ok
[INFO] [media-trace] seq=1 t_ms=35047 layer=player action=Pause phase=snapshot-refresh-begin url_hash=2d282f3d detail=-
[INFO] [media-trace] seq=1 t_ms=35047 layer=player action=Pause phase=snapshot-refresh-done url_hash=2d282f3d detail=-
[INFO] [media-trace] seq=1 t_ms=35047 layer=player action=Pause phase=backend-wakeup-begin url_hash=2d282f3d detail=-
[INFO] [media-trace] seq=1 t_ms=35047 layer=player action=Pause phase=backend-wakeup-done url_hash=2d282f3d detail=-
[INFO] [media-trace] seq=1 t_ms=35047 layer=soap action=Pause phase=done url_hash=2d282f3d detail=- url=<URL_REDACTED>
[INFO] [soap] assert_http_200 service=AVTransport action=Pause handler=avtransport_pause
[INFO] [soap] soap_call "AVTransport" "Play" <InstanceID>0</InstanceID> <Speed>1</Speed>
[INFO] [media-trace] seq=1 t_ms=35634 layer=soap action=Play phase=begin url_hash=2d282f3d detail=1 url=<URL_REDACTED>
[INFO] [media-trace] seq=1 t_ms=35634 layer=player action=Play phase=backend-call-begin url_hash=2d282f3d detail=-
[INFO] [media-trace] seq=1 t_ms=35634 layer=libmpv action=Play phase=mutex-wait url_hash=2d282f3d detail=- url=<URL_REDACTED>
[INFO] [media-trace] seq=1 t_ms=35634 layer=libmpv action=Play phase=mutex-acquired url_hash=2d282f3d detail=- url=<URL_REDACTED>
[INFO] [media-trace] seq=1 t_ms=35634 layer=libmpv action=Play phase=deferred url_hash=2d282f3d detail=waiting-file-loaded url=<URL_REDACTED>
[INFO] [media-trace] seq=1 t_ms=35634 layer=player action=Play phase=backend-call-done url_hash=2d282f3d detail=ok
[INFO] [media-trace] seq=1 t_ms=35634 layer=player action=Play phase=snapshot-refresh-begin url_hash=2d282f3d detail=-
[INFO] [media-trace] seq=1 t_ms=35634 layer=player action=Play phase=snapshot-refresh-done url_hash=2d282f3d detail=-
[INFO] [media-trace] seq=1 t_ms=35634 layer=player action=Play phase=backend-wakeup-begin url_hash=2d282f3d detail=-
[INFO] [media-trace] seq=1 t_ms=35634 layer=player action=Play phase=backend-wakeup-done url_hash=2d282f3d detail=-
[INFO] [media-trace] seq=1 t_ms=35634 layer=soap action=Play phase=done url_hash=2d282f3d detail=1 url=<URL_REDACTED>
[INFO] [soap] assert_http_200 service=AVTransport action=Play handler=avtransport_play
[INFO] [soap] soap_call "AVTransport" "GetPositionInfo" <InstanceID>0</InstanceID>
[INFO] [soap] assert_http_200 service=AVTransport action=GetPositionInfo handler=avtransport_get_position_info
[INFO] [soap] soap_call "AVTransport" "GetTransportInfo" <InstanceID>0</InstanceID>
[INFO] [soap] assert_http_200 service=AVTransport action=GetTransportInfo handler=avtransport_get_transport_info
[INFO] [runtime-heartbeat] t_ms=63025236 frame=3477 view=video player_state=loading media=1 return_home_pending=0 protocol_state=media-active owner=dlna generation=2 discovery_suspended=1 service_workers=0,0,0 service_age_ms=57663,57659,57658 media_queue=0 media_high=1 media_command=0 media_kind=0 media_producer=0 media_token=0 media_generation=0 media_command_age_ms=0 media_heartbeat_age_ms=4 media_full=0 media_stale=0 media_timeout=0 media_coalesced=0 media_accepting=1 media_lifecycle=0,1,0,1 log_queue=0 enqueued=330 processed=330 log_high=16 log_heartbeat_age_ms=541 log_waiting=1 queue_dropped=0 mirror_dropped=0 mirror_failures=0 mirror=1 worker=1 mdns_phase=suspended mdns_mode=0 mdns_running=1 mdns_suspended=1 ssdp_suspended=0 mdns_socket=1 mdns_heartbeat_age_ms=155 mdns_select=109 mdns_recv=3 mdns_sent=4
[INFO] [soap] soap_call "AVTransport" "Stop" <InstanceID>0</InstanceID>
[INFO] [media-trace] seq=1 t_ms=36570 layer=soap action=Stop phase=begin url_hash=2d282f3d detail=- url=<URL_REDACTED>
[INFO] [media-trace] seq=1 t_ms=36570 layer=player action=Stop phase=backend-call-begin url_hash=2d282f3d detail=-
[INFO] [media-trace] seq=1 t_ms=36570 layer=libmpv action=Stop phase=mutex-wait url_hash=2d282f3d detail=- url=<URL_REDACTED>
[INFO] [media-trace] seq=1 t_ms=36570 layer=libmpv action=Stop phase=mutex-acquired url_hash=2d282f3d detail=- url=<URL_REDACTED>
[INFO] [media-trace] seq=1 t_ms=36570 layer=libmpv action=Stop phase=dispatch url_hash=2d282f3d detail=- url=<URL_REDACTED>
[INFO] [media-trace] seq=1 t_ms=36570 layer=player action=Stop phase=backend-call-done url_hash=2d282f3d detail=ok
[INFO] [media-trace] seq=1 t_ms=36571 layer=player action=Stop phase=snapshot-refresh-begin url_hash=2d282f3d detail=-
[INFO] [media-trace] seq=1 t_ms=36571 layer=player action=Stop phase=snapshot-refresh-done url_hash=2d282f3d detail=-
[INFO] [media-trace] seq=1 t_ms=36571 layer=player action=Stop phase=backend-wakeup-begin url_hash=2d282f3d detail=-
[INFO] [media-trace] seq=1 t_ms=36571 layer=player action=Stop phase=backend-wakeup-done url_hash=2d282f3d detail=-
[INFO] [media-trace] seq=1 t_ms=36571 layer=soap action=Stop phase=done url_hash=2d282f3d detail=- url=<URL_REDACTED>
[INFO] [soap] assert_http_200 service=AVTransport action=Stop handler=avtransport_stop
[INFO] [protocol-coordinator] revision=8->9 state=media-active->media-active iptv=running->running dlna=running->running airplay=running->running owner=dlna->dlna token=1 generation=2 pin_visible=0 discovery_suspended=1->0 airplay_running=1 airplay_starting=0 status=Ready for AirPlay video
[INFO] [media-trace] seq=1 t_ms=36605 layer=render action=first-frame phase=presented url_hash=2d282f3d frame=3499 presented=3499
[WARN] [player-libmpv][ffmpeg/demuxer] mov,mp4,m4a,3gp,3g2,mj2: STSC entry 121 is invalid (first=0 count=0 id=0)
[WARN] [player-libmpv][ffmpeg/demuxer] mov,mp4,m4a,3gp,3g2,mj2: reached eof, corrupted STSC atom
[ERROR] [player-libmpv][ffmpeg/demuxer] mov,mp4,m4a,3gp,3g2,mj2: error reading header
[ERROR] [player-libmpv][lavf] avformat_open_input() failed
[INFO] [player-libmpv] end-file uri=<URL_REDACTED> reason=stop error=success
[INFO] [media-trace] seq=1 t_ms=36642 layer=libmpv action=mpv-end-file phase=event url_hash=2d282f3d detail=stop url=<URL_REDACTED>
[INFO] [player-view] desired_view=home state=STOPPED has_media=1 uri=<URL_REDACTED>
[INFO] [player-view] active_view=home frame=3587
[INFO] [input] active_view=home state=stopped media=1 snapshot=1
[INFO] [runtime-heartbeat] t_ms=63027236 frame=3597 view=home player_state=stopped media=1 return_home_pending=0 protocol_state=media-active owner=dlna generation=2 discovery_suspended=0 service_workers=0,0,0 service_age_ms=59663,59659,59658 media_queue=0 media_high=1 media_command=0 media_kind=0 media_producer=0 media_token=0 media_generation=0 media_command_age_ms=0 media_heartbeat_age_ms=5 media_full=0 media_stale=0 media_timeout=0 media_coalesced=0 media_accepting=1 media_lifecycle=0,1,0,1 log_queue=0 enqueued=355 processed=355 log_high=16 log_heartbeat_age_ms=132 log_waiting=1 queue_dropped=0 mirror_dropped=0 mirror_failures=0 mirror=1 worker=1 mdns_phase=waiting mdns_mode=0 mdns_running=1 mdns_suspended=0 ssdp_suspended=0 mdns_socket=1 mdns_heartbeat_age_ms=5 mdns_select=121 mdns_recv=8 mdns_sent=10
[INFO] [runtime-heartbeat] t_ms=63029236 frame=3717 view=home player_state=stopped media=1 return_home_pending=0 protocol_state=media-active owner=dlna generation=2 discovery_suspended=0 service_workers=0,0,0 service_age_ms=61663,61659,61658 media_queue=0 media_high=1 media_command=0 media_kind=0 media_producer=0 media_token=0 media_generation=0 media_command_age_ms=0 media_heartbeat_age_ms=4 media_full=0 media_stale=0 media_timeout=0 media_coalesced=0 media_accepting=1 media_lifecycle=0,1,0,1 log_queue=0 enqueued=356 processed=356 log_high=16 log_heartbeat_age_ms=2000 log_waiting=1 queue_dropped=0 mirror_dropped=0 mirror_failures=0 mirror=1 worker=1 mdns_phase=waiting mdns_mode=0 mdns_running=1 mdns_suspended=0 ssdp_suspended=0 mdns_socket=1 mdns_heartbeat_age_ms=5 mdns_select=131 mdns_recv=8 mdns_sent=10
[INFO] [runtime-heartbeat] t_ms=63031236 frame=3837 view=home player_state=stopped media=1 return_home_pending=0 protocol_state=media-active owner=dlna generation=2 discovery_suspended=0 service_workers=0,0,0 service_age_ms=63663,63659,63658 media_queue=0 media_high=1 media_command=0 media_kind=0 media_producer=0 media_token=0 media_generation=0 media_command_age_ms=0 media_heartbeat_age_ms=3 media_full=0 media_stale=0 media_timeout=0 media_coalesced=0 media_accepting=1 media_lifecycle=0,1,0,1 log_queue=0 enqueued=357 processed=357 log_high=16 log_heartbeat_age_ms=2000 log_waiting=1 queue_dropped=0 mirror_dropped=0 mirror_failures=0 mirror=1 worker=1 mdns_phase=waiting mdns_mode=0 mdns_running=1 mdns_suspended=0 ssdp_suspended=0 mdns_socket=1 mdns_heartbeat_age_ms=35 mdns_select=141 mdns_recv=9 mdns_sent=12
[INFO] [runtime-heartbeat] t_ms=63033236 frame=3957 view=home player_state=stopped media=1 return_home_pending=0 protocol_state=media-active owner=dlna generation=2 discovery_suspended=0 service_workers=0,0,0 service_age_ms=65663,65659,65658 media_queue=0 media_high=1 media_command=0 media_kind=0 media_producer=0 media_token=0 media_generation=0 media_command_age_ms=0 media_heartbeat_age_ms=2 media_full=0 media_stale=0 media_timeout=0 media_coalesced=0 media_accepting=1 media_lifecycle=0,1,0,1 log_queue=0 enqueued=358 processed=358 log_high=16 log_heartbeat_age_ms=2000 log_waiting=1 queue_dropped=0 mirror_dropped=0 mirror_failures=0 mirror=1 worker=1 mdns_phase=waiting mdns_mode=0 mdns_running=1 mdns_suspended=0 ssdp_suspended=0 mdns_socket=1 mdns_heartbeat_age_ms=34 mdns_select=151 mdns_recv=9 mdns_sent=12
[INFO] [ssdp] send packet to <IP_REDACTED>:8790 st=upnp:rootdevice bytes=283
[INFO] [ssdp] send packet to <IP_REDACTED>:8790 st=upnp:rootdevice bytes=283
[INFO] [ssdp] send packet to <IP_REDACTED>:8790 st=upnp:rootdevice bytes=283
[INFO] [soap] soap_call "AVTransport" "SetAVTransportURI" <InstanceID>0</InstanceID> <CurrentURI><URL_REDACTED></CurrentURI>
[INFO] [media-trace] seq=2 t_ms=0 action=SetAVTransportURI phase=begin url_hash=52b5827a metadata_bytes=2063 url=<URL_REDACTED>
[INFO] [media-trace] seq=2 t_ms=0 layer=soap action=SetAVTransportURI phase=dispatch instance=0 url_hash=52b5827a url=<URL_REDACTED>
[INFO] [protocol-coordinator] event=claim previous_owner=dlna previous_token=1 previous_generation=2 owner=dlna token=1 generation=3
[INFO] [media-trace] seq=2 t_ms=0 layer=player action=set_media phase=begin url_hash=52b5827a url=<URL_REDACTED>
[INFO] [media-trace] seq=2 t_ms=0 layer=libmpv action=set_media phase=begin url_hash=52b5827a detail=- url=<URL_REDACTED>
[INFO] [media-trace] seq=2 t_ms=0 layer=libmpv action=set_media phase=mutex-wait url_hash=52b5827a detail=- url=<URL_REDACTED>
[INFO] [media-trace] seq=2 t_ms=0 layer=libmpv action=set_media phase=mutex-acquired url_hash=52b5827a detail=- url=<URL_REDACTED>
[INFO] [media-trace] seq=2 t_ms=0 layer=libmpv action=loadfile phase=dispatch url_hash=52b5827a detail=paused=1 profile=direct-mp4-fast url=<URL_REDACTED>
[INFO] [media-trace] seq=2 t_ms=0 layer=libmpv action=loadfile phase=queued url_hash=52b5827a detail=paused=1 profile=direct-mp4-fast url=<URL_REDACTED>
[INFO] [media-trace] seq=2 t_ms=0 layer=libmpv action=set_media phase=done url_hash=52b5827a detail=- url=<URL_REDACTED>
[INFO] [media-trace] seq=2 t_ms=0 layer=player action=set_media phase=done url_hash=52b5827a url=<URL_REDACTED>
[INFO] [media-trace] seq=2 t_ms=1 layer=libmpv action=mpv-start-file phase=event url_hash=52b5827a detail=- url=<URL_REDACTED>
[INFO] [player-libmpv] start-file uri=<URL_REDACTED>
[INFO] [media-trace] seq=2 t_ms=1 layer=soap action=SetAVTransportURI phase=done url_hash=52b5827a url=<URL_REDACTED>
[INFO] [soap] assert_http_200 service=AVTransport action=SetAVTransportURI handler=avtransport_set_uri
[INFO] [protocol-coordinator] revision=9->11 state=media-active->media-active iptv=running->running dlna=running->running airplay=running->running owner=dlna->dlna token=1 generation=3 pin_visible=0 discovery_suspended=0->1 airplay_running=1 airplay_starting=0 status=Ready for AirPlay video
[INFO] [player-view] desired_view=video state=LOADING has_media=1 uri=<URL_REDACTED>
[INFO] [player-view] active_view=video frame=4058
[INFO] [input] active_view=video state=loading media=1 snapshot=1
[INFO] [soap] soap_call "AVTransport" "Play" <InstanceID>0</InstanceID> <Speed>1</Speed>
[INFO] [media-trace] seq=2 t_ms=15 layer=soap action=Play phase=begin url_hash=52b5827a detail=1 url=<URL_REDACTED>
[INFO] [media-trace] seq=2 t_ms=15 layer=player action=Play phase=backend-call-begin url_hash=52b5827a detail=-
[INFO] [media-trace] seq=2 t_ms=15 layer=libmpv action=Play phase=mutex-wait url_hash=52b5827a detail=- url=<URL_REDACTED>
[INFO] [media-trace] seq=2 t_ms=15 layer=libmpv action=Play phase=mutex-acquired url_hash=52b5827a detail=- url=<URL_REDACTED>
[INFO] [media-trace] seq=2 t_ms=15 layer=libmpv action=Play phase=deferred url_hash=52b5827a detail=waiting-file-loaded url=<URL_REDACTED>
[INFO] [media-trace] seq=2 t_ms=15 layer=player action=Play phase=backend-call-done url_hash=52b5827a detail=ok
[INFO] [media-trace] seq=2 t_ms=15 layer=player action=Play phase=snapshot-refresh-begin url_hash=52b5827a detail=-
[INFO] [media-trace] seq=2 t_ms=15 layer=player action=Play phase=snapshot-refresh-done url_hash=52b5827a detail=-
[INFO] [media-trace] seq=2 t_ms=15 layer=player action=Play phase=backend-wakeup-begin url_hash=52b5827a detail=-
[INFO] [media-trace] seq=2 t_ms=15 layer=player action=Play phase=backend-wakeup-done url_hash=52b5827a detail=-
[INFO] [media-trace] seq=2 t_ms=15 layer=soap action=Play phase=done url_hash=52b5827a detail=1 url=<URL_REDACTED>
[INFO] [soap] assert_http_200 service=AVTransport action=Play handler=avtransport_play
[INFO] [soap] soap_call "AVTransport" "GetTransportInfo" <InstanceID>0</InstanceID>
[INFO] [soap] assert_http_200 service=AVTransport action=GetTransportInfo handler=avtransport_get_transport_info
[INFO] [soap] soap_call "AVTransport" "GetPositionInfo" <InstanceID>0</InstanceID>
[INFO] [soap] assert_http_200 service=AVTransport action=GetPositionInfo handler=avtransport_get_position_info
[INFO] [runtime-heartbeat] t_ms=63035236 frame=4077 view=video player_state=loading media=1 return_home_pending=0 protocol_state=media-active owner=dlna generation=3 discovery_suspended=1 service_workers=0,0,0 service_age_ms=67663,67659,67658 media_queue=0 media_high=1 media_command=0 media_kind=0 media_producer=0 media_token=0 media_generation=0 media_command_age_ms=0 media_heartbeat_age_ms=8 media_full=0 media_stale=0 media_timeout=0 media_coalesced=0 media_accepting=1 media_lifecycle=0,1,0,1 log_queue=0 enqueued=399 processed=399 log_high=16 log_heartbeat_age_ms=285 log_waiting=1 queue_dropped=0 mirror_dropped=0 mirror_failures=0 mirror=1 worker=1 mdns_phase=suspended mdns_mode=0 mdns_running=1 mdns_suspended=1 ssdp_suspended=0 mdns_socket=1 mdns_heartbeat_age_ms=33 mdns_select=160 mdns_recv=9 mdns_sent=12
[INFO] [soap] soap_call "AVTransport" "GetTransportInfo" <InstanceID>0</InstanceID>
[INFO] [soap] assert_http_200 service=AVTransport action=GetTransportInfo handler=avtransport_get_transport_info
[INFO] [soap] soap_call "AVTransport" "GetPositionInfo" <InstanceID>0</InstanceID>
[INFO] [soap] assert_http_200 service=AVTransport action=GetPositionInfo handler=avtransport_get_position_info
[INFO] [soap] soap_call "AVTransport" "GetPositionInfo" <InstanceID>0</InstanceID>
[INFO] [soap] assert_http_200 service=AVTransport action=GetPositionInfo handler=avtransport_get_position_info
[INFO] [soap] soap_call "AVTransport" "GetTransportInfo" <InstanceID>0</InstanceID>
[INFO] [soap] assert_http_200 service=AVTransport action=GetTransportInfo handler=avtransport_get_transport_info
[INFO] [runtime-heartbeat] t_ms=63037236 frame=4197 view=video player_state=loading media=1 return_home_pending=0 protocol_state=media-active owner=dlna generation=3 discovery_suspended=1 service_workers=0,0,0 service_age_ms=69663,69659,69658 media_queue=0 media_high=1 media_command=0 media_kind=0 media_producer=0 media_token=0 media_generation=0 media_command_age_ms=0 media_heartbeat_age_ms=7 media_full=0 media_stale=0 media_timeout=0 media_coalesced=0 media_accepting=1 media_lifecycle=0,1,0,1 log_queue=0 enqueued=408 processed=408 log_high=16 log_heartbeat_age_ms=263 log_waiting=1 queue_dropped=0 mirror_dropped=0 mirror_failures=0 mirror=1 worker=1 mdns_phase=suspended mdns_mode=0 mdns_running=1 mdns_suspended=1 ssdp_suspended=0 mdns_socket=1 mdns_heartbeat_age_ms=33 mdns_select=160 mdns_recv=9 mdns_sent=12
[INFO] [soap] soap_call "AVTransport" "GetPositionInfo" <InstanceID>0</InstanceID>
[INFO] [soap] assert_http_200 service=AVTransport action=GetPositionInfo handler=avtransport_get_position_info
[INFO] [soap] soap_call "AVTransport" "GetTransportInfo" <InstanceID>0</InstanceID>
[INFO] [soap] assert_http_200 service=AVTransport action=GetTransportInfo handler=avtransport_get_transport_info
[INFO] [soap] soap_call "AVTransport" "GetTransportInfo" <InstanceID>0</InstanceID>
[INFO] [soap] assert_http_200 service=AVTransport action=GetTransportInfo handler=avtransport_get_transport_info
[INFO] [soap] soap_call "AVTransport" "GetPositionInfo" <InstanceID>0</InstanceID>
[INFO] [soap] assert_http_200 service=AVTransport action=GetPositionInfo handler=avtransport_get_position_info
[INFO] [runtime-heartbeat] t_ms=63039236 frame=4317 view=video player_state=loading media=1 return_home_pending=0 protocol_state=media-active owner=dlna generation=3 discovery_suspended=1 service_workers=0,0,0 service_age_ms=71663,71659,71658 media_queue=0 media_high=1 media_command=0 media_kind=0 media_producer=0 media_token=0 media_generation=0 media_command_age_ms=0 media_heartbeat_age_ms=6 media_full=0 media_stale=0 media_timeout=0 media_coalesced=0 media_accepting=1 media_lifecycle=0,1,0,1 log_queue=0 enqueued=417 processed=417 log_high=16 log_heartbeat_age_ms=151 log_waiting=1 queue_dropped=0 mirror_dropped=0 mirror_failures=0 mirror=1 worker=1 mdns_phase=suspended mdns_mode=0 mdns_running=1 mdns_suspended=1 ssdp_suspended=0 mdns_socket=1 mdns_heartbeat_age_ms=33 mdns_select=160 mdns_recv=9 mdns_sent=12
[INFO] [soap] soap_call "AVTransport" "GetTransportInfo" <InstanceID>0</InstanceID>
[INFO] [soap] assert_http_200 service=AVTransport action=GetTransportInfo handler=avtransport_get_transport_info
[INFO] [soap] soap_call "AVTransport" "GetPositionInfo" <InstanceID>0</InstanceID>
[INFO] [soap] assert_http_200 service=AVTransport action=GetPositionInfo handler=avtransport_get_position_info
[INFO] [soap] soap_call "AVTransport" "GetPositionInfo" <InstanceID>0</InstanceID>
[INFO] [soap] assert_http_200 service=AVTransport action=GetPositionInfo handler=avtransport_get_position_info
[INFO] [soap] soap_call "AVTransport" "GetTransportInfo" <InstanceID>0</InstanceID>
[INFO] [soap] assert_http_200 service=AVTransport action=GetTransportInfo handler=avtransport_get_transport_info
[INFO] [runtime-heartbeat] t_ms=63041236 frame=4437 view=video player_state=loading media=1 return_home_pending=0 protocol_state=media-active owner=dlna generation=3 discovery_suspended=1 service_workers=0,0,0 service_age_ms=73663,73659,73658 media_queue=0 media_high=1 media_command=0 media_kind=0 media_producer=0 media_token=0 media_generation=0 media_command_age_ms=0 media_heartbeat_age_ms=5 media_full=0 media_stale=0 media_timeout=0 media_coalesced=0 media_accepting=1 media_lifecycle=0,1,0,1 log_queue=0 enqueued=426 processed=426 log_high=16 log_heartbeat_age_ms=271 log_waiting=1 queue_dropped=0 mirror_dropped=0 mirror_failures=0 mirror=1 worker=1 mdns_phase=suspended mdns_mode=0 mdns_running=1 mdns_suspended=1 ssdp_suspended=0 mdns_socket=1 mdns_heartbeat_age_ms=33 mdns_select=160 mdns_recv=9 mdns_sent=12
[INFO] [soap] soap_call "AVTransport" "GetTransportInfo" <InstanceID>0</InstanceID>
[INFO] [soap] assert_http_200 service=AVTransport action=GetTransportInfo handler=avtransport_get_transport_info
[INFO] [soap] soap_call "AVTransport" "GetPositionInfo" <InstanceID>0</InstanceID>
[INFO] [soap] assert_http_200 service=AVTransport action=GetPositionInfo handler=avtransport_get_position_info
[INFO] [soap] soap_call "AVTransport" "GetTransportInfo" <InstanceID>0</InstanceID>
[INFO] [soap] assert_http_200 service=AVTransport action=GetTransportInfo handler=avtransport_get_transport_info
[INFO] [soap] soap_call "AVTransport" "GetPositionInfo" <InstanceID>0</InstanceID>
[INFO] [soap] assert_http_200 service=AVTransport action=GetPositionInfo handler=avtransport_get_position_info
[INFO] [runtime-heartbeat] t_ms=63043236 frame=4557 view=video player_state=loading media=1 return_home_pending=0 protocol_state=media-active owner=dlna generation=3 discovery_suspended=1 service_workers=0,0,0 service_age_ms=75663,75659,75658 media_queue=0 media_high=1 media_command=0 media_kind=0 media_producer=0 media_token=0 media_generation=0 media_command_age_ms=0 media_heartbeat_age_ms=3 media_full=0 media_stale=0 media_timeout=0 media_coalesced=0 media_accepting=1 media_lifecycle=0,1,0,1 log_queue=0 enqueued=435 processed=435 log_high=16 log_heartbeat_age_ms=280 log_waiting=1 queue_dropped=0 mirror_dropped=0 mirror_failures=0 mirror=1 worker=1 mdns_phase=suspended mdns_mode=0 mdns_running=1 mdns_suspended=1 ssdp_suspended=0 mdns_socket=1 mdns_heartbeat_age_ms=33 mdns_select=160 mdns_recv=9 mdns_sent=12
[INFO] [soap] soap_call "AVTransport" "GetTransportInfo" <InstanceID>0</InstanceID>
[INFO] [soap] assert_http_200 service=AVTransport action=GetTransportInfo handler=avtransport_get_transport_info
[INFO] [soap] soap_call "AVTransport" "GetPositionInfo" <InstanceID>0</InstanceID>
[INFO] [soap] assert_http_200 service=AVTransport action=GetPositionInfo handler=avtransport_get_position_info
[INFO] [soap] soap_call "AVTransport" "GetPositionInfo" <InstanceID>0</InstanceID>
[INFO] [soap] assert_http_200 service=AVTransport action=GetPositionInfo handler=avtransport_get_position_info
[INFO] [soap] soap_call "AVTransport" "GetTransportInfo" <InstanceID>0</InstanceID>
[INFO] [soap] assert_http_200 service=AVTransport action=GetTransportInfo handler=avtransport_get_transport_info
[INFO] [runtime-heartbeat] t_ms=63045236 frame=4677 view=video player_state=loading media=1 return_home_pending=0 protocol_state=media-active owner=dlna generation=3 discovery_suspended=1 service_workers=0,0,0 service_age_ms=77663,77659,77658 media_queue=0 media_high=1 media_command=0 media_kind=0 media_producer=0 media_token=0 media_generation=0 media_command_age_ms=0 media_heartbeat_age_ms=2 media_full=0 media_stale=0 media_timeout=0 media_coalesced=0 media_accepting=1 media_lifecycle=0,1,0,1 log_queue=0 enqueued=444 processed=444 log_high=16 log_heartbeat_age_ms=280 log_waiting=1 queue_dropped=0 mirror_dropped=0 mirror_failures=0 mirror=1 worker=1 mdns_phase=suspended mdns_mode=0 mdns_running=1 mdns_suspended=1 ssdp_suspended=0 mdns_socket=1 mdns_heartbeat_age_ms=33 mdns_select=160 mdns_recv=9 mdns_sent=12
[INFO] [soap] soap_call "AVTransport" "GetTransportInfo" <InstanceID>0</InstanceID>
[INFO] [soap] assert_http_200 service=AVTransport action=GetTransportInfo handler=avtransport_get_transport_info
[INFO] [soap] soap_call "AVTransport" "GetPositionInfo" <InstanceID>0</InstanceID>
[INFO] [soap] assert_http_200 service=AVTransport action=GetPositionInfo handler=avtransport_get_position_info
[INFO] [soap] soap_call "AVTransport" "GetPositionInfo" <InstanceID>0</InstanceID>
[INFO] [soap] assert_http_200 service=AVTransport action=GetPositionInfo handler=avtransport_get_position_info
[INFO] [soap] soap_call "AVTransport" "GetTransportInfo" <InstanceID>0</InstanceID>
[INFO] [soap] assert_http_200 service=AVTransport action=GetTransportInfo handler=avtransport_get_transport_info
[INFO] [runtime-heartbeat] t_ms=63047236 frame=4797 view=video player_state=loading media=1 return_home_pending=0 protocol_state=media-active owner=dlna generation=3 discovery_suspended=1 service_workers=0,0,0 service_age_ms=79663,79659,79658 media_queue=0 media_high=1 media_command=0 media_kind=0 media_producer=0 media_token=0 media_generation=0 media_command_age_ms=0 media_heartbeat_age_ms=1 media_full=0 media_stale=0 media_timeout=0 media_coalesced=0 media_accepting=1 media_lifecycle=0,1,0,1 log_queue=0 enqueued=453 processed=453 log_high=16 log_heartbeat_age_ms=279 log_waiting=1 queue_dropped=0 mirror_dropped=0 mirror_failures=0 mirror=1 worker=1 mdns_phase=suspended mdns_mode=0 mdns_running=1 mdns_suspended=1 ssdp_suspended=0 mdns_socket=1 mdns_heartbeat_age_ms=33 mdns_select=160 mdns_recv=9 mdns_sent=12
[INFO] [soap] soap_call "AVTransport" "GetTransportInfo" <InstanceID>0</InstanceID>
[INFO] [soap] assert_http_200 service=AVTransport action=GetTransportInfo handler=avtransport_get_transport_info
[INFO] [soap] soap_call "AVTransport" "GetPositionInfo" <InstanceID>0</InstanceID>
[INFO] [soap] assert_http_200 service=AVTransport action=GetPositionInfo handler=avtransport_get_position_info
[INFO] [soap] soap_call "AVTransport" "GetTransportInfo" <InstanceID>0</InstanceID>
[INFO] [soap] assert_http_200 service=AVTransport action=GetTransportInfo handler=avtransport_get_transport_info
[INFO] [soap] soap_call "AVTransport" "GetPositionInfo" <InstanceID>0</InstanceID>
[INFO] [soap] assert_http_200 service=AVTransport action=GetPositionInfo handler=avtransport_get_position_info
[INFO] [runtime-heartbeat] t_ms=63049236 frame=4917 view=video player_state=loading media=1 return_home_pending=0 protocol_state=media-active owner=dlna generation=3 discovery_suspended=1 service_workers=0,0,0 service_age_ms=81663,81659,81658 media_queue=0 media_high=1 media_command=0 media_kind=0 media_producer=0 media_token=0 media_generation=0 media_command_age_ms=0 media_heartbeat_age_ms=0 media_full=0 media_stale=0 media_timeout=0 media_coalesced=0 media_accepting=1 media_lifecycle=0,1,0,1 log_queue=0 enqueued=462 processed=462 log_high=16 log_heartbeat_age_ms=281 log_waiting=1 queue_dropped=0 mirror_dropped=0 mirror_failures=0 mirror=1 worker=1 mdns_phase=suspended mdns_mode=0 mdns_running=1 mdns_suspended=1 ssdp_suspended=0 mdns_socket=1 mdns_heartbeat_age_ms=33 mdns_select=160 mdns_recv=9 mdns_sent=12
[INFO] [soap] soap_call "AVTransport" "GetPositionInfo" <InstanceID>0</InstanceID>
[INFO] [soap] assert_http_200 service=AVTransport action=GetPositionInfo handler=avtransport_get_position_info
[INFO] [soap] soap_call "AVTransport" "GetTransportInfo" <InstanceID>0</InstanceID>
[INFO] [soap] assert_http_200 service=AVTransport action=GetTransportInfo handler=avtransport_get_transport_info
[INFO] [soap] soap_call "AVTransport" "GetTransportInfo" <InstanceID>0</InstanceID>
[INFO] [soap] assert_http_200 service=AVTransport action=GetTransportInfo handler=avtransport_get_transport_info
[INFO] [soap] soap_call "AVTransport" "GetPositionInfo" <InstanceID>0</InstanceID>
[INFO] [soap] assert_http_200 service=AVTransport action=GetPositionInfo handler=avtransport_get_position_info
[WARN] [player-libmpv][ffmpeg] http: HTTP error 554 Receive Timeout From Mid Origin
[ERROR] [player-libmpv][stream] Failed to open <URL_REDACTED>
[ERROR] [player-libmpv][ytdl_hook]
[ERROR] [player-libmpv][ytdl_hook] youtube-dl failed: unexpected error occurred
[INFO] [player-libmpv] end-file uri=<URL_REDACTED> reason=error error=loading failed
[INFO] [media-trace] seq=2 t_ms=16175 layer=libmpv action=mpv-end-file phase=event url_hash=52b5827a detail=error url=<URL_REDACTED>
[INFO] [protocol-coordinator] revision=11->12 state=media-active->media-active iptv=running->running dlna=running->running airplay=running->running owner=dlna->dlna token=1 generation=3 pin_visible=0 discovery_suspended=1->0 airplay_running=1 airplay_starting=0 status=Ready for AirPlay video
[INFO] [player-view] desired_view=home state=ERROR has_media=1 uri=<URL_REDACTED>
[INFO] [player-view] active_view=home frame=5028
[INFO] [input] active_view=home state=error media=1 snapshot=1
[INFO] [runtime-heartbeat] t_ms=63051236 frame=5037 view=home player_state=error media=1 return_home_pending=0 protocol_state=media-active owner=dlna generation=3 discovery_suspended=0 service_workers=0,0,0 service_age_ms=83663,83659,83658 media_queue=0 media_high=1 media_command=0 media_kind=0 media_producer=0 media_token=0 media_generation=0 media_command_age_ms=0 media_heartbeat_age_ms=8 media_full=0 media_stale=0 media_timeout=0 media_coalesced=0 media_accepting=1 media_lifecycle=0,1,0,1 log_queue=0 enqueued=481 processed=481 log_high=16 log_heartbeat_age_ms=133 log_waiting=1 queue_dropped=0 mirror_dropped=0 mirror_failures=0 mirror=1 worker=1 mdns_phase=waiting mdns_mode=0 mdns_running=1 mdns_suspended=0 ssdp_suspended=0 mdns_socket=1 mdns_heartbeat_age_ms=30 mdns_select=187 mdns_recv=36 mdns_sent=14
[INFO] [soap] soap_call "AVTransport" "GetPositionInfo" <InstanceID>0</InstanceID>
[INFO] [soap] assert_http_200 service=AVTransport action=GetPositionInfo handler=avtransport_get_position_info
[INFO] [soap] soap_call "AVTransport" "GetTransportInfo" <InstanceID>0</InstanceID>
[INFO] [soap] assert_http_200 service=AVTransport action=GetTransportInfo handler=avtransport_get_transport_info
[INFO] [soap] soap_call "AVTransport" "GetPositionInfo" <InstanceID>0</InstanceID>
[INFO] [soap] assert_http_200 service=AVTransport action=GetPositionInfo handler=avtransport_get_position_info
[INFO] [soap] soap_call "AVTransport" "GetTransportInfo" <InstanceID>0</InstanceID>
[INFO] [soap] assert_http_200 service=AVTransport action=GetTransportInfo handler=avtransport_get_transport_info
[INFO] [soap] soap_call "AVTransport" "Stop" <InstanceID>0</InstanceID>
[INFO] [media-trace] seq=2 t_ms=18084 layer=soap action=Stop phase=begin url_hash=52b5827a detail=- url=<URL_REDACTED>
[INFO] [media-trace] seq=2 t_ms=18084 layer=player action=Stop phase=backend-call-begin url_hash=52b5827a detail=-
[INFO] [media-trace] seq=2 t_ms=18084 layer=libmpv action=Stop phase=mutex-wait url_hash=52b5827a detail=- url=<URL_REDACTED>
[INFO] [media-trace] seq=2 t_ms=18084 layer=libmpv action=Stop phase=mutex-acquired url_hash=52b5827a detail=- url=<URL_REDACTED>
[INFO] [media-trace] seq=2 t_ms=18084 layer=libmpv action=Stop phase=dispatch url_hash=52b5827a detail=- url=<URL_REDACTED>
[INFO] [media-trace] seq=2 t_ms=18084 layer=player action=Stop phase=backend-call-done url_hash=52b5827a detail=ok
[INFO] [media-trace] seq=2 t_ms=18084 layer=player action=Stop phase=snapshot-refresh-begin url_hash=52b5827a detail=-
[INFO] [media-trace] seq=2 t_ms=18084 layer=player action=Stop phase=snapshot-refresh-done url_hash=52b5827a detail=-
[INFO] [media-trace] seq=2 t_ms=18084 layer=player action=Stop phase=backend-wakeup-begin url_hash=52b5827a detail=-
[INFO] [media-trace] seq=2 t_ms=18084 layer=player action=Stop phase=backend-wakeup-done url_hash=52b5827a detail=-
[INFO] [media-trace] seq=2 t_ms=18084 layer=soap action=Stop phase=done url_hash=52b5827a detail=- url=<URL_REDACTED>
[INFO] [soap] assert_http_200 service=AVTransport action=Stop handler=avtransport_stop
[INFO] [runtime-heartbeat] t_ms=63053236 frame=5157 view=home player_state=stopped media=1 return_home_pending=0 protocol_state=media-active owner=dlna generation=3 discovery_suspended=0 service_workers=0,0,0 service_age_ms=85663,85659,85658 media_queue=0 media_high=1 media_command=0 media_kind=0 media_producer=0 media_token=0 media_generation=0 media_command_age_ms=0 media_heartbeat_age_ms=9 media_full=0 media_stale=0 media_timeout=0 media_coalesced=0 media_accepting=1 media_lifecycle=0,1,0,1 log_queue=0 enqueued=503 processed=503 log_high=16 log_heartbeat_age_ms=228 log_waiting=1 queue_dropped=0 mirror_dropped=0 mirror_failures=0 mirror=1 worker=1 mdns_phase=waiting mdns_mode=0 mdns_running=1 mdns_suspended=0 ssdp_suspended=0 mdns_socket=1 mdns_heartbeat_age_ms=93 mdns_select=200 mdns_recv=40 mdns_sent=14
[INFO] [runtime-heartbeat] t_ms=63055236 frame=5277 view=home player_state=stopped media=1 return_home_pending=0 protocol_state=media-active owner=dlna generation=3 discovery_suspended=0 service_workers=0,0,0 service_age_ms=87663,87659,87658 media_queue=0 media_high=1 media_command=0 media_kind=0 media_producer=0 media_token=0 media_generation=0 media_command_age_ms=0 media_heartbeat_age_ms=8 media_full=0 media_stale=0 media_timeout=0 media_coalesced=0 media_accepting=1 media_lifecycle=0,1,0,1 log_queue=0 enqueued=504 processed=504 log_high=16 log_heartbeat_age_ms=2000 log_waiting=1 queue_dropped=0 mirror_dropped=0 mirror_failures=0 mirror=1 worker=1 mdns_phase=waiting mdns_mode=0 mdns_running=1 mdns_suspended=0 ssdp_suspended=0 mdns_socket=1 mdns_heartbeat_age_ms=64 mdns_select=213 mdns_recv=43 mdns_sent=18
[INFO] [runtime-heartbeat] t_ms=63057236 frame=5397 view=home player_state=stopped media=1 return_home_pending=0 protocol_state=media-active owner=dlna generation=3 discovery_suspended=0 service_workers=0,0,0 service_age_ms=89663,89659,89658 media_queue=0 media_high=1 media_command=0 media_kind=0 media_producer=0 media_token=0 media_generation=0 media_command_age_ms=0 media_heartbeat_age_ms=6 media_full=0 media_stale=0 media_timeout=0 media_coalesced=0 media_accepting=1 media_lifecycle=0,1,0,1 log_queue=0 enqueued=505 processed=505 log_high=16 log_heartbeat_age_ms=2000 log_waiting=1 queue_dropped=0 mirror_dropped=0 mirror_failures=0 mirror=1 worker=1 mdns_phase=waiting mdns_mode=0 mdns_running=1 mdns_suspended=0 ssdp_suspended=0 mdns_socket=1 mdns_heartbeat_age_ms=63 mdns_select=223 mdns_recv=43 mdns_sent=18
[INFO] [runtime-heartbeat] t_ms=63059236 frame=5517 view=home player_state=stopped media=1 return_home_pending=0 protocol_state=media-active owner=dlna generation=3 discovery_suspended=0 service_workers=0,0,0 service_age_ms=91663,91659,91658 media_queue=0 media_high=1 media_command=0 media_kind=0 media_producer=0 media_token=0 media_generation=0 media_command_age_ms=0 media_heartbeat_age_ms=5 media_full=0 media_stale=0 media_timeout=0 media_coalesced=0 media_accepting=1 media_lifecycle=0,1,0,1 log_queue=0 enqueued=506 processed=506 log_high=16 log_heartbeat_age_ms=2000 log_waiting=1 queue_dropped=0 mirror_dropped=0 mirror_failures=0 mirror=1 worker=1 mdns_phase=waiting mdns_mode=0 mdns_running=1 mdns_suspended=0 ssdp_suspended=0 mdns_socket=1 mdns_heartbeat_age_ms=192 mdns_select=233 mdns_recv=44 mdns_sent=20
[INFO] [soap] soap_call "AVTransport" "SetAVTransportURI" <InstanceID>0</InstanceID> <CurrentURI><URL_REDACTED></CurrentURI>
[INFO] [media-trace] seq=3 t_ms=0 action=SetAVTransportURI phase=begin url_hash=835bb01a metadata_bytes=2043 url=<URL_REDACTED>
[INFO] [media-trace] seq=3 t_ms=0 layer=soap action=SetAVTransportURI phase=dispatch instance=0 url_hash=835bb01a url=<URL_REDACTED>
[INFO] [protocol-coordinator] event=claim previous_owner=dlna previous_token=1 previous_generation=3 owner=dlna token=1 generation=4
[INFO] [media-trace] seq=3 t_ms=0 layer=player action=set_media phase=begin url_hash=835bb01a url=<URL_REDACTED>
[INFO] [media-trace] seq=3 t_ms=0 layer=libmpv action=set_media phase=begin url_hash=835bb01a detail=- url=<URL_REDACTED>
[INFO] [media-trace] seq=3 t_ms=0 layer=libmpv action=set_media phase=mutex-wait url_hash=835bb01a detail=- url=<URL_REDACTED>
[INFO] [media-trace] seq=3 t_ms=0 layer=libmpv action=set_media phase=mutex-acquired url_hash=835bb01a detail=- url=<URL_REDACTED>
[INFO] [media-trace] seq=3 t_ms=0 layer=libmpv action=loadfile phase=dispatch url_hash=835bb01a detail=paused=1 profile=direct-mp4-fast url=<URL_REDACTED>
[INFO] [media-trace] seq=3 t_ms=0 layer=libmpv action=loadfile phase=queued url_hash=835bb01a detail=paused=1 profile=direct-mp4-fast url=<URL_REDACTED>
[INFO] [media-trace] seq=3 t_ms=0 layer=libmpv action=set_media phase=done url_hash=835bb01a detail=- url=<URL_REDACTED>
[INFO] [media-trace] seq=3 t_ms=0 layer=player action=set_media phase=done url_hash=835bb01a url=<URL_REDACTED>
[INFO] [media-trace] seq=3 t_ms=0 layer=libmpv action=mpv-start-file phase=event url_hash=835bb01a detail=- url=<URL_REDACTED>
[INFO] [player-libmpv] start-file uri=<URL_REDACTED>
[INFO] [media-trace] seq=3 t_ms=0 layer=soap action=SetAVTransportURI phase=done url_hash=835bb01a url=<URL_REDACTED>
[INFO] [soap] assert_http_200 service=AVTransport action=SetAVTransportURI handler=avtransport_set_uri
[INFO] [soap] soap_call "AVTransport" "Play" <InstanceID>0</InstanceID> <Speed>1</Speed>
[INFO] [media-trace] seq=3 t_ms=12 layer=soap action=Play phase=begin url_hash=835bb01a detail=1 url=<URL_REDACTED>
[INFO] [media-trace] seq=3 t_ms=12 layer=player action=Play phase=backend-call-begin url_hash=835bb01a detail=-
[INFO] [media-trace] seq=3 t_ms=12 layer=libmpv action=Play phase=mutex-wait url_hash=835bb01a detail=- url=<URL_REDACTED>
[INFO] [media-trace] seq=3 t_ms=13 layer=libmpv action=Play phase=mutex-acquired url_hash=835bb01a detail=- url=<URL_REDACTED>
[INFO] [media-trace] seq=3 t_ms=13 layer=libmpv action=Play phase=deferred url_hash=835bb01a detail=waiting-file-loaded url=<URL_REDACTED>
[INFO] [media-trace] seq=3 t_ms=13 layer=player action=Play phase=backend-call-done url_hash=835bb01a detail=ok
[INFO] [media-trace] seq=3 t_ms=13 layer=player action=Play phase=snapshot-refresh-begin url_hash=835bb01a detail=-
[INFO] [media-trace] seq=3 t_ms=13 layer=player action=Play phase=snapshot-refresh-done url_hash=835bb01a detail=-
[INFO] [media-trace] seq=3 t_ms=13 layer=player action=Play phase=backend-wakeup-begin url_hash=835bb01a detail=-
[INFO] [media-trace] seq=3 t_ms=13 layer=player action=Play phase=backend-wakeup-done url_hash=835bb01a detail=-
[INFO] [media-trace] seq=3 t_ms=13 layer=soap action=Play phase=done url_hash=835bb01a detail=1 url=<URL_REDACTED>
[INFO] [soap] assert_http_200 service=AVTransport action=Play handler=avtransport_play
[INFO] [protocol-coordinator] revision=12->14 state=media-active->media-active iptv=running->running dlna=running->running airplay=running->running owner=dlna->dlna token=1 generation=4 pin_visible=0 discovery_suspended=0->1 airplay_running=1 airplay_starting=0 status=Ready for AirPlay video
[INFO] [player-view] desired_view=video state=LOADING has_media=1 uri=<URL_REDACTED>
[INFO] [player-view] active_view=video frame=5545
[INFO] [input] active_view=video state=loading media=1 snapshot=1
[INFO] [soap] soap_call "AVTransport" "GetTransportInfo" <InstanceID>0</InstanceID>
[INFO] [soap] assert_http_200 service=AVTransport action=GetTransportInfo handler=avtransport_get_transport_info
[INFO] [soap] soap_call "AVTransport" "GetPositionInfo" <InstanceID>0</InstanceID>
[INFO] [soap] assert_http_200 service=AVTransport action=GetPositionInfo handler=avtransport_get_position_info
[INFO] [soap] soap_call "AVTransport" "GetPositionInfo" <InstanceID>0</InstanceID>
[INFO] [soap] assert_http_200 service=AVTransport action=GetPositionInfo handler=avtransport_get_position_info
[INFO] [soap] soap_call "AVTransport" "GetTransportInfo" <InstanceID>0</InstanceID>
[INFO] [soap] assert_http_200 service=AVTransport action=GetTransportInfo handler=avtransport_get_transport_info
[INFO] [runtime-heartbeat] t_ms=63061236 frame=5637 view=video player_state=loading media=1 return_home_pending=0 protocol_state=media-active owner=dlna generation=4 discovery_suspended=1 service_workers=0,0,0 service_age_ms=93663,93659,93658 media_queue=0 media_high=1 media_command=0 media_kind=0 media_producer=0 media_token=0 media_generation=0 media_command_age_ms=0 media_heartbeat_age_ms=8 media_full=0 media_stale=0 media_timeout=0 media_coalesced=0 media_accepting=1 media_lifecycle=0,1,0,1 log_queue=0 enqueued=548 processed=548 log_high=16 log_heartbeat_age_ms=506 log_waiting=1 queue_dropped=0 mirror_dropped=0 mirror_failures=0 mirror=1 worker=1 mdns_phase=suspended mdns_mode=0 mdns_running=1 mdns_suspended=1 ssdp_suspended=0 mdns_socket=1 mdns_heartbeat_age_ms=191 mdns_select=237 mdns_recv=44 mdns_sent=20
[INFO] [soap] soap_call "AVTransport" "GetPositionInfo" <InstanceID>0</InstanceID>
[INFO] [soap] assert_http_200 service=AVTransport action=GetPositionInfo handler=avtransport_get_position_info
[INFO] [soap] soap_call "AVTransport" "GetTransportInfo" <InstanceID>0</InstanceID>
[INFO] [soap] assert_http_200 service=AVTransport action=GetTransportInfo handler=avtransport_get_transport_info
[INFO] [soap] soap_call "AVTransport" "GetTransportInfo" <InstanceID>0</InstanceID>
[INFO] [soap] assert_http_200 service=AVTransport action=GetTransportInfo handler=avtransport_get_transport_info
[INFO] [soap] soap_call "AVTransport" "GetPositionInfo" <InstanceID>0</InstanceID>
[INFO] [soap] assert_http_200 service=AVTransport action=GetPositionInfo handler=avtransport_get_position_info
[INFO] [runtime-heartbeat] t_ms=63063236 frame=5757 view=video player_state=loading media=1 return_home_pending=0 protocol_state=media-active owner=dlna generation=4 discovery_suspended=1 service_workers=0,0,0 service_age_ms=95663,95659,95658 media_queue=0 media_high=1 media_command=0 media_kind=0 media_producer=0 media_token=0 media_generation=0 media_command_age_ms=0 media_heartbeat_age_ms=7 media_full=0 media_stale=0 media_timeout=0 media_coalesced=0 media_accepting=1 media_lifecycle=0,1,0,1 log_queue=0 enqueued=557 processed=557 log_high=16 log_heartbeat_age_ms=459 log_waiting=1 queue_dropped=0 mirror_dropped=0 mirror_failures=0 mirror=1 worker=1 mdns_phase=suspended mdns_mode=0 mdns_running=1 mdns_suspended=1 ssdp_suspended=0 mdns_socket=1 mdns_heartbeat_age_ms=191 mdns_select=237 mdns_recv=44 mdns_sent=20
[INFO] [soap] soap_call "AVTransport" "GetTransportInfo" <InstanceID>0</InstanceID>
[INFO] [soap] assert_http_200 service=AVTransport action=GetTransportInfo handler=avtransport_get_transport_info
[INFO] [soap] soap_call "AVTransport" "GetPositionInfo" <InstanceID>0</InstanceID>
[INFO] [soap] assert_http_200 service=AVTransport action=GetPositionInfo handler=avtransport_get_position_info
[INFO] [soap] soap_call "AVTransport" "GetPositionInfo" <InstanceID>0</InstanceID>
[INFO] [soap] assert_http_200 service=AVTransport action=GetPositionInfo handler=avtransport_get_position_info
[INFO] [soap] soap_call "AVTransport" "GetTransportInfo" <InstanceID>0</InstanceID>
[INFO] [soap] assert_http_200 service=AVTransport action=GetTransportInfo handler=avtransport_get_transport_info
[INFO] [runtime-heartbeat] t_ms=63065236 frame=5877 view=video player_state=loading media=1 return_home_pending=0 protocol_state=media-active owner=dlna generation=4 discovery_suspended=1 service_workers=0,0,0 service_age_ms=97663,97659,97658 media_queue=0 media_high=1 media_command=0 media_kind=0 media_producer=0 media_token=0 media_generation=0 media_command_age_ms=0 media_heartbeat_age_ms=6 media_full=0 media_stale=0 media_timeout=0 media_coalesced=0 media_accepting=1 media_lifecycle=0,1,0,1 log_queue=0 enqueued=566 processed=566 log_high=16 log_heartbeat_age_ms=407 log_waiting=1 queue_dropped=0 mirror_dropped=0 mirror_failures=0 mirror=1 worker=1 mdns_phase=suspended mdns_mode=0 mdns_running=1 mdns_suspended=1 ssdp_suspended=0 mdns_socket=1 mdns_heartbeat_age_ms=191 mdns_select=237 mdns_recv=44 mdns_sent=20
[INFO] [soap] soap_call "AVTransport" "GetPositionInfo" <InstanceID>0</InstanceID>
[INFO] [soap] assert_http_200 service=AVTransport action=GetPositionInfo handler=avtransport_get_position_info
[INFO] [soap] soap_call "AVTransport" "GetTransportInfo" <InstanceID>0</InstanceID>
[INFO] [soap] assert_http_200 service=AVTransport action=GetTransportInfo handler=avtransport_get_transport_info
[INFO] [soap] soap_call "AVTransport" "GetPositionInfo" <InstanceID>0</InstanceID>
[INFO] [soap] assert_http_200 service=AVTransport action=GetPositionInfo handler=avtransport_get_position_info
[INFO] [soap] soap_call "AVTransport" "GetTransportInfo" <InstanceID>0</InstanceID>
[INFO] [soap] assert_http_200 service=AVTransport action=GetTransportInfo handler=avtransport_get_transport_info
[INFO] [runtime-heartbeat] t_ms=63067236 frame=5997 view=video player_state=loading media=1 return_home_pending=0 protocol_state=media-active owner=dlna generation=4 discovery_suspended=1 service_workers=0,0,0 service_age_ms=99663,99659,99658 media_queue=0 media_high=1 media_command=0 media_kind=0 media_producer=0 media_token=0 media_generation=0 media_command_age_ms=0 media_heartbeat_age_ms=5 media_full=0 media_stale=0 media_timeout=0 media_coalesced=0 media_accepting=1 media_lifecycle=0,1,0,1 log_queue=0 enqueued=575 processed=575 log_high=16 log_heartbeat_age_ms=505 log_waiting=1 queue_dropped=0 mirror_dropped=0 mirror_failures=0 mirror=1 worker=1 mdns_phase=suspended mdns_mode=0 mdns_running=1 mdns_suspended=1 ssdp_suspended=0 mdns_socket=1 mdns_heartbeat_age_ms=191 mdns_select=237 mdns_recv=44 mdns_sent=20
[INFO] [soap] soap_call "AVTransport" "GetTransportInfo" <InstanceID>0</InstanceID>
[INFO] [soap] assert_http_200 service=AVTransport action=GetTransportInfo handler=avtransport_get_transport_info
[INFO] [soap] soap_call "AVTransport" "GetPositionInfo" <InstanceID>0</InstanceID>
[INFO] [soap] assert_http_200 service=AVTransport action=GetPositionInfo handler=avtransport_get_position_info
[INFO] [soap] soap_call "AVTransport" "GetPositionInfo" <InstanceID>0</InstanceID>
[INFO] [soap] assert_http_200 service=AVTransport action=GetPositionInfo handler=avtransport_get_position_info
[INFO] [soap] soap_call "AVTransport" "GetTransportInfo" <InstanceID>0</InstanceID>
[INFO] [soap] assert_http_200 service=AVTransport action=GetTransportInfo handler=avtransport_get_transport_info
[INFO] [runtime-heartbeat] t_ms=63069236 frame=6117 view=video player_state=loading media=1 return_home_pending=0 protocol_state=media-active owner=dlna generation=4 discovery_suspended=1 service_workers=0,0,0 service_age_ms=101663,101659,101658 media_queue=0 media_high=1 media_command=0 media_kind=0 media_producer=0 media_token=0 media_generation=0 media_command_age_ms=0 media_heartbeat_age_ms=4 media_full=0 media_stale=0 media_timeout=0 media_coalesced=0 media_accepting=1 media_lifecycle=0,1,0,1 log_queue=0 enqueued=584 processed=584 log_high=16 log_heartbeat_age_ms=418 log_waiting=1 queue_dropped=0 mirror_dropped=0 mirror_failures=0 mirror=1 worker=1 mdns_phase=suspended mdns_mode=0 mdns_running=1 mdns_suspended=1 ssdp_suspended=0 mdns_socket=1 mdns_heartbeat_age_ms=191 mdns_select=237 mdns_recv=44 mdns_sent=20
[INFO] [soap] soap_call "AVTransport" "GetTransportInfo" <InstanceID>0</InstanceID>
[INFO] [soap] assert_http_200 service=AVTransport action=GetTransportInfo handler=avtransport_get_transport_info
[INFO] [soap] soap_call "AVTransport" "GetPositionInfo" <InstanceID>0</InstanceID>
[INFO] [soap] assert_http_200 service=AVTransport action=GetPositionInfo handler=avtransport_get_position_info
[INFO] [soap] soap_call "AVTransport" "GetTransportInfo" <InstanceID>0</InstanceID>
[INFO] [soap] assert_http_200 service=AVTransport action=GetTransportInfo handler=avtransport_get_transport_info
[INFO] [soap] soap_call "AVTransport" "GetPositionInfo" <InstanceID>0</InstanceID>
[INFO] [soap] assert_http_200 service=AVTransport action=GetPositionInfo handler=avtransport_get_position_info
[INFO] [runtime-heartbeat] t_ms=63071236 frame=6237 view=video player_state=loading media=1 return_home_pending=0 protocol_state=media-active owner=dlna generation=4 discovery_suspended=1 service_workers=0,0,0 service_age_ms=103663,103659,103658 media_queue=0 media_high=1 media_command=0 media_kind=0 media_producer=0 media_token=0 media_generation=0 media_command_age_ms=0 media_heartbeat_age_ms=3 media_full=0 media_stale=0 media_timeout=0 media_coalesced=0 media_accepting=1 media_lifecycle=0,1,0,1 log_queue=0 enqueued=593 processed=593 log_high=16 log_heartbeat_age_ms=472 log_waiting=1 queue_dropped=0 mirror_dropped=0 mirror_failures=0 mirror=1 worker=1 mdns_phase=suspended mdns_mode=0 mdns_running=1 mdns_suspended=1 ssdp_suspended=0 mdns_socket=1 mdns_heartbeat_age_ms=191 mdns_select=237 mdns_recv=44 mdns_sent=20
[INFO] [soap] soap_call "AVTransport" "GetPositionInfo" <InstanceID>0</InstanceID>
[INFO] [soap] assert_http_200 service=AVTransport action=GetPositionInfo handler=avtransport_get_position_info
[INFO] [soap] soap_call "AVTransport" "GetTransportInfo" <InstanceID>0</InstanceID>
[INFO] [soap] assert_http_200 service=AVTransport action=GetTransportInfo handler=avtransport_get_transport_info
[INFO] [soap] soap_call "AVTransport" "GetTransportInfo" <InstanceID>0</InstanceID>
[INFO] [soap] assert_http_200 service=AVTransport action=GetTransportInfo handler=avtransport_get_transport_info
[INFO] [soap] soap_call "AVTransport" "GetPositionInfo" <InstanceID>0</InstanceID>
[INFO] [soap] assert_http_200 service=AVTransport action=GetPositionInfo handler=avtransport_get_position_info
[INFO] [runtime-heartbeat] t_ms=63073236 frame=6357 view=video player_state=loading media=1 return_home_pending=0 protocol_state=media-active owner=dlna generation=4 discovery_suspended=1 service_workers=0,0,0 service_age_ms=105663,105659,105658 media_queue=0 media_high=1 media_command=0 media_kind=0 media_producer=0 media_token=0 media_generation=0 media_command_age_ms=0 media_heartbeat_age_ms=2 media_full=0 media_stale=0 media_timeout=0 media_coalesced=0 media_accepting=1 media_lifecycle=0,1,0,1 log_queue=0 enqueued=602 processed=602 log_high=16 log_heartbeat_age_ms=424 log_waiting=1 queue_dropped=0 mirror_dropped=0 mirror_failures=0 mirror=1 worker=1 mdns_phase=suspended mdns_mode=0 mdns_running=1 mdns_suspended=1 ssdp_suspended=0 mdns_socket=1 mdns_heartbeat_age_ms=191 mdns_select=237 mdns_recv=44 mdns_sent=20
[INFO] [soap] soap_call "AVTransport" "GetPositionInfo" <InstanceID>0</InstanceID>
[INFO] [soap] assert_http_200 service=AVTransport action=GetPositionInfo handler=avtransport_get_position_info
[INFO] [soap] soap_call "AVTransport" "GetTransportInfo" <InstanceID>0</InstanceID>
[INFO] [soap] assert_http_200 service=AVTransport action=GetTransportInfo handler=avtransport_get_transport_info
[INFO] [soap] soap_call "AVTransport" "GetTransportInfo" <InstanceID>0</InstanceID>
[INFO] [soap] assert_http_200 service=AVTransport action=GetTransportInfo handler=avtransport_get_transport_info
[INFO] [soap] soap_call "AVTransport" "GetPositionInfo" <InstanceID>0</InstanceID>
[INFO] [soap] assert_http_200 service=AVTransport action=GetPositionInfo handler=avtransport_get_position_info
[INFO] [runtime-heartbeat] t_ms=63075236 frame=6477 view=video player_state=loading media=1 return_home_pending=0 protocol_state=media-active owner=dlna generation=4 discovery_suspended=1 service_workers=0,0,0 service_age_ms=107663,107659,107658 media_queue=0 media_high=1 media_command=0 media_kind=0 media_producer=0 media_token=0 media_generation=0 media_command_age_ms=0 media_heartbeat_age_ms=1 media_full=0 media_stale=0 media_timeout=0 media_coalesced=0 media_accepting=1 media_lifecycle=0,1,0,1 log_queue=0 enqueued=611 processed=611 log_high=16 log_heartbeat_age_ms=478 log_waiting=1 queue_dropped=0 mirror_dropped=0 mirror_failures=0 mirror=1 worker=1 mdns_phase=suspended mdns_mode=0 mdns_running=1 mdns_suspended=1 ssdp_suspended=0 mdns_socket=1 mdns_heartbeat_age_ms=191 mdns_select=237 mdns_recv=44 mdns_sent=20
[INFO] [soap] soap_call "AVTransport" "GetPositionInfo" <InstanceID>0</InstanceID>
[INFO] [soap] assert_http_200 service=AVTransport action=GetPositionInfo handler=avtransport_get_position_info
[INFO] [soap] soap_call "AVTransport" "GetTransportInfo" <InstanceID>0</InstanceID>
[INFO] [soap] assert_http_200 service=AVTransport action=GetTransportInfo handler=avtransport_get_transport_info
[WARN] [player-libmpv][ffmpeg] http: HTTP error 554 Receive Timeout From Mid Origin
[ERROR] [player-libmpv][stream] Failed to open <URL_REDACTED>
[ERROR] [player-libmpv][ytdl_hook]
[ERROR] [player-libmpv][ytdl_hook] youtube-dl failed: unexpected error occurred
[INFO] [player-libmpv] end-file uri=<URL_REDACTED> reason=error error=loading failed
[INFO] [media-trace] seq=3 t_ms=16389 layer=libmpv action=mpv-end-file phase=event url_hash=835bb01a detail=error url=<URL_REDACTED>
[INFO] [protocol-coordinator] revision=14->15 state=media-active->media-active iptv=running->running dlna=running->running airplay=running->running owner=dlna->dlna token=1 generation=4 pin_visible=0 discovery_suspended=1->0 airplay_running=1 airplay_starting=0 status=Ready for AirPlay video
[INFO] [player-view] desired_view=home state=ERROR has_media=1 uri=<URL_REDACTED>
[INFO] [player-view] active_view=home frame=6528
[INFO] [input] active_view=home state=error media=1 snapshot=1
[INFO] [soap] soap_call "AVTransport" "GetPositionInfo" <InstanceID>0</InstanceID>
[INFO] [soap] assert_http_200 service=AVTransport action=GetPositionInfo handler=avtransport_get_position_info
[INFO] [soap] soap_call "AVTransport" "GetTransportInfo" <InstanceID>0</InstanceID>
[INFO] [soap] assert_http_200 service=AVTransport action=GetTransportInfo handler=avtransport_get_transport_info
[INFO] [runtime-heartbeat] t_ms=63077236 frame=6597 view=home player_state=error media=1 return_home_pending=0 protocol_state=media-active owner=dlna generation=4 discovery_suspended=0 service_workers=0,0,0 service_age_ms=109663,109659,109658 media_queue=0 media_high=1 media_command=0 media_kind=0 media_producer=0 media_token=0 media_generation=0 media_command_age_ms=0 media_heartbeat_age_ms=2 media_full=0 media_stale=0 media_timeout=0 media_coalesced=0 media_accepting=1 media_lifecycle=0,1,0,1 log_queue=0 enqueued=630 processed=630 log_high=16 log_heartbeat_age_ms=502 log_waiting=1 queue_dropped=0 mirror_dropped=0 mirror_failures=0 mirror=1 worker=1 mdns_phase=waiting mdns_mode=0 mdns_running=1 mdns_suspended=0 ssdp_suspended=0 mdns_socket=1 mdns_heartbeat_age_ms=190 mdns_select=242 mdns_recv=45 mdns_sent=24
[INFO] [soap] soap_call "AVTransport" "GetPositionInfo" <InstanceID>0</InstanceID>
[INFO] [soap] assert_http_200 service=AVTransport action=GetPositionInfo handler=avtransport_get_position_info
[INFO] [soap] soap_call "AVTransport" "GetTransportInfo" <InstanceID>0</InstanceID>
[INFO] [soap] assert_http_200 service=AVTransport action=GetTransportInfo handler=avtransport_get_transport_info
[INFO] [soap] soap_call "AVTransport" "Stop" <InstanceID>0</InstanceID>
[INFO] [media-trace] seq=3 t_ms=18390 layer=soap action=Stop phase=begin url_hash=835bb01a detail=- url=<URL_REDACTED>
[INFO] [media-trace] seq=3 t_ms=18390 layer=player action=Stop phase=backend-call-begin url_hash=835bb01a detail=-
[INFO] [media-trace] seq=3 t_ms=18390 layer=libmpv action=Stop phase=mutex-wait url_hash=835bb01a detail=- url=<URL_REDACTED>
[INFO] [media-trace] seq=3 t_ms=18390 layer=libmpv action=Stop phase=mutex-acquired url_hash=835bb01a detail=- url=<URL_REDACTED>
[INFO] [media-trace] seq=3 t_ms=18390 layer=libmpv action=Stop phase=dispatch url_hash=835bb01a detail=- url=<URL_REDACTED>
[INFO] [media-trace] seq=3 t_ms=18390 layer=player action=Stop phase=backend-call-done url_hash=835bb01a detail=ok
[INFO] [media-trace] seq=3 t_ms=18390 layer=player action=Stop phase=snapshot-refresh-begin url_hash=835bb01a detail=-
[INFO] [media-trace] seq=3 t_ms=18390 layer=player action=Stop phase=snapshot-refresh-done url_hash=835bb01a detail=-
[INFO] [media-trace] seq=3 t_ms=18390 layer=player action=Stop phase=backend-wakeup-begin url_hash=835bb01a detail=-
[INFO] [media-trace] seq=3 t_ms=18390 layer=player action=Stop phase=backend-wakeup-done url_hash=835bb01a detail=-
[INFO] [media-trace] seq=3 t_ms=18390 layer=soap action=Stop phase=done url_hash=835bb01a detail=- url=<URL_REDACTED>
[INFO] [soap] assert_http_200 service=AVTransport action=Stop handler=avtransport_stop
[INFO] [runtime-heartbeat] t_ms=63079236 frame=6717 view=home player_state=stopped media=1 return_home_pending=0 protocol_state=media-active owner=dlna generation=4 discovery_suspended=0 service_workers=0,0,0 service_age_ms=111663,111659,111658 media_queue=0 media_high=1 media_command=0 media_kind=0 media_producer=0 media_token=0 media_generation=0 media_command_age_ms=0 media_heartbeat_age_ms=1 media_full=0 media_stale=0 media_timeout=0 media_coalesced=0 media_accepting=1 media_lifecycle=0,1,0,1 log_queue=0 enqueued=648 processed=648 log_high=16 log_heartbeat_age_ms=1141 log_waiting=1 queue_dropped=0 mirror_dropped=0 mirror_failures=0 mirror=1 worker=1 mdns_phase=waiting mdns_mode=0 mdns_running=1 mdns_suspended=0 ssdp_suspended=0 mdns_socket=1 mdns_heartbeat_age_ms=190 mdns_select=252 mdns_recv=45 mdns_sent=24
[INFO] [runtime-heartbeat] t_ms=63081236 frame=6837 view=home player_state=stopped media=1 return_home_pending=0 protocol_state=media-active owner=dlna generation=4 discovery_suspended=0 service_workers=0,0,0 service_age_ms=113663,113659,113658 media_queue=0 media_high=1 media_command=0 media_kind=0 media_producer=0 media_token=0 media_generation=0 media_command_age_ms=0 media_heartbeat_age_ms=0 media_full=0 media_stale=0 media_timeout=0 media_coalesced=0 media_accepting=1 media_lifecycle=0,1,0,1 log_queue=0 enqueued=649 processed=649 log_high=16 log_heartbeat_age_ms=2000 log_waiting=1 queue_dropped=0 mirror_dropped=0 mirror_failures=0 mirror=1 worker=1 mdns_phase=waiting mdns_mode=0 mdns_running=1 mdns_suspended=0 ssdp_suspended=0 mdns_socket=1 mdns_heartbeat_age_ms=156 mdns_select=264 mdns_recv=48 mdns_sent=30
[INFO] [ssdp] send packet to <IP_REDACTED>:12771 st=upnp:rootdevice bytes=283
[INFO] [ssdp] send packet to <IP_REDACTED>:12771 st=upnp:rootdevice bytes=283
[INFO] [ssdp] send packet to <IP_REDACTED>:12771 st=upnp:rootdevice bytes=283
[INFO] [runtime-heartbeat] t_ms=63083236 frame=6957 view=home player_state=stopped media=1 return_home_pending=0 protocol_state=media-active owner=dlna generation=4 discovery_suspended=0 service_workers=0,0,0 service_age_ms=115663,115659,115658 media_queue=0 media_high=1 media_command=0 media_kind=0 media_producer=0 media_token=0 media_generation=0 media_command_age_ms=0 media_heartbeat_age_ms=9 media_full=0 media_stale=0 media_timeout=0 media_coalesced=0 media_accepting=1 media_lifecycle=0,1,0,1 log_queue=0 enqueued=653 processed=653 log_high=16 log_heartbeat_age_ms=908 log_waiting=1 queue_dropped=0 mirror_dropped=0 mirror_failures=0 mirror=1 worker=1 mdns_phase=waiting mdns_mode=0 mdns_running=1 mdns_suspended=0 ssdp_suspended=0 mdns_socket=1 mdns_heartbeat_age_ms=156 mdns_select=274 mdns_recv=48 mdns_sent=30
[INFO] [soap] soap_call "AVTransport" "SetAVTransportURI" <InstanceID>0</InstanceID> <CurrentURI><URL_REDACTED></CurrentURI>
[INFO] [media-trace] seq=4 t_ms=0 action=SetAVTransportURI phase=begin url_hash=0f8e5f7d metadata_bytes=2133 url=<URL_REDACTED>
[INFO] [media-trace] seq=4 t_ms=0 layer=soap action=SetAVTransportURI phase=dispatch instance=0 url_hash=0f8e5f7d url=<URL_REDACTED>
[INFO] [protocol-coordinator] event=claim previous_owner=dlna previous_token=1 previous_generation=4 owner=dlna token=1 generation=5
[INFO] [media-trace] seq=4 t_ms=0 layer=player action=set_media phase=begin url_hash=0f8e5f7d url=<URL_REDACTED>
[INFO] [media-trace] seq=4 t_ms=0 layer=libmpv action=set_media phase=begin url_hash=0f8e5f7d detail=- url=<URL_REDACTED>
[INFO] [media-trace] seq=4 t_ms=0 layer=libmpv action=set_media phase=mutex-wait url_hash=0f8e5f7d detail=- url=<URL_REDACTED>
[INFO] [media-trace] seq=4 t_ms=0 layer=libmpv action=set_media phase=mutex-acquired url_hash=0f8e5f7d detail=- url=<URL_REDACTED>
[INFO] [media-trace] seq=4 t_ms=0 layer=libmpv action=loadfile phase=dispatch url_hash=0f8e5f7d detail=paused=1 profile=direct-mp4-fast url=<URL_REDACTED>
[INFO] [media-trace] seq=4 t_ms=0 layer=libmpv action=loadfile phase=queued url_hash=0f8e5f7d detail=paused=1 profile=direct-mp4-fast url=<URL_REDACTED>
[INFO] [media-trace] seq=4 t_ms=0 layer=libmpv action=set_media phase=done url_hash=0f8e5f7d detail=- url=<URL_REDACTED>
[INFO] [media-trace] seq=4 t_ms=0 layer=player action=set_media phase=done url_hash=0f8e5f7d url=<URL_REDACTED>
[INFO] [media-trace] seq=4 t_ms=0 layer=libmpv action=mpv-start-file phase=event url_hash=0f8e5f7d detail=- url=<URL_REDACTED>
[INFO] [player-libmpv] start-file uri=<URL_REDACTED>
[INFO] [media-trace] seq=4 t_ms=1 layer=soap action=SetAVTransportURI phase=done url_hash=0f8e5f7d url=<URL_REDACTED>
[INFO] [soap] assert_http_200 service=AVTransport action=SetAVTransportURI handler=avtransport_set_uri
[INFO] [protocol-coordinator] revision=15->17 state=media-active->media-active iptv=running->running dlna=running->running airplay=running->running owner=dlna->dlna token=1 generation=5 pin_visible=0 discovery_suspended=0->1 airplay_running=1 airplay_starting=0 status=Ready for AirPlay video
[INFO] [player-view] desired_view=video state=LOADING has_media=1 uri=<URL_REDACTED>
[INFO] [player-view] active_view=video frame=6988
[INFO] [input] active_view=video state=loading media=1 snapshot=1
[INFO] [soap] soap_call "AVTransport" "Play" <InstanceID>0</InstanceID> <Speed>1</Speed>
[INFO] [media-trace] seq=4 t_ms=12 layer=soap action=Play phase=begin url_hash=0f8e5f7d detail=1 url=<URL_REDACTED>
[INFO] [media-trace] seq=4 t_ms=12 layer=player action=Play phase=backend-call-begin url_hash=0f8e5f7d detail=-
[INFO] [media-trace] seq=4 t_ms=12 layer=libmpv action=Play phase=mutex-wait url_hash=0f8e5f7d detail=- url=<URL_REDACTED>
[INFO] [media-trace] seq=4 t_ms=12 layer=libmpv action=Play phase=mutex-acquired url_hash=0f8e5f7d detail=- url=<URL_REDACTED>
[INFO] [media-trace] seq=4 t_ms=12 layer=libmpv action=Play phase=deferred url_hash=0f8e5f7d detail=waiting-file-loaded url=<URL_REDACTED>
[INFO] [media-trace] seq=4 t_ms=12 layer=player action=Play phase=backend-call-done url_hash=0f8e5f7d detail=ok
[INFO] [media-trace] seq=4 t_ms=13 layer=player action=Play phase=snapshot-refresh-begin url_hash=0f8e5f7d detail=-
[INFO] [media-trace] seq=4 t_ms=13 layer=player action=Play phase=snapshot-refresh-done url_hash=0f8e5f7d detail=-
[INFO] [media-trace] seq=4 t_ms=13 layer=player action=Play phase=backend-wakeup-begin url_hash=0f8e5f7d detail=-
[INFO] [media-trace] seq=4 t_ms=13 layer=player action=Play phase=backend-wakeup-done url_hash=0f8e5f7d detail=-
[INFO] [media-trace] seq=4 t_ms=13 layer=soap action=Play phase=done url_hash=0f8e5f7d detail=1 url=<URL_REDACTED>
[INFO] [soap] assert_http_200 service=AVTransport action=Play handler=avtransport_play
[INFO] [soap] soap_call "AVTransport" "GetTransportInfo" <InstanceID>0</InstanceID>
[INFO] [soap] assert_http_200 service=AVTransport action=GetTransportInfo handler=avtransport_get_transport_info
[INFO] [soap] soap_call "AVTransport" "GetPositionInfo" <InstanceID>0</InstanceID>
[INFO] [soap] assert_http_200 service=AVTransport action=GetPositionInfo handler=avtransport_get_position_info
[WARN] [player-libmpv][ffmpeg] http: HTTP error 514 Frequency Capped
[ERROR] [player-libmpv][stream] Failed to open <URL_REDACTED>
[ERROR] [player-libmpv][ytdl_hook]
[ERROR] [player-libmpv][ytdl_hook] youtube-dl failed: unexpected error occurred
[INFO] [player-libmpv] end-file uri=<URL_REDACTED> reason=error error=loading failed
[INFO] [media-trace] seq=4 t_ms=380 layer=libmpv action=mpv-end-file phase=event url_hash=0f8e5f7d detail=error url=<URL_REDACTED>
[INFO] [protocol-coordinator] revision=17->18 state=media-active->media-active iptv=running->running dlna=running->running airplay=running->running owner=dlna->dlna token=1 generation=5 pin_visible=0 discovery_suspended=1->0 airplay_running=1 airplay_starting=0 status=Ready for AirPlay video
[INFO] [player-view] desired_view=home state=ERROR has_media=1 uri=<URL_REDACTED>
[INFO] [player-view] active_view=home frame=7011
[INFO] [input] active_view=home state=error media=1 snapshot=1
[INFO] [soap] soap_call "AVTransport" "GetTransportInfo" <InstanceID>0</InstanceID>
[INFO] [soap] assert_http_200 service=AVTransport action=GetTransportInfo handler=avtransport_get_transport_info
[INFO] [soap] soap_call "AVTransport" "GetPositionInfo" <InstanceID>0</InstanceID>
[INFO] [soap] assert_http_200 service=AVTransport action=GetPositionInfo handler=avtransport_get_position_info
[INFO] [runtime-heartbeat] t_ms=63085236 frame=7077 view=home player_state=error media=1 return_home_pending=0 protocol_state=media-active owner=dlna generation=5 discovery_suspended=0 service_workers=0,0,0 service_age_ms=117663,117659,117658 media_queue=0 media_high=1 media_command=0 media_kind=0 media_producer=0 media_token=0 media_generation=0 media_command_age_ms=0 media_heartbeat_age_ms=7 media_full=0 media_stale=0 media_timeout=0 media_coalesced=0 media_accepting=1 media_lifecycle=0,1,0,1 log_queue=0 enqueued=705 processed=705 log_high=17 log_heartbeat_age_ms=438 log_waiting=1 queue_dropped=0 mirror_dropped=0 mirror_failures=0 mirror=1 worker=1 mdns_phase=waiting mdns_mode=0 mdns_running=1 mdns_suspended=0 ssdp_suspended=0 mdns_socket=1 mdns_heartbeat_age_ms=83 mdns_select=283 mdns_recv=49 mdns_sent=34
[INFO] [soap] soap_call "AVTransport" "GetTransportInfo" <InstanceID>0</InstanceID>
[INFO] [soap] assert_http_200 service=AVTransport action=GetTransportInfo handler=avtransport_get_transport_info
[INFO] [soap] soap_call "AVTransport" "GetPositionInfo" <InstanceID>0</InstanceID>
[INFO] [soap] assert_http_200 service=AVTransport action=GetPositionInfo handler=avtransport_get_position_info
[INFO] [soap] soap_call "AVTransport" "Stop" <InstanceID>0</InstanceID>
[INFO] [media-trace] seq=4 t_ms=3074 layer=soap action=Stop phase=begin url_hash=0f8e5f7d detail=- url=<URL_REDACTED>
[INFO] [media-trace] seq=4 t_ms=3074 layer=player action=Stop phase=backend-call-begin url_hash=0f8e5f7d detail=-
[INFO] [media-trace] seq=4 t_ms=3074 layer=libmpv action=Stop phase=mutex-wait url_hash=0f8e5f7d detail=- url=<URL_REDACTED>
[INFO] [media-trace] seq=4 t_ms=3074 layer=libmpv action=Stop phase=mutex-acquired url_hash=0f8e5f7d detail=- url=<URL_REDACTED>
[INFO] [media-trace] seq=4 t_ms=3074 layer=libmpv action=Stop phase=dispatch url_hash=0f8e5f7d detail=- url=<URL_REDACTED>
[INFO] [media-trace] seq=4 t_ms=3074 layer=player action=Stop phase=backend-call-done url_hash=0f8e5f7d detail=ok
[INFO] [media-trace] seq=4 t_ms=3074 layer=player action=Stop phase=snapshot-refresh-begin url_hash=0f8e5f7d detail=-
[INFO] [media-trace] seq=4 t_ms=3074 layer=player action=Stop phase=snapshot-refresh-done url_hash=0f8e5f7d detail=-
[INFO] [media-trace] seq=4 t_ms=3074 layer=player action=Stop phase=backend-wakeup-begin url_hash=0f8e5f7d detail=-
[INFO] [media-trace] seq=4 t_ms=3074 layer=player action=Stop phase=backend-wakeup-done url_hash=0f8e5f7d detail=-
[INFO] [media-trace] seq=4 t_ms=3074 layer=soap action=Stop phase=done url_hash=0f8e5f7d detail=- url=<URL_REDACTED>
[INFO] [soap] assert_http_200 service=AVTransport action=Stop handler=avtransport_stop
[INFO] [runtime-heartbeat] t_ms=63087236 frame=7197 view=home player_state=stopped media=1 return_home_pending=0 protocol_state=media-active owner=dlna generation=5 discovery_suspended=0 service_workers=0,0,0 service_age_ms=119663,119659,119658 media_queue=0 media_high=1 media_command=0 media_kind=0 media_producer=0 media_token=0 media_generation=0 media_command_age_ms=0 media_heartbeat_age_ms=3 media_full=0 media_stale=0 media_timeout=0 media_coalesced=0 media_accepting=1 media_lifecycle=0,1,0,1 log_queue=0 enqueued=723 processed=723 log_high=17 log_heartbeat_age_ms=393 log_waiting=1 queue_dropped=0 mirror_dropped=0 mirror_failures=0 mirror=1 worker=1 mdns_phase=waiting mdns_mode=0 mdns_running=1 mdns_suspended=0 ssdp_suspended=0 mdns_socket=1 mdns_heartbeat_age_ms=83 mdns_select=293 mdns_recv=49 mdns_sent=34
[INFO] [runtime-heartbeat] t_ms=63089236 frame=7317 view=home player_state=stopped media=1 return_home_pending=0 protocol_state=media-active owner=dlna generation=5 discovery_suspended=0 service_workers=0,0,0 service_age_ms=121663,121659,121658 media_queue=0 media_high=1 media_command=0 media_kind=0 media_producer=0 media_token=0 media_generation=0 media_command_age_ms=0 media_heartbeat_age_ms=2 media_full=0 media_stale=0 media_timeout=0 media_coalesced=0 media_accepting=1 media_lifecycle=0,1,0,1 log_queue=0 enqueued=724 processed=724 log_high=17 log_heartbeat_age_ms=2000 log_waiting=1 queue_dropped=0 mirror_dropped=0 mirror_failures=0 mirror=1 worker=1 mdns_phase=waiting mdns_mode=0 mdns_running=1 mdns_suspended=0 ssdp_suspended=0 mdns_socket=1 mdns_heartbeat_age_ms=82 mdns_select=303 mdns_recv=49 mdns_sent=34
[INFO] [runtime-heartbeat] t_ms=63091236 frame=7437 view=home player_state=stopped media=1 return_home_pending=0 protocol_state=media-active owner=dlna generation=5 discovery_suspended=0 service_workers=0,0,0 service_age_ms=123663,123659,123658 media_queue=0 media_high=1 media_command=0 media_kind=0 media_producer=0 media_token=0 media_generation=0 media_command_age_ms=0 media_heartbeat_age_ms=1 media_full=0 media_stale=0 media_timeout=0 media_coalesced=0 media_accepting=1 media_lifecycle=0,1,0,1 log_queue=0 enqueued=725 processed=725 log_high=17 log_heartbeat_age_ms=2000 log_waiting=1 queue_dropped=0 mirror_dropped=0 mirror_failures=0 mirror=1 worker=1 mdns_phase=waiting mdns_mode=0 mdns_running=1 mdns_suspended=0 ssdp_suspended=0 mdns_socket=1 mdns_heartbeat_age_ms=82 mdns_select=313 mdns_recv=49 mdns_sent=34
[INFO] [input] touch begin view=home x=927 y=508 state=stopped media=1
[INFO] [input] touch end start_view=home view=home duration_ms=67 dx=2 dy=-5 state=stopped media=1
[INFO] [input] touch tap accepted x=929 y=503 duration_ms=67
[INFO] [input] action=touch-iptv-panel open=1 x=929 y=503
[WARN] [player-imgui] failed to decode IPTV logo path=sdmc:/switch/NX-Cast/iptv/cache/logos/4a7088d3.img
[WARN] [player-imgui] failed to decode IPTV logo path=sdmc:/switch/NX-Cast/iptv/cache/logos/9efc58f1.img
[WARN] [player-imgui] failed to decode IPTV logo path=sdmc:/switch/NX-Cast/iptv/cache/logos/52e0194c.img
[WARN] [player-imgui] failed to decode IPTV logo path=sdmc:/switch/NX-Cast/iptv/cache/logos/a08eed09.img
[WARN] [player-imgui] failed to decode IPTV logo path=sdmc:/switch/NX-Cast/iptv/cache/logos/6cb00861.img
[WARN] [player-imgui] failed to decode IPTV logo path=sdmc:/switch/NX-Cast/iptv/cache/logos/f169131a.img
[WARN] [player-imgui] failed to decode IPTV logo path=sdmc:/switch/NX-Cast/iptv/cache/logos/4f2e344b.img
[INFO] [input] touch begin view=home x=191 y=510 state=stopped media=1
[INFO] [input] touch end start_view=home view=home duration_ms=117 dx=-137 dy=-333 state=stopped media=1
[INFO] [input] touch swipe accepted start=191,510 end=54,177 duration_ms=117
[INFO] [input] touch tap skipped shape=0 view=1 debounce=0
[INFO] [input] action=touch-iptv-swipe delta=1 page=channels start=191,510 end=54,177
[WARN] [player-imgui] failed to decode IPTV logo path=sdmc:/switch/NX-Cast/iptv/cache/logos/5db69825.img
[WARN] [player-imgui] failed to decode IPTV logo path=sdmc:/switch/NX-Cast/iptv/cache/logos/9f213a16.img
[WARN] [player-imgui] failed to decode IPTV logo path=sdmc:/switch/NX-Cast/iptv/cache/logos/9aaf04cb.img
[WARN] [player-imgui] failed to decode IPTV logo path=sdmc:/switch/NX-Cast/iptv/cache/logos/ce9fb65a.img
[WARN] [player-imgui] failed to decode IPTV logo path=sdmc:/switch/NX-Cast/iptv/cache/logos/c125c614.img
[WARN] [player-imgui] failed to decode IPTV logo path=sdmc:/switch/NX-Cast/iptv/cache/logos/e341d217.img
[WARN] [player-imgui] failed to decode IPTV logo path=sdmc:/switch/NX-Cast/iptv/cache/logos/1f2d4256.img
[INFO] [input] touch begin view=home x=177 y=482 state=stopped media=1
[INFO] [input] touch end start_view=home view=home duration_ms=100 dx=-73 dy=-271 state=stopped media=1
[INFO] [input] touch swipe accepted start=177,482 end=104,211 duration_ms=100
[INFO] [input] touch tap skipped shape=0 view=1 debounce=0
[INFO] [input] action=touch-iptv-swipe delta=1 page=channels start=177,482 end=104,211
[WARN] [player-imgui] failed to decode IPTV logo path=sdmc:/switch/NX-Cast/iptv/cache/logos/9559bcd1.img
[WARN] [player-imgui] failed to decode IPTV logo path=sdmc:/switch/NX-Cast/iptv/cache/logos/d63f5cc0.img
[WARN] [player-imgui] failed to decode IPTV logo path=sdmc:/switch/NX-Cast/iptv/cache/logos/f5841fc2.img
[WARN] [player-imgui] failed to decode IPTV logo path=sdmc:/switch/NX-Cast/iptv/cache/logos/b6be5c32.img
[WARN] [player-imgui] failed to decode IPTV logo path=sdmc:/switch/NX-Cast/iptv/cache/logos/e87c5112.img
[WARN] [player-imgui] failed to decode IPTV logo path=sdmc:/switch/NX-Cast/iptv/cache/logos/c5a3a2b9.img
[WARN] [player-imgui] failed to decode IPTV logo path=sdmc:/switch/NX-Cast/iptv/cache/logos/9ff9071d.img
[INFO] [runtime-heartbeat] t_ms=63093236 frame=7557 view=home player_state=stopped media=1 return_home_pending=0 protocol_state=media-active owner=dlna generation=5 discovery_suspended=0 service_workers=0,0,0 service_age_ms=125663,125659,125658 media_queue=0 media_high=1 media_command=0 media_kind=0 media_producer=0 media_token=0 media_generation=0 media_command_age_ms=0 media_heartbeat_age_ms=0 media_full=0 media_stale=0 media_timeout=0 media_coalesced=0 media_accepting=1 media_lifecycle=0,1,0,1 log_queue=0 enqueued=761 processed=761 log_high=17 log_heartbeat_age_ms=116 log_waiting=1 queue_dropped=0 mirror_dropped=0 mirror_failures=0 mirror=1 worker=1 mdns_phase=waiting mdns_mode=0 mdns_running=1 mdns_suspended=0 ssdp_suspended=0 mdns_socket=1 mdns_heartbeat_age_ms=73 mdns_select=324 mdns_recv=50 mdns_sent=36
[INFO] [input] touch begin view=home x=179 y=516 state=stopped media=1
[INFO] [input] touch end start_view=home view=home duration_ms=50 dx=2 dy=-1 state=stopped media=1
[INFO] [input] touch tap accepted x=181 y=515 duration_ms=50
[INFO] [input] action=touch-iptv-row page=channels index=19 activate=0
[INFO] [input] touch begin view=home x=608 y=627 state=stopped media=1
[INFO] [input] touch end start_view=home view=home duration_ms=50 dx=3 dy=-1 state=stopped media=1
[INFO] [input] touch tap accepted x=611 y=626 duration_ms=50
[INFO] [media-trace] seq=5 t_ms=0 action=IPTVPlay phase=begin url_hash=9cc30efa metadata_bytes=14 url=<URL_REDACTED>
[INFO] [iptv-play] seq=5 phase=begin channel_id=c5a3a2b9 url_hash=9cc30efa
[INFO] [iptv-play] seq=5 phase=claim begin url_hash=9cc30efa
[INFO] [protocol-coordinator] event=claim previous_owner=dlna previous_token=1 previous_generation=5 owner=iptv token=1 generation=6
[INFO] [iptv-play] seq=5 phase=claim done generation=6 previous_owner=dlna url_hash=9cc30efa
[INFO] [iptv-play] seq=5 phase=enqueue-open-autoplay begin generation=6 token=1 url_hash=9cc30efa
[INFO] [media-trace] seq=5 t_ms=0 layer=player action=set_media phase=begin url_hash=9cc30efa url=<URL_REDACTED>
[INFO] [media-trace] seq=5 t_ms=0 layer=libmpv action=set_media phase=begin url_hash=9cc30efa detail=- url=<URL_REDACTED>
[INFO] [media-trace] seq=5 t_ms=0 layer=libmpv action=set_media phase=mutex-wait url_hash=9cc30efa detail=- url=<URL_REDACTED>
[INFO] [media-trace] seq=5 t_ms=0 layer=libmpv action=set_media phase=mutex-acquired url_hash=9cc30efa detail=- url=<URL_REDACTED>
[INFO] [media-trace] seq=5 t_ms=0 layer=libmpv action=loadfile phase=dispatch url_hash=9cc30efa detail=paused=1 profile=default-stable url=<URL_REDACTED>
[INFO] [media-trace] seq=5 t_ms=1 layer=libmpv action=loadfile phase=queued url_hash=9cc30efa detail=paused=1 profile=default-stable url=<URL_REDACTED>
[INFO] [media-trace] seq=5 t_ms=1 layer=libmpv action=set_media phase=done url_hash=9cc30efa detail=- url=<URL_REDACTED>
[INFO] [media-trace] seq=5 t_ms=1 layer=player action=set_media phase=done url_hash=9cc30efa url=<URL_REDACTED>
[INFO] [media-trace] seq=5 t_ms=1 layer=player action=Play phase=backend-call-begin url_hash=9cc30efa detail=-
[INFO] [iptv-play] seq=5 phase=enqueue-open-autoplay done status=accepted url_hash=9cc30efa
[INFO] [media-trace] seq=5 t_ms=1 layer=libmpv action=Play phase=mutex-wait url_hash=9cc30efa detail=- url=<URL_REDACTED>
[INFO] [media-trace] seq=5 t_ms=1 layer=libmpv action=Play phase=mutex-acquired url_hash=9cc30efa detail=- url=<URL_REDACTED>
[INFO] [media-trace] seq=5 t_ms=1 layer=libmpv action=Play phase=deferred url_hash=9cc30efa detail=waiting-file-loaded url=<URL_REDACTED>
[INFO] [media-trace] seq=5 t_ms=1 layer=player action=Play phase=backend-call-done url_hash=9cc30efa detail=ok
[INFO] [media-trace] seq=5 t_ms=1 layer=player action=Play phase=snapshot-refresh-begin url_hash=9cc30efa detail=-
[INFO] [media-trace] seq=5 t_ms=1 layer=player action=Play phase=snapshot-refresh-done url_hash=9cc30efa detail=-
[INFO] [media-trace] seq=5 t_ms=1 layer=player action=Play phase=backend-wakeup-begin url_hash=9cc30efa detail=-
[INFO] [media-trace] seq=5 t_ms=1 layer=player action=Play phase=backend-wakeup-done url_hash=9cc30efa detail=-
[INFO] [media-trace] seq=5 t_ms=1 layer=libmpv action=mpv-start-file phase=event url_hash=9cc30efa detail=- url=<URL_REDACTED>
[INFO] [player-libmpv] start-file uri=<URL_REDACTED>
[INFO] [iptv-play] seq=5 phase=done channel_id=c5a3a2b9 url_hash=9cc30efa
[INFO] [input] action=iptv-play ok=1 index=19
[INFO] [input] action=touch-iptv-primary page=channels
[INFO] [protocol-coordinator] revision=18->20 state=media-active->media-active iptv=running->running dlna=running->running airplay=running->running owner=dlna->iptv token=1 generation=6 pin_visible=0 discovery_suspended=0->1 airplay_running=1 airplay_starting=0 status=Ready for AirPlay video
[INFO] [player-view] desired_view=video state=LOADING has_media=1 uri=<URL_REDACTED>
[INFO] [player-view] active_view=video frame=7608
[INFO] [input] active_view=video state=loading media=1 snapshot=1
[INFO] [runtime-heartbeat] t_ms=63095236 frame=7677 view=video player_state=loading media=1 return_home_pending=0 protocol_state=media-active owner=iptv generation=6 discovery_suspended=1 service_workers=0,0,0 service_age_ms=127663,127659,127658 media_queue=0 media_high=1 media_command=0 media_kind=0 media_producer=0 media_token=0 media_generation=0 media_command_age_ms=0 media_heartbeat_age_ms=7 media_full=0 media_stale=0 media_timeout=0 media_coalesced=0 media_accepting=1 media_lifecycle=0,1,0,1 log_queue=0 enqueued=802 processed=802 log_high=27 log_heartbeat_age_ms=1126 log_waiting=1 queue_dropped=0 mirror_dropped=0 mirror_failures=0 mirror=1 worker=1 mdns_phase=suspended mdns_mode=0 mdns_running=1 mdns_suspended=1 ssdp_suspended=0 mdns_socket=1 mdns_heartbeat_age_ms=73 mdns_select=329 mdns_recv=50 mdns_sent=36
[INFO] [runtime-heartbeat] t_ms=63097236 frame=7797 view=video player_state=loading media=1 return_home_pending=0 protocol_state=media-active owner=iptv generation=6 discovery_suspended=1 service_workers=0,0,0 service_age_ms=129663,129659,129658 media_queue=0 media_high=1 media_command=0 media_kind=0 media_producer=0 media_token=0 media_generation=0 media_command_age_ms=0 media_heartbeat_age_ms=6 media_full=0 media_stale=0 media_timeout=0 media_coalesced=0 media_accepting=1 media_lifecycle=0,1,0,1 log_queue=0 enqueued=803 processed=803 log_high=27 log_heartbeat_age_ms=2000 log_waiting=1 queue_dropped=0 mirror_dropped=0 mirror_failures=0 mirror=1 worker=1 mdns_phase=suspended mdns_mode=0 mdns_running=1 mdns_suspended=1 ssdp_suspended=0 mdns_socket=1 mdns_heartbeat_age_ms=73 mdns_select=329 mdns_recv=50 mdns_sent=36
[INFO] [player-libmpv][cplayer]  (+) Video --vid=1 (h264 1280x720 30.000fps)
[INFO] [player-libmpv][cplayer]  (+) Audio --aid=1 (aac 2ch 44100Hz)
[INFO] [media-trace] seq=5 t_ms=4425 layer=libmpv action=mpv-file-loaded phase=event url_hash=9cc30efa detail=- url=<URL_REDACTED>
[INFO] [player-libmpv] file-loaded uri=<URL_REDACTED>
[INFO] [media-trace] seq=5 t_ms=4425 layer=libmpv action=Play phase=dispatch url_hash=9cc30efa detail=file-loaded-autoplay url=<URL_REDACTED>
[INFO] [player-libmpv][vd] Using hardware decoding (nvtegra).
[INFO] [player-libmpv][cplayer] AO: [hos] 44100Hz stereo 2ch s16
[INFO] [player-libmpv][cplayer] VO: [libmpv] 1280x720 nvtegra[nv12]
[INFO] [media-trace] seq=5 t_ms=4644 layer=libmpv action=mpv-playback-restart phase=event url_hash=9cc30efa detail=- url=<URL_REDACTED>
[INFO] [media-trace] seq=5 t_ms=4644 layer=libmpv action=startup-gate phase=seek-window url_hash=9cc30efa detail=open url=<URL_REDACTED>
[INFO] [media-trace] seq=5 t_ms=4996 layer=libmpv action=startup-gate phase=released url_hash=9cc30efa detail=initial-seek-window-expired url=<URL_REDACTED>
[INFO] [media-trace] seq=5 t_ms=5085 layer=render action=first-frame phase=presented url_hash=9cc30efa frame=7907 presented=7907
[INFO] [runtime-heartbeat] t_ms=63099239 frame=7913 view=video player_state=playing media=1 return_home_pending=0 protocol_state=media-active owner=iptv generation=6 discovery_suspended=1 service_workers=0,0,0 service_age_ms=131666,131662,131661 media_queue=0 media_high=1 media_command=0 media_kind=0 media_producer=0 media_token=0 media_generation=0 media_command_age_ms=0 media_heartbeat_age_ms=5 media_full=0 media_stale=0 media_timeout=0 media_coalesced=0 media_accepting=1 media_lifecycle=0,1,0,1 log_queue=0 enqueued=816 processed=816 log_high=27 log_heartbeat_age_ms=65 log_waiting=1 queue_dropped=0 mirror_dropped=0 mirror_failures=0 mirror=1 worker=1 mdns_phase=suspended mdns_mode=0 mdns_running=1 mdns_suspended=1 ssdp_suspended=0 mdns_socket=1 mdns_heartbeat_age_ms=76 mdns_select=329 mdns_recv=50 mdns_sent=36
[INFO] [input] buttons_down=0x2 view=video state=playing media=1
[INFO] [return-home] phase=request t_ms=63100853 playback_active=1 state=playing media=1
[INFO] [return-home] phase=player-stop begin state=playing
[INFO] [media-trace] seq=5 t_ms=6768 layer=player action=Stop phase=backend-call-begin url_hash=9cc30efa detail=-
[INFO] [media-trace] seq=5 t_ms=6768 layer=libmpv action=Stop phase=mutex-wait url_hash=9cc30efa detail=- url=<URL_REDACTED>
[INFO] [media-trace] seq=5 t_ms=6768 layer=libmpv action=Stop phase=mutex-acquired url_hash=9cc30efa detail=- url=<URL_REDACTED>
[INFO] [media-trace] seq=5 t_ms=6768 layer=libmpv action=Stop phase=dispatch url_hash=9cc30efa detail=- url=<URL_REDACTED>
[INFO] [media-trace] seq=5 t_ms=6768 layer=player action=Stop phase=backend-call-done url_hash=9cc30efa detail=ok
[INFO] [media-trace] seq=5 t_ms=6768 layer=player action=Stop phase=snapshot-refresh-begin url_hash=9cc30efa detail=-
[INFO] [media-trace] seq=5 t_ms=6768 layer=player action=Stop phase=snapshot-refresh-done url_hash=9cc30efa detail=-
[INFO] [media-trace] seq=5 t_ms=6768 layer=player action=Stop phase=backend-wakeup-begin url_hash=9cc30efa detail=-
[INFO] [media-trace] seq=5 t_ms=6768 layer=player action=Stop phase=backend-wakeup-done url_hash=9cc30efa detail=-
[INFO] [return-home] phase=player-stop done state=playing
[INFO] [return-home] phase=wait-player-stopped ready_ms=63101103
[INFO] [input] action=return-home ok=1 stop=1 state=playing
[INFO] [render] frame begin reason=input view=video state=playing media=1
[INFO] [render] frame done rendered=1 view=video state=playing media=1
[INFO] [protocol-coordinator] revision=20->21 state=media-active->media-active iptv=running->running dlna=running->running airplay=running->running owner=iptv->iptv token=1 generation=6 pin_visible=0 discovery_suspended=1->0 airplay_running=1 airplay_starting=0 status=Ready for AirPlay video
[INFO] [player-libmpv] end-file uri=<URL_REDACTED> reason=stop error=success
[INFO] [media-trace] seq=5 t_ms=6800 layer=libmpv action=mpv-end-file phase=event url_hash=9cc30efa detail=stop url=<URL_REDACTED>
[INFO] [return-home] phase=show-home begin reason=player-stopped state=stopped media=1
[INFO] [player-view] manual navigation target=home state=STOPPED
[INFO] [return-home] phase=show-home done ok=1 reason=player-stopped pending=0
[INFO] [input] action=return-home-complete ok=1 state=stopped
[INFO] [player-view] active_view=home frame=8009
[INFO] [input] active_view=home state=stopped media=1 snapshot=1
[INFO] [runtime-heartbeat] t_ms=63101253 frame=8020 view=home player_state=stopped media=1 return_home_pending=0 protocol_state=media-active owner=iptv generation=6 discovery_suspended=0 service_workers=0,0,0 service_age_ms=133680,133676,133675 media_queue=0 media_high=1 media_command=0 media_kind=0 media_producer=0 media_token=0 media_generation=0 media_command_age_ms=0 media_heartbeat_age_ms=1 media_full=0 media_stale=0 media_timeout=0 media_coalesced=0 media_accepting=1 media_lifecycle=0,1,0,1 log_queue=0 enqueued=843 processed=843 log_high=27 log_heartbeat_age_ms=149 log_waiting=1 queue_dropped=0 mirror_dropped=0 mirror_failures=0 mirror=1 worker=1 mdns_phase=waiting mdns_mode=0 mdns_running=1 mdns_suspended=0 ssdp_suspended=0 mdns_socket=1 mdns_heartbeat_age_ms=89 mdns_select=331 mdns_recv=51 mdns_sent=38
[INFO] [runtime-heartbeat] t_ms=63103253 frame=8140 view=home player_state=stopped media=1 return_home_pending=0 protocol_state=media-active owner=iptv generation=6 discovery_suspended=0 service_workers=0,0,0 service_age_ms=135680,135676,135675 media_queue=0 media_high=1 media_command=0 media_kind=0 media_producer=0 media_token=0 media_generation=0 media_command_age_ms=0 media_heartbeat_age_ms=10 media_full=0 media_stale=0 media_timeout=0 media_coalesced=0 media_accepting=1 media_lifecycle=0,1,0,1 log_queue=0 enqueued=844 processed=844 log_high=27 log_heartbeat_age_ms=2000 log_waiting=1 queue_dropped=0 mirror_dropped=0 mirror_failures=0 mirror=1 worker=1 mdns_phase=waiting mdns_mode=0 mdns_running=1 mdns_suspended=0 ssdp_suspended=0 mdns_socket=1 mdns_heartbeat_age_ms=89 mdns_select=341 mdns_recv=51 mdns_sent=38
[INFO] [runtime-heartbeat] t_ms=63105253 frame=8260 view=home player_state=stopped media=1 return_home_pending=0 protocol_state=media-active owner=iptv generation=6 discovery_suspended=0 service_workers=0,0,0 service_age_ms=137680,137676,137675 media_queue=0 media_high=1 media_command=0 media_kind=0 media_producer=0 media_token=0 media_generation=0 media_command_age_ms=0 media_heartbeat_age_ms=9 media_full=0 media_stale=0 media_timeout=0 media_coalesced=0 media_accepting=1 media_lifecycle=0,1,0,1 log_queue=0 enqueued=845 processed=845 log_high=27 log_heartbeat_age_ms=2000 log_waiting=1 queue_dropped=0 mirror_dropped=0 mirror_failures=0 mirror=1 worker=1 mdns_phase=waiting mdns_mode=0 mdns_running=1 mdns_suspended=0 ssdp_suspended=0 mdns_socket=1 mdns_heartbeat_age_ms=88 mdns_select=351 mdns_recv=51 mdns_sent=38
[INFO] [ssdp] send packet to <IP_REDACTED>:7079 st=upnp:rootdevice bytes=283
[INFO] [ssdp] send packet to <IP_REDACTED>:7079 st=upnp:rootdevice bytes=283
[INFO] [ssdp] send packet to <IP_REDACTED>:7079 st=upnp:rootdevice bytes=283
[INFO] [runtime-heartbeat] t_ms=63107253 frame=8380 view=home player_state=stopped media=1 return_home_pending=0 protocol_state=media-active owner=iptv generation=6 discovery_suspended=0 service_workers=0,0,0 service_age_ms=139680,139676,139675 media_queue=0 media_high=1 media_command=0 media_kind=0 media_producer=0 media_token=0 media_generation=0 media_command_age_ms=0 media_heartbeat_age_ms=7 media_full=0 media_stale=0 media_timeout=0 media_coalesced=0 media_accepting=1 media_lifecycle=0,1,0,1 log_queue=0 enqueued=849 processed=849 log_high=27 log_heartbeat_age_ms=246 log_waiting=1 queue_dropped=0 mirror_dropped=0 mirror_failures=0 mirror=1 worker=1 mdns_phase=waiting mdns_mode=0 mdns_running=1 mdns_suspended=0 ssdp_suspended=0 mdns_socket=1 mdns_heartbeat_age_ms=164 mdns_select=361 mdns_recv=52 mdns_sent=40
[INFO] [soap] soap_call "AVTransport" "SetAVTransportURI" <InstanceID>0</InstanceID> <CurrentURI><URL_REDACTED></CurrentURI>
[INFO] [media-trace] seq=6 t_ms=0 action=SetAVTransportURI phase=begin url_hash=ad9738cc metadata_bytes=2100 url=<URL_REDACTED>
[INFO] [media-trace] seq=6 t_ms=0 layer=soap action=SetAVTransportURI phase=dispatch instance=0 url_hash=ad9738cc url=<URL_REDACTED>
[INFO] [protocol-coordinator] event=claim previous_owner=iptv previous_token=1 previous_generation=6 owner=dlna token=1 generation=7
[INFO] [media-trace] seq=6 t_ms=0 layer=player action=set_media phase=begin url_hash=ad9738cc url=<URL_REDACTED>
[INFO] [media-trace] seq=6 t_ms=0 layer=libmpv action=set_media phase=begin url_hash=ad9738cc detail=- url=<URL_REDACTED>
[INFO] [media-trace] seq=6 t_ms=0 layer=libmpv action=set_media phase=mutex-wait url_hash=ad9738cc detail=- url=<URL_REDACTED>
[INFO] [media-trace] seq=6 t_ms=0 layer=libmpv action=set_media phase=mutex-acquired url_hash=ad9738cc detail=- url=<URL_REDACTED>
[INFO] [media-trace] seq=6 t_ms=0 layer=libmpv action=loadfile phase=dispatch url_hash=ad9738cc detail=paused=1 profile=direct-mp4-fast url=<URL_REDACTED>
[INFO] [media-trace] seq=6 t_ms=0 layer=libmpv action=loadfile phase=queued url_hash=ad9738cc detail=paused=1 profile=direct-mp4-fast url=<URL_REDACTED>
[INFO] [media-trace] seq=6 t_ms=1 layer=libmpv action=set_media phase=done url_hash=ad9738cc detail=- url=<URL_REDACTED>
[INFO] [media-trace] seq=6 t_ms=1 layer=player action=set_media phase=done url_hash=ad9738cc url=<URL_REDACTED>
[INFO] [media-trace] seq=6 t_ms=1 layer=libmpv action=mpv-start-file phase=event url_hash=ad9738cc detail=- url=<URL_REDACTED>
[INFO] [player-libmpv] start-file uri=<URL_REDACTED>
[INFO] [media-trace] seq=6 t_ms=1 layer=soap action=SetAVTransportURI phase=done url_hash=ad9738cc url=<URL_REDACTED>
[INFO] [soap] assert_http_200 service=AVTransport action=SetAVTransportURI handler=avtransport_set_uri
[INFO] [protocol-coordinator] revision=21->23 state=media-active->media-active iptv=running->running dlna=running->running airplay=running->running owner=iptv->dlna token=1 generation=7 pin_visible=0 discovery_suspended=0->1 airplay_running=1 airplay_starting=0 status=Ready for AirPlay video
[INFO] [player-view] desired_view=video state=LOADING has_media=1 uri=<URL_REDACTED>
[INFO] [player-view] active_view=video frame=8457
[INFO] [input] active_view=video state=loading media=1 snapshot=1
[INFO] [soap] soap_call "AVTransport" "Play" <InstanceID>0</InstanceID> <Speed>1</Speed>
[INFO] [media-trace] seq=6 t_ms=18 layer=soap action=Play phase=begin url_hash=ad9738cc detail=1 url=<URL_REDACTED>
[INFO] [media-trace] seq=6 t_ms=18 layer=player action=Play phase=backend-call-begin url_hash=ad9738cc detail=-
[INFO] [media-trace] seq=6 t_ms=18 layer=libmpv action=Play phase=mutex-wait url_hash=ad9738cc detail=- url=<URL_REDACTED>
[INFO] [media-trace] seq=6 t_ms=18 layer=libmpv action=Play phase=mutex-acquired url_hash=ad9738cc detail=- url=<URL_REDACTED>
[INFO] [media-trace] seq=6 t_ms=18 layer=libmpv action=Play phase=deferred url_hash=ad9738cc detail=waiting-file-loaded url=<URL_REDACTED>
[INFO] [media-trace] seq=6 t_ms=18 layer=player action=Play phase=backend-call-done url_hash=ad9738cc detail=ok
[INFO] [media-trace] seq=6 t_ms=18 layer=player action=Play phase=snapshot-refresh-begin url_hash=ad9738cc detail=-
[INFO] [media-trace] seq=6 t_ms=18 layer=player action=Play phase=snapshot-refresh-done url_hash=ad9738cc detail=-
[INFO] [media-trace] seq=6 t_ms=18 layer=player action=Play phase=backend-wakeup-begin url_hash=ad9738cc detail=-
[INFO] [media-trace] seq=6 t_ms=18 layer=player action=Play phase=backend-wakeup-done url_hash=ad9738cc detail=-
[INFO] [media-trace] seq=6 t_ms=18 layer=soap action=Play phase=done url_hash=ad9738cc detail=1 url=<URL_REDACTED>
[INFO] [soap] assert_http_200 service=AVTransport action=Play handler=avtransport_play
[INFO] [soap] soap_call "AVTransport" "GetTransportInfo" <InstanceID>0</InstanceID>
[INFO] [soap] assert_http_200 service=AVTransport action=GetTransportInfo handler=avtransport_get_transport_info
[INFO] [soap] soap_call "AVTransport" "GetPositionInfo" <InstanceID>0</InstanceID>
[INFO] [soap] assert_http_200 service=AVTransport action=GetPositionInfo handler=avtransport_get_position_info
[INFO] [player-libmpv][cplayer]  (+) Video --vid=1 (*) (h264 1280x720 30.000fps)
[INFO] [player-libmpv][cplayer]  (+) Audio --aid=1 (*) (aac 2ch 44100Hz)
[INFO] [player-libmpv][display-tags] File tags:
[INFO] [player-libmpv][display-tags]  Description: Bilibili VXCode Swarm Transcoder v1.3.33
[INFO] [media-trace] seq=6 t_ms=526 layer=libmpv action=mpv-file-loaded phase=event url_hash=ad9738cc detail=- url=<URL_REDACTED>
[INFO] [player-libmpv] file-loaded uri=<URL_REDACTED>
[INFO] [media-trace] seq=6 t_ms=526 layer=libmpv action=Play phase=dispatch url_hash=ad9738cc detail=file-loaded-autoplay url=<URL_REDACTED>
[INFO] [player-libmpv][vd] Using hardware decoding (nvtegra).
[INFO] [player-libmpv][cplayer] AO: [hos] 44100Hz stereo 2ch s16
[INFO] [player-libmpv][cplayer] VO: [libmpv] 1280x720 nvtegra[nv12]
[INFO] [runtime-heartbeat] t_ms=63109253 frame=8500 view=video player_state=loading media=1 return_home_pending=0 protocol_state=media-active owner=dlna generation=7 discovery_suspended=1 service_workers=0,0,0 service_age_ms=141680,141676,141675 media_queue=0 media_high=1 media_command=0 media_kind=0 media_producer=0 media_token=0 media_generation=0 media_command_age_ms=0 media_heartbeat_age_ms=2 media_full=0 media_stale=0 media_timeout=0 media_coalesced=0 media_accepting=1 media_lifecycle=0,1,0,1 log_queue=0 enqueued=897 processed=897 log_high=27 log_heartbeat_age_ms=152 log_waiting=1 queue_dropped=0 mirror_dropped=0 mirror_failures=0 mirror=1 worker=1 mdns_phase=suspended mdns_mode=0 mdns_running=1 mdns_suspended=1 ssdp_suspended=0 mdns_socket=1 mdns_heartbeat_age_ms=140 mdns_select=370 mdns_recv=53 mdns_sent=42
[INFO] [media-trace] seq=6 t_ms=759 layer=libmpv action=mpv-playback-restart phase=event url_hash=ad9738cc detail=- url=<URL_REDACTED>
[INFO] [media-trace] seq=6 t_ms=759 layer=libmpv action=startup-gate phase=seek-window url_hash=ad9738cc detail=open url=<URL_REDACTED>
[INFO] [soap] soap_call "AVTransport" "GetTransportInfo" <InstanceID>0</InstanceID>
[INFO] [soap] assert_http_200 service=AVTransport action=GetTransportInfo handler=avtransport_get_transport_info
[INFO] [soap] soap_call "AVTransport" "GetPositionInfo" <InstanceID>0</InstanceID>
[INFO] [soap] assert_http_200 service=AVTransport action=GetPositionInfo handler=avtransport_get_position_info
[INFO] [media-trace] seq=6 t_ms=1114 layer=libmpv action=startup-gate phase=released url_hash=ad9738cc detail=initial-seek-window-expired url=<URL_REDACTED>
[INFO] [media-trace] seq=6 t_ms=1155 layer=render action=first-frame phase=presented url_hash=ad9738cc frame=8524 presented=8524
[INFO] [soap] soap_call "AVTransport" "GetTransportInfo" <InstanceID>0</InstanceID>
[INFO] [soap] assert_http_200 service=AVTransport action=GetTransportInfo handler=avtransport_get_transport_info
[INFO] [soap] soap_call "AVTransport" "GetPositionInfo" <InstanceID>0</InstanceID>
[INFO] [soap] assert_http_200 service=AVTransport action=GetPositionInfo handler=avtransport_get_position_info
[INFO] [soap] soap_call "AVTransport" "Seek" <InstanceID>0</InstanceID> <Unit>REL_TIME</Unit> <Target>0:00:00</Target>
[INFO] [media-trace] seq=6 t_ms=2051 layer=soap action=Seek phase=begin url_hash=ad9738cc detail=00:00:00 url=<URL_REDACTED>
[INFO] [media-trace] seq=6 t_ms=2051 layer=libmpv action=Seek phase=dispatch url_hash=ad9738cc detail=0.000 url=<URL_REDACTED>
[INFO] [media-trace] seq=6 t_ms=2051 layer=soap action=Seek phase=done url_hash=ad9738cc detail=00:00:00 url=<URL_REDACTED>
[INFO] [soap] assert_http_200 service=AVTransport action=Seek handler=avtransport_seek
[INFO] [media-trace] seq=6 t_ms=2073 layer=libmpv action=mpv-playback-restart phase=event url_hash=ad9738cc detail=- url=<URL_REDACTED>
[INFO] [runtime-heartbeat] t_ms=63111261 frame=8605 view=video player_state=playing media=1 return_home_pending=0 protocol_state=media-active owner=dlna generation=7 discovery_suspended=1 service_workers=0,0,0 service_age_ms=143688,143684,143683 media_queue=0 media_high=1 media_command=0 media_kind=0 media_producer=0 media_token=0 media_generation=0 media_command_age_ms=0 media_heartbeat_age_ms=4 media_full=0 media_stale=0 media_timeout=0 media_coalesced=0 media_accepting=1 media_lifecycle=0,1,0,1 log_queue=0 enqueued=916 processed=916 log_high=27 log_heartbeat_age_ms=639 log_waiting=1 queue_dropped=0 mirror_dropped=0 mirror_failures=0 mirror=1 worker=1 mdns_phase=suspended mdns_mode=0 mdns_running=1 mdns_suspended=1 ssdp_suspended=0 mdns_socket=1 mdns_heartbeat_age_ms=148 mdns_select=370 mdns_recv=53 mdns_sent=42
[INFO] [soap] soap_call "AVTransport" "GetTransportInfo" <InstanceID>0</InstanceID>
[INFO] [soap] assert_http_200 service=AVTransport action=GetTransportInfo handler=avtransport_get_transport_info
[INFO] [soap] soap_call "AVTransport" "GetPositionInfo" <InstanceID>0</InstanceID>
[INFO] [soap] assert_http_200 service=AVTransport action=GetPositionInfo handler=avtransport_get_position_info
[INFO] [soap] soap_call "AVTransport" "GetTransportInfo" <InstanceID>0</InstanceID>
[INFO] [soap] assert_http_200 service=AVTransport action=GetTransportInfo handler=avtransport_get_transport_info
[INFO] [soap] soap_call "AVTransport" "GetPositionInfo" <InstanceID>0</InstanceID>
[INFO] [soap] assert_http_200 service=AVTransport action=GetPositionInfo handler=avtransport_get_position_info
[INFO] [runtime-heartbeat] t_ms=63113270 frame=8701 view=video player_state=playing media=1 return_home_pending=0 protocol_state=media-active owner=dlna generation=7 discovery_suspended=1 service_workers=0,0,0 service_age_ms=145697,145693,145692 media_queue=0 media_high=1 media_command=0 media_kind=0 media_producer=0 media_token=0 media_generation=0 media_command_age_ms=0 media_heartbeat_age_ms=9 media_full=0 media_stale=0 media_timeout=0 media_coalesced=0 media_accepting=1 media_lifecycle=0,1,0,1 log_queue=0 enqueued=925 processed=925 log_high=27 log_heartbeat_age_ms=624 log_waiting=1 queue_dropped=0 mirror_dropped=0 mirror_failures=0 mirror=1 worker=1 mdns_phase=suspended mdns_mode=0 mdns_running=1 mdns_suspended=1 ssdp_suspended=0 mdns_socket=1 mdns_heartbeat_age_ms=156 mdns_select=370 mdns_recv=53 mdns_sent=42
[INFO] [soap] soap_call "AVTransport" "GetTransportInfo" <InstanceID>0</InstanceID>
[INFO] [soap] assert_http_200 service=AVTransport action=GetTransportInfo handler=avtransport_get_transport_info
[INFO] [soap] soap_call "AVTransport" "GetPositionInfo" <InstanceID>0</InstanceID>
[INFO] [soap] assert_http_200 service=AVTransport action=GetPositionInfo handler=avtransport_get_position_info
[INFO] [input] touch begin view=video x=68 y=411 state=playing media=1
[INFO] [soap] soap_call "AVTransport" "GetTransportInfo" <InstanceID>0</InstanceID>
[INFO] [soap] assert_http_200 service=AVTransport action=GetTransportInfo handler=avtransport_get_transport_info
[INFO] [soap] soap_call "AVTransport" "GetPositionInfo" <InstanceID>0</InstanceID>
[INFO] [soap] assert_http_200 service=AVTransport action=GetPositionInfo handler=avtransport_get_position_info
[INFO] [input] touch end start_view=video view=video duration_ms=67 dx=4 dy=-5 state=playing media=1
[INFO] [input] touch tap accepted x=72 y=406 duration_ms=67
[INFO] [input] action=touch-show-controls begin x=72 y=406 state=playing
[INFO] [input] action=touch-show-controls done duration_ms=2200 state=playing
[INFO] [render] frame begin reason=input view=video state=playing media=1
[INFO] [render] frame done rendered=1 view=video state=playing media=1
[INFO] [runtime-heartbeat] t_ms=63115290 frame=8788 view=video player_state=playing media=1 return_home_pending=0 protocol_state=media-active owner=dlna generation=7 discovery_suspended=1 service_workers=0,0,0 service_age_ms=147717,147713,147712 media_queue=0 media_high=1 media_command=0 media_kind=0 media_producer=0 media_token=0 media_generation=0 media_command_age_ms=0 media_heartbeat_age_ms=2 media_full=0 media_stale=0 media_timeout=0 media_coalesced=0 media_accepting=1 media_lifecycle=0,1,0,1 log_queue=0 enqueued=941 processed=941 log_high=27 log_heartbeat_age_ms=665 log_waiting=1 queue_dropped=0 mirror_dropped=0 mirror_failures=0 mirror=1 worker=1 mdns_phase=suspended mdns_mode=0 mdns_running=1 mdns_suspended=1 ssdp_suspended=0 mdns_socket=1 mdns_heartbeat_age_ms=176 mdns_select=370 mdns_recv=53 mdns_sent=42
[INFO] [soap] soap_call "AVTransport" "GetTransportInfo" <InstanceID>0</InstanceID>
[INFO] [soap] assert_http_200 service=AVTransport action=GetTransportInfo handler=avtransport_get_transport_info
[INFO] [soap] soap_call "AVTransport" "GetPositionInfo" <InstanceID>0</InstanceID>
[INFO] [soap] assert_http_200 service=AVTransport action=GetPositionInfo handler=avtransport_get_position_info
[INFO] [soap] soap_call "AVTransport" "GetTransportInfo" <InstanceID>0</InstanceID>
[INFO] [soap] assert_http_200 service=AVTransport action=GetTransportInfo handler=avtransport_get_transport_info
[INFO] [soap] soap_call "AVTransport" "GetPositionInfo" <InstanceID>0</InstanceID>
[INFO] [soap] assert_http_200 service=AVTransport action=GetPositionInfo handler=avtransport_get_position_info
[INFO] [runtime-heartbeat] t_ms=63117290 frame=8857 view=video player_state=playing media=1 return_home_pending=0 protocol_state=media-active owner=dlna generation=7 discovery_suspended=1 service_workers=0,0,0 service_age_ms=149717,149713,149712 media_queue=0 media_high=1 media_command=0 media_kind=0 media_producer=0 media_token=0 media_generation=0 media_command_age_ms=0 media_heartbeat_age_ms=2 media_full=0 media_stale=0 media_timeout=0 media_coalesced=0 media_accepting=1 media_lifecycle=0,1,0,1 log_queue=0 enqueued=950 processed=950 log_high=27 log_heartbeat_age_ms=709 log_waiting=1 queue_dropped=0 mirror_dropped=0 mirror_failures=0 mirror=1 worker=1 mdns_phase=suspended mdns_mode=0 mdns_running=1 mdns_suspended=1 ssdp_suspended=0 mdns_socket=1 mdns_heartbeat_age_ms=177 mdns_select=370 mdns_recv=53 mdns_sent=42
[INFO] [soap] soap_call "AVTransport" "GetTransportInfo" <InstanceID>0</InstanceID>
[INFO] [soap] assert_http_200 service=AVTransport action=GetTransportInfo handler=avtransport_get_transport_info
[INFO] [soap] soap_call "AVTransport" "GetPositionInfo" <InstanceID>0</InstanceID>
[INFO] [soap] assert_http_200 service=AVTransport action=GetPositionInfo handler=avtransport_get_position_info
[INFO] [soap] soap_call "AVTransport" "GetPositionInfo" <InstanceID>0</InstanceID>
[INFO] [soap] assert_http_200 service=AVTransport action=GetPositionInfo handler=avtransport_get_position_info
[INFO] [soap] soap_call "AVTransport" "GetTransportInfo" <InstanceID>0</InstanceID>
[INFO] [soap] assert_http_200 service=AVTransport action=GetTransportInfo handler=avtransport_get_transport_info
[INFO] [input] touch begin view=video x=229 y=427 state=playing media=1
[INFO] [input] touch end start_view=video view=video duration_ms=13 dx=0 dy=0 state=playing media=1
[INFO] [input] touch tap accepted x=229 y=427 duration_ms=13
[INFO] [input] action=touch-show-controls begin x=229 y=427 state=playing
[INFO] [input] action=touch-show-controls done duration_ms=2200 state=playing
[INFO] [render] frame begin reason=input view=video state=playing media=1
[INFO] [render] frame done rendered=1 view=video state=playing media=1
[INFO] [runtime-heartbeat] t_ms=63119291 frame=8934 view=video player_state=playing media=1 return_home_pending=0 protocol_state=media-active owner=dlna generation=7 discovery_suspended=1 service_workers=0,0,0 service_age_ms=151718,151714,151713 media_queue=0 media_high=1 media_command=0 media_kind=0 media_producer=0 media_token=0 media_generation=0 media_command_age_ms=0 media_heartbeat_age_ms=2 media_full=0 media_stale=0 media_timeout=0 media_coalesced=0 media_accepting=1 media_lifecycle=0,1,0,1 log_queue=0 enqueued=966 processed=966 log_high=27 log_heartbeat_age_ms=562 log_waiting=1 queue_dropped=0 mirror_dropped=0 mirror_failures=0 mirror=1 worker=1 mdns_phase=suspended mdns_mode=0 mdns_running=1 mdns_suspended=1 ssdp_suspended=0 mdns_socket=1 mdns_heartbeat_age_ms=177 mdns_select=370 mdns_recv=53 mdns_sent=42
[INFO] [soap] soap_call "AVTransport" "GetPositionInfo" <InstanceID>0</InstanceID>
[INFO] [soap] assert_http_200 service=AVTransport action=GetPositionInfo handler=avtransport_get_position_info
[INFO] [soap] soap_call "AVTransport" "GetTransportInfo" <InstanceID>0</InstanceID>
[INFO] [soap] assert_http_200 service=AVTransport action=GetTransportInfo handler=avtransport_get_transport_info
[INFO] [input] touch begin view=video x=132 y=620 state=playing media=1
[INFO] [input] action=touch-seek begin target_ms=9201 x=132 y=620
[INFO] [input] action=touch-seek preview ok=1 target_ms=9201 x=132
[INFO] [input] action=touch-seek preview ok=1 target_ms=10022 x=142
[INFO] [input] action=touch-seek preview ok=1 target_ms=10762 x=151
[INFO] [input] action=touch-seek preview ok=1 target_ms=13966 x=190
[INFO] [input] action=touch-seek preview ok=1 target_ms=21113 x=277
[INFO] [input] action=touch-seek preview ok=1 target_ms=25878 x=335
[INFO] [input] action=touch-seek preview ok=1 target_ms=29081 x=374
[INFO] [input] touch end start_view=video view=video duration_ms=234 dx=242 dy=11 state=playing media=1
[INFO] [media-trace] seq=6 t_ms=11548 layer=libmpv action=Seek phase=dispatch url_hash=ad9738cc detail=29.081 url=<URL_REDACTED>
[INFO] [input] action=touch-seek commit ok=1 target_ms=29081
[INFO] [soap] soap_call "AVTransport" "GetTransportInfo" <InstanceID>0</InstanceID>
[INFO] [soap] assert_http_200 service=AVTransport action=GetTransportInfo handler=avtransport_get_transport_info
[INFO] [soap] soap_call "AVTransport" "GetPositionInfo" <InstanceID>0</InstanceID>
[INFO] [soap] assert_http_200 service=AVTransport action=GetPositionInfo handler=avtransport_get_position_info
[INFO] [runtime-heartbeat] t_ms=63121303 frame=9032 view=video player_state=seeking media=1 return_home_pending=0 protocol_state=media-active owner=dlna generation=7 discovery_suspended=1 service_workers=0,0,0 service_age_ms=153730,153726,153725 media_queue=0 media_high=1 media_command=0 media_kind=0 media_producer=0 media_token=0 media_generation=0 media_command_age_ms=0 media_heartbeat_age_ms=4 media_full=0 media_stale=0 media_timeout=0 media_coalesced=0 media_accepting=1 media_lifecycle=0,1,0,1 log_queue=0 enqueued=987 processed=987 log_high=27 log_heartbeat_age_ms=725 log_waiting=1 queue_dropped=0 mirror_dropped=0 mirror_failures=0 mirror=1 worker=1 mdns_phase=suspended mdns_mode=0 mdns_running=1 mdns_suspended=1 ssdp_suspended=0 mdns_socket=1 mdns_heartbeat_age_ms=190 mdns_select=370 mdns_recv=53 mdns_sent=42
[INFO] [soap] soap_call "AVTransport" "GetTransportInfo" <InstanceID>0</InstanceID>
[INFO] [soap] assert_http_200 service=AVTransport action=GetTransportInfo handler=avtransport_get_transport_info
[INFO] [soap] soap_call "AVTransport" "GetPositionInfo" <InstanceID>0</InstanceID>
[INFO] [soap] assert_http_200 service=AVTransport action=GetPositionInfo handler=avtransport_get_position_info
[INFO] [soap] soap_call "AVTransport" "GetPositionInfo" <InstanceID>0</InstanceID>
[INFO] [soap] assert_http_200 service=AVTransport action=GetPositionInfo handler=avtransport_get_position_info
[INFO] [soap] soap_call "AVTransport" "GetTransportInfo" <InstanceID>0</InstanceID>
[INFO] [soap] assert_http_200 service=AVTransport action=GetTransportInfo handler=avtransport_get_transport_info
[INFO] [runtime-heartbeat] t_ms=63123303 frame=9152 view=video player_state=seeking media=1 return_home_pending=0 protocol_state=media-active owner=dlna generation=7 discovery_suspended=1 service_workers=0,0,0 service_age_ms=155730,155726,155725 media_queue=0 media_high=1 media_command=0 media_kind=0 media_producer=0 media_token=0 media_generation=0 media_command_age_ms=0 media_heartbeat_age_ms=3 media_full=0 media_stale=0 media_timeout=0 media_coalesced=0 media_accepting=1 media_lifecycle=0,1,0,1 log_queue=0 enqueued=996 processed=996 log_high=27 log_heartbeat_age_ms=724 log_waiting=1 queue_dropped=0 mirror_dropped=0 mirror_failures=0 mirror=1 worker=1 mdns_phase=suspended mdns_mode=0 mdns_running=1 mdns_suspended=1 ssdp_suspended=0 mdns_socket=1 mdns_heartbeat_age_ms=190 mdns_select=370 mdns_recv=53 mdns_sent=42
[INFO] [soap] soap_call "AVTransport" "GetPositionInfo" <InstanceID>0</InstanceID>
[INFO] [soap] assert_http_200 service=AVTransport action=GetPositionInfo handler=avtransport_get_position_info
[INFO] [soap] soap_call "AVTransport" "GetTransportInfo" <InstanceID>0</InstanceID>
[INFO] [soap] assert_http_200 service=AVTransport action=GetTransportInfo handler=avtransport_get_transport_info
[INFO] [soap] soap_call "AVTransport" "GetPositionInfo" <InstanceID>0</InstanceID>
[INFO] [soap] assert_http_200 service=AVTransport action=GetPositionInfo handler=avtransport_get_position_info
[INFO] [soap] soap_call "AVTransport" "GetTransportInfo" <InstanceID>0</InstanceID>
[INFO] [soap] assert_http_200 service=AVTransport action=GetTransportInfo handler=avtransport_get_transport_info
[INFO] [runtime-heartbeat] t_ms=63125303 frame=9272 view=video player_state=seeking media=1 return_home_pending=0 protocol_state=media-active owner=dlna generation=7 discovery_suspended=1 service_workers=0,0,0 service_age_ms=157731,157727,157726 media_queue=0 media_high=1 media_command=0 media_kind=0 media_producer=0 media_token=0 media_generation=0 media_command_age_ms=0 media_heartbeat_age_ms=2 media_full=0 media_stale=0 media_timeout=0 media_coalesced=0 media_accepting=1 media_lifecycle=0,1,0,1 log_queue=0 enqueued=1005 processed=1005 log_high=27 log_heartbeat_age_ms=676 log_waiting=1 queue_dropped=0 mirror_dropped=0 mirror_failures=0 mirror=1 worker=1 mdns_phase=suspended mdns_mode=0 mdns_running=1 mdns_suspended=1 ssdp_suspended=0 mdns_socket=1 mdns_heartbeat_age_ms=190 mdns_select=370 mdns_recv=53 mdns_sent=42
[INFO] [soap] soap_call "AVTransport" "GetPositionInfo" <InstanceID>0</InstanceID>
[INFO] [soap] assert_http_200 service=AVTransport action=GetPositionInfo handler=avtransport_get_position_info
[INFO] [soap] soap_call "AVTransport" "GetTransportInfo" <InstanceID>0</InstanceID>
[INFO] [soap] assert_http_200 service=AVTransport action=GetTransportInfo handler=avtransport_get_transport_info
[INFO] [soap] soap_call "AVTransport" "GetPositionInfo" <InstanceID>0</InstanceID>
[INFO] [soap] assert_http_200 service=AVTransport action=GetPositionInfo handler=avtransport_get_position_info
[INFO] [soap] soap_call "AVTransport" "GetTransportInfo" <InstanceID>0</InstanceID>
[INFO] [soap] assert_http_200 service=AVTransport action=GetTransportInfo handler=avtransport_get_transport_info
[INFO] [runtime-heartbeat] t_ms=63127303 frame=9392 view=video player_state=seeking media=1 return_home_pending=0 protocol_state=media-active owner=dlna generation=7 discovery_suspended=1 service_workers=0,0,0 service_age_ms=159731,159727,159726 media_queue=0 media_high=1 media_command=0 media_kind=0 media_producer=0 media_token=0 media_generation=0 media_command_age_ms=0 media_heartbeat_age_ms=1 media_full=0 media_stale=0 media_timeout=0 media_coalesced=0 media_accepting=1 media_lifecycle=0,1,0,1 log_queue=0 enqueued=1014 processed=1014 log_high=27 log_heartbeat_age_ms=556 log_waiting=1 queue_dropped=0 mirror_dropped=0 mirror_failures=0 mirror=1 worker=1 mdns_phase=suspended mdns_mode=0 mdns_running=1 mdns_suspended=1 ssdp_suspended=0 mdns_socket=1 mdns_heartbeat_age_ms=190 mdns_select=370 mdns_recv=53 mdns_sent=42
[INFO] [soap] soap_call "AVTransport" "GetPositionInfo" <InstanceID>0</InstanceID>
[INFO] [soap] assert_http_200 service=AVTransport action=GetPositionInfo handler=avtransport_get_position_info
[INFO] [soap] soap_call "AVTransport" "GetTransportInfo" <InstanceID>0</InstanceID>
[INFO] [soap] assert_http_200 service=AVTransport action=GetTransportInfo handler=avtransport_get_transport_info
[INFO] [soap] soap_call "AVTransport" "GetTransportInfo" <InstanceID>0</InstanceID>
[INFO] [soap] assert_http_200 service=AVTransport action=GetTransportInfo handler=avtransport_get_transport_info
[INFO] [soap] soap_call "AVTransport" "GetPositionInfo" <InstanceID>0</InstanceID>
[INFO] [soap] assert_http_200 service=AVTransport action=GetPositionInfo handler=avtransport_get_position_info
[INFO] [runtime-heartbeat] t_ms=63129303 frame=9512 view=video player_state=seeking media=1 return_home_pending=0 protocol_state=media-active owner=dlna generation=7 discovery_suspended=1 service_workers=0,0,0 service_age_ms=161730,161726,161725 media_queue=0 media_high=1 media_command=0 media_kind=0 media_producer=0 media_token=0 media_generation=0 media_command_age_ms=0 media_heartbeat_age_ms=9 media_full=0 media_stale=0 media_timeout=0 media_coalesced=0 media_accepting=1 media_lifecycle=0,1,0,1 log_queue=0 enqueued=1023 processed=1023 log_high=27 log_heartbeat_age_ms=682 log_waiting=1 queue_dropped=0 mirror_dropped=0 mirror_failures=0 mirror=1 worker=1 mdns_phase=suspended mdns_mode=0 mdns_running=1 mdns_suspended=1 ssdp_suspended=0 mdns_socket=1 mdns_heartbeat_age_ms=190 mdns_select=370 mdns_recv=53 mdns_sent=42
[INFO] [soap] soap_call "AVTransport" "GetPositionInfo" <InstanceID>0</InstanceID>
[INFO] [soap] assert_http_200 service=AVTransport action=GetPositionInfo handler=avtransport_get_position_info
[INFO] [soap] soap_call "AVTransport" "GetTransportInfo" <InstanceID>0</InstanceID>
[INFO] [soap] assert_http_200 service=AVTransport action=GetTransportInfo handler=avtransport_get_transport_info
[INFO] [soap] soap_call "AVTransport" "GetTransportInfo" <InstanceID>0</InstanceID>
[INFO] [soap] assert_http_200 service=AVTransport action=GetTransportInfo handler=avtransport_get_transport_info
[INFO] [soap] soap_call "AVTransport" "GetPositionInfo" <InstanceID>0</InstanceID>
[INFO] [soap] assert_http_200 service=AVTransport action=GetPositionInfo handler=avtransport_get_position_info
[INFO] [runtime-heartbeat] t_ms=63131303 frame=9632 view=video player_state=seeking media=1 return_home_pending=0 protocol_state=media-active owner=dlna generation=7 discovery_suspended=1 service_workers=0,0,0 service_age_ms=163730,163726,163725 media_queue=0 media_high=1 media_command=0 media_kind=0 media_producer=0 media_token=0 media_generation=0 media_command_age_ms=0 media_heartbeat_age_ms=8 media_full=0 media_stale=0 media_timeout=0 media_coalesced=0 media_accepting=1 media_lifecycle=0,1,0,1 log_queue=0 enqueued=1032 processed=1032 log_high=27 log_heartbeat_age_ms=531 log_waiting=1 queue_dropped=0 mirror_dropped=0 mirror_failures=0 mirror=1 worker=1 mdns_phase=suspended mdns_mode=0 mdns_running=1 mdns_suspended=1 ssdp_suspended=0 mdns_socket=1 mdns_heartbeat_age_ms=190 mdns_select=370 mdns_recv=53 mdns_sent=42
[INFO] [soap] soap_call "AVTransport" "GetTransportInfo" <InstanceID>0</InstanceID>
[INFO] [soap] assert_http_200 service=AVTransport action=GetTransportInfo handler=avtransport_get_transport_info
[INFO] [soap] soap_call "AVTransport" "GetPositionInfo" <InstanceID>0</InstanceID>
[INFO] [soap] assert_http_200 service=AVTransport action=GetPositionInfo handler=avtransport_get_position_info
[INFO] [soap] soap_call "AVTransport" "GetTransportInfo" <InstanceID>0</InstanceID>
[INFO] [soap] assert_http_200 service=AVTransport action=GetTransportInfo handler=avtransport_get_transport_info
[INFO] [soap] soap_call "AVTransport" "GetPositionInfo" <InstanceID>0</InstanceID>
[INFO] [soap] assert_http_200 service=AVTransport action=GetPositionInfo handler=avtransport_get_position_info
[INFO] [runtime-heartbeat] t_ms=63133303 frame=9752 view=video player_state=seeking media=1 return_home_pending=0 protocol_state=media-active owner=dlna generation=7 discovery_suspended=1 service_workers=0,0,0 service_age_ms=165730,165726,165725 media_queue=0 media_high=1 media_command=0 media_kind=0 media_producer=0 media_token=0 media_generation=0 media_command_age_ms=0 media_heartbeat_age_ms=7 media_full=0 media_stale=0 media_timeout=0 media_coalesced=0 media_accepting=1 media_lifecycle=0,1,0,1 log_queue=0 enqueued=1041 processed=1041 log_high=27 log_heartbeat_age_ms=725 log_waiting=1 queue_dropped=0 mirror_dropped=0 mirror_failures=0 mirror=1 worker=1 mdns_phase=suspended mdns_mode=0 mdns_running=1 mdns_suspended=1 ssdp_suspended=0 mdns_socket=1 mdns_heartbeat_age_ms=190 mdns_select=370 mdns_recv=53 mdns_sent=42
[INFO] [soap] soap_call "AVTransport" "GetPositionInfo" <InstanceID>0</InstanceID>
[INFO] [soap] assert_http_200 service=AVTransport action=GetPositionInfo handler=avtransport_get_position_info
[INFO] [soap] soap_call "AVTransport" "GetTransportInfo" <InstanceID>0</InstanceID>
[INFO] [soap] assert_http_200 service=AVTransport action=GetTransportInfo handler=avtransport_get_transport_info
[INFO] [soap] soap_call "AVTransport" "GetTransportInfo" <InstanceID>0</InstanceID>
[INFO] [soap] assert_http_200 service=AVTransport action=GetTransportInfo handler=avtransport_get_transport_info
[INFO] [soap] soap_call "AVTransport" "GetPositionInfo" <InstanceID>0</InstanceID>
[INFO] [soap] assert_http_200 service=AVTransport action=GetPositionInfo handler=avtransport_get_position_info
[INFO] [runtime-heartbeat] t_ms=63135304 frame=9872 view=video player_state=seeking media=1 return_home_pending=0 protocol_state=media-active owner=dlna generation=7 discovery_suspended=1 service_workers=0,0,0 service_age_ms=167731,167727,167726 media_queue=0 media_high=1 media_command=0 media_kind=0 media_producer=0 media_token=0 media_generation=0 media_command_age_ms=0 media_heartbeat_age_ms=5 media_full=0 media_stale=0 media_timeout=0 media_coalesced=0 media_accepting=1 media_lifecycle=0,1,0,1 log_queue=0 enqueued=1050 processed=1050 log_high=27 log_heartbeat_age_ms=540 log_waiting=1 queue_dropped=0 mirror_dropped=0 mirror_failures=0 mirror=1 worker=1 mdns_phase=suspended mdns_mode=0 mdns_running=1 mdns_suspended=1 ssdp_suspended=0 mdns_socket=1 mdns_heartbeat_age_ms=190 mdns_select=370 mdns_recv=53 mdns_sent=42
[INFO] [soap] soap_call "AVTransport" "GetTransportInfo" <InstanceID>0</InstanceID>
[INFO] [soap] assert_http_200 service=AVTransport action=GetTransportInfo handler=avtransport_get_transport_info
[INFO] [soap] soap_call "AVTransport" "GetPositionInfo" <InstanceID>0</InstanceID>
[INFO] [soap] assert_http_200 service=AVTransport action=GetPositionInfo handler=avtransport_get_position_info
[INFO] [soap] soap_call "AVTransport" "GetPositionInfo" <InstanceID>0</InstanceID>
[INFO] [soap] assert_http_200 service=AVTransport action=GetPositionInfo handler=avtransport_get_position_info
[INFO] [soap] soap_call "AVTransport" "GetTransportInfo" <InstanceID>0</InstanceID>
[INFO] [soap] assert_http_200 service=AVTransport action=GetTransportInfo handler=avtransport_get_transport_info
[INFO] [runtime-heartbeat] t_ms=63137320 frame=9993 view=video player_state=seeking media=1 return_home_pending=0 protocol_state=media-active owner=dlna generation=7 discovery_suspended=1 service_workers=0,0,0 service_age_ms=169747,169743,169742 media_queue=0 media_high=1 media_command=0 media_kind=0 media_producer=0 media_token=0 media_generation=0 media_command_age_ms=0 media_heartbeat_age_ms=0 media_full=0 media_stale=0 media_timeout=0 media_coalesced=0 media_accepting=1 media_lifecycle=0,1,0,1 log_queue=0 enqueued=1059 processed=1059 log_high=27 log_heartbeat_age_ms=710 log_waiting=1 queue_dropped=0 mirror_dropped=0 mirror_failures=0 mirror=1 worker=1 mdns_phase=suspended mdns_mode=0 mdns_running=1 mdns_suspended=1 ssdp_suspended=0 mdns_socket=1 mdns_heartbeat_age_ms=6 mdns_select=370 mdns_recv=53 mdns_sent=42
[INFO] [soap] soap_call "AVTransport" "GetTransportInfo" <InstanceID>0</InstanceID>
[INFO] [soap] assert_http_200 service=AVTransport action=GetTransportInfo handler=avtransport_get_transport_info
[INFO] [soap] soap_call "AVTransport" "GetPositionInfo" <InstanceID>0</InstanceID>
[INFO] [soap] assert_http_200 service=AVTransport action=GetPositionInfo handler=avtransport_get_position_info
[INFO] [soap] soap_call "AVTransport" "GetTransportInfo" <InstanceID>0</InstanceID>
[INFO] [soap] assert_http_200 service=AVTransport action=GetTransportInfo handler=avtransport_get_transport_info
[INFO] [soap] soap_call "AVTransport" "GetPositionInfo" <InstanceID>0</InstanceID>
[INFO] [soap] assert_http_200 service=AVTransport action=GetPositionInfo handler=avtransport_get_position_info
[INFO] [soap] soap_call "AVTransport" "Seek" <InstanceID>0</InstanceID> <Unit>REL_TIME</Unit> <Target>0:01:12</Target>
[INFO] [media-trace] seq=6 t_ms=30110 layer=soap action=Seek phase=begin url_hash=ad9738cc detail=00:01:12 url=<URL_REDACTED>
[INFO] [media-trace] seq=6 t_ms=30110 layer=libmpv action=Seek phase=dispatch url_hash=ad9738cc detail=72.000 url=<URL_REDACTED>
[INFO] [media-trace] seq=6 t_ms=30110 layer=soap action=Seek phase=done url_hash=ad9738cc detail=00:01:12 url=<URL_REDACTED>
[INFO] [soap] assert_http_200 service=AVTransport action=Seek handler=avtransport_seek
[INFO] [soap] soap_call "AVTransport" "Seek" <InstanceID>0</InstanceID> <Unit>REL_TIME</Unit> <Target>0:01:12</Target>
[INFO] [media-trace] seq=6 t_ms=30111 layer=soap action=Seek phase=begin url_hash=ad9738cc detail=00:01:12 url=<URL_REDACTED>
[INFO] [media-trace] seq=6 t_ms=30111 layer=libmpv action=Seek phase=dispatch url_hash=ad9738cc detail=72.000 url=<URL_REDACTED>
[INFO] [media-trace] seq=6 t_ms=30111 layer=soap action=Seek phase=done url_hash=ad9738cc detail=00:01:12 url=<URL_REDACTED>
[INFO] [soap] assert_http_200 service=AVTransport action=Seek handler=avtransport_seek
[INFO] [runtime-heartbeat] t_ms=63139320 frame=10113 view=video player_state=seeking media=1 return_home_pending=0 protocol_state=media-active owner=dlna generation=7 discovery_suspended=1 service_workers=0,0,0 service_age_ms=171747,171743,171742 media_queue=0 media_high=1 media_command=0 media_kind=0 media_producer=0 media_token=0 media_generation=0 media_command_age_ms=0 media_heartbeat_age_ms=3 media_full=0 media_stale=0 media_timeout=0 media_coalesced=0 media_accepting=1 media_lifecycle=0,1,0,1 log_queue=0 enqueued=1078 processed=1078 log_high=27 log_heartbeat_age_ms=660 log_waiting=1 queue_dropped=0 mirror_dropped=0 mirror_failures=0 mirror=1 worker=1 mdns_phase=suspended mdns_mode=0 mdns_running=1 mdns_suspended=1 ssdp_suspended=0 mdns_socket=1 mdns_heartbeat_age_ms=6 mdns_select=370 mdns_recv=53 mdns_sent=42
[INFO] [soap] soap_call "AVTransport" "GetPositionInfo" <InstanceID>0</InstanceID>
[INFO] [soap] assert_http_200 service=AVTransport action=GetPositionInfo handler=avtransport_get_position_info
[INFO] [soap] soap_call "AVTransport" "GetTransportInfo" <InstanceID>0</InstanceID>
[INFO] [soap] assert_http_200 service=AVTransport action=GetTransportInfo handler=avtransport_get_transport_info
[INFO] [soap] soap_call "AVTransport" "Pause" <InstanceID>0</InstanceID>
[INFO] [media-trace] seq=6 t_ms=31601 layer=soap action=Pause phase=begin url_hash=ad9738cc detail=- url=<URL_REDACTED>
[INFO] [media-trace] seq=6 t_ms=31601 layer=player action=Pause phase=backend-call-begin url_hash=ad9738cc detail=-
[INFO] [media-trace] seq=6 t_ms=31601 layer=libmpv action=Pause phase=dispatch url_hash=ad9738cc detail=- url=<URL_REDACTED>
[INFO] [media-trace] seq=6 t_ms=31601 layer=player action=Pause phase=backend-call-done url_hash=ad9738cc detail=ok
[INFO] [media-trace] seq=6 t_ms=31601 layer=player action=Pause phase=snapshot-refresh-begin url_hash=ad9738cc detail=-
[INFO] [media-trace] seq=6 t_ms=31601 layer=player action=Pause phase=snapshot-refresh-done url_hash=ad9738cc detail=-
[INFO] [media-trace] seq=6 t_ms=31601 layer=player action=Pause phase=backend-wakeup-begin url_hash=ad9738cc detail=-
[INFO] [media-trace] seq=6 t_ms=31601 layer=player action=Pause phase=backend-wakeup-done url_hash=ad9738cc detail=-
[INFO] [media-trace] seq=6 t_ms=31601 layer=soap action=Pause phase=done url_hash=ad9738cc detail=- url=<URL_REDACTED>
[INFO] [soap] assert_http_200 service=AVTransport action=Pause handler=avtransport_pause
[INFO] [soap] soap_call "AVTransport" "GetPositionInfo" <InstanceID>0</InstanceID>
[INFO] [soap] assert_http_200 service=AVTransport action=GetPositionInfo handler=avtransport_get_position_info
[INFO] [soap] soap_call "AVTransport" "GetTransportInfo" <InstanceID>0</InstanceID>
[INFO] [soap] assert_http_200 service=AVTransport action=GetTransportInfo handler=avtransport_get_transport_info
[INFO] [soap] soap_call "AVTransport" "Play" <InstanceID>0</InstanceID> <Speed>1</Speed>
[INFO] [media-trace] seq=6 t_ms=32185 layer=soap action=Play phase=begin url_hash=ad9738cc detail=1 url=<URL_REDACTED>
[INFO] [media-trace] seq=6 t_ms=32185 layer=player action=Play phase=backend-call-begin url_hash=ad9738cc detail=-
[INFO] [media-trace] seq=6 t_ms=32185 layer=libmpv action=Play phase=mutex-wait url_hash=ad9738cc detail=- url=<URL_REDACTED>
[INFO] [media-trace] seq=6 t_ms=32185 layer=libmpv action=Play phase=mutex-acquired url_hash=ad9738cc detail=- url=<URL_REDACTED>
[INFO] [media-trace] seq=6 t_ms=32185 layer=libmpv action=Play phase=dispatch url_hash=ad9738cc detail=immediate url=<URL_REDACTED>
[INFO] [media-trace] seq=6 t_ms=32185 layer=player action=Play phase=backend-call-done url_hash=ad9738cc detail=ok
[INFO] [media-trace] seq=6 t_ms=32185 layer=player action=Play phase=snapshot-refresh-begin url_hash=ad9738cc detail=-
[INFO] [media-trace] seq=6 t_ms=32185 layer=player action=Play phase=snapshot-refresh-done url_hash=ad9738cc detail=-
[INFO] [media-trace] seq=6 t_ms=32185 layer=player action=Play phase=backend-wakeup-begin url_hash=ad9738cc detail=-
[INFO] [media-trace] seq=6 t_ms=32185 layer=player action=Play phase=backend-wakeup-done url_hash=ad9738cc detail=-
[INFO] [media-trace] seq=6 t_ms=32185 layer=soap action=Play phase=done url_hash=ad9738cc detail=1 url=<URL_REDACTED>
[INFO] [soap] assert_http_200 service=AVTransport action=Play handler=avtransport_play
[INFO] [soap] soap_call "AVTransport" "GetTransportInfo" <InstanceID>0</InstanceID>
[INFO] [soap] assert_http_200 service=AVTransport action=GetTransportInfo handler=avtransport_get_transport_info
[INFO] [soap] soap_call "AVTransport" "GetPositionInfo" <InstanceID>0</InstanceID>
[INFO] [soap] assert_http_200 service=AVTransport action=GetPositionInfo handler=avtransport_get_position_info
[INFO] [runtime-heartbeat] t_ms=63141320 frame=10233 view=video player_state=seeking media=1 return_home_pending=0 protocol_state=media-active owner=dlna generation=7 discovery_suspended=1 service_workers=0,0,0 service_age_ms=173747,173743,173742 media_queue=0 media_high=1 media_command=0 media_kind=0 media_producer=0 media_token=0 media_generation=0 media_command_age_ms=0 media_heartbeat_age_ms=6 media_full=0 media_stale=0 media_timeout=0 media_coalesced=0 media_accepting=1 media_lifecycle=0,1,0,1 log_queue=0 enqueued=1115 processed=1115 log_high=27 log_heartbeat_age_ms=573 log_waiting=1 queue_dropped=0 mirror_dropped=0 mirror_failures=0 mirror=1 worker=1 mdns_phase=suspended mdns_mode=0 mdns_running=1 mdns_suspended=1 ssdp_suspended=0 mdns_socket=1 mdns_heartbeat_age_ms=6 mdns_select=370 mdns_recv=53 mdns_sent=42
[INFO] [soap] soap_call "AVTransport" "Pause" <InstanceID>0</InstanceID>
[INFO] [media-trace] seq=6 t_ms=33122 layer=soap action=Pause phase=begin url_hash=ad9738cc detail=- url=<URL_REDACTED>
[INFO] [media-trace] seq=6 t_ms=33122 layer=player action=Pause phase=backend-call-begin url_hash=ad9738cc detail=-
[INFO] [media-trace] seq=6 t_ms=33122 layer=libmpv action=Pause phase=dispatch url_hash=ad9738cc detail=- url=<URL_REDACTED>
[INFO] [media-trace] seq=6 t_ms=33122 layer=player action=Pause phase=backend-call-done url_hash=ad9738cc detail=ok
[INFO] [media-trace] seq=6 t_ms=33122 layer=player action=Pause phase=snapshot-refresh-begin url_hash=ad9738cc detail=-
[INFO] [media-trace] seq=6 t_ms=33122 layer=player action=Pause phase=snapshot-refresh-done url_hash=ad9738cc detail=-
[INFO] [media-trace] seq=6 t_ms=33122 layer=player action=Pause phase=backend-wakeup-begin url_hash=ad9738cc detail=-
[INFO] [media-trace] seq=6 t_ms=33122 layer=player action=Pause phase=backend-wakeup-done url_hash=ad9738cc detail=-
[INFO] [media-trace] seq=6 t_ms=33122 layer=soap action=Pause phase=done url_hash=ad9738cc detail=- url=<URL_REDACTED>
[INFO] [soap] assert_http_200 service=AVTransport action=Pause handler=avtransport_pause
[INFO] [soap] soap_call "AVTransport" "GetPositionInfo" <InstanceID>0</InstanceID>
[INFO] [soap] assert_http_200 service=AVTransport action=GetPositionInfo handler=avtransport_get_position_info
[INFO] [soap] soap_call "AVTransport" "GetTransportInfo" <InstanceID>0</InstanceID>
[INFO] [soap] assert_http_200 service=AVTransport action=GetTransportInfo handler=avtransport_get_transport_info
[INFO] [soap] soap_call "AVTransport" "Play" <InstanceID>0</InstanceID> <Speed>1</Speed>
[INFO] [media-trace] seq=6 t_ms=33735 layer=soap action=Play phase=begin url_hash=ad9738cc detail=1 url=<URL_REDACTED>
[INFO] [media-trace] seq=6 t_ms=33735 layer=player action=Play phase=backend-call-begin url_hash=ad9738cc detail=-
[INFO] [media-trace] seq=6 t_ms=33735 layer=libmpv action=Play phase=mutex-wait url_hash=ad9738cc detail=- url=<URL_REDACTED>
[INFO] [media-trace] seq=6 t_ms=33735 layer=libmpv action=Play phase=mutex-acquired url_hash=ad9738cc detail=- url=<URL_REDACTED>
[INFO] [media-trace] seq=6 t_ms=33735 layer=libmpv action=Play phase=dispatch url_hash=ad9738cc detail=immediate url=<URL_REDACTED>
[INFO] [media-trace] seq=6 t_ms=33735 layer=player action=Play phase=backend-call-done url_hash=ad9738cc detail=ok
[INFO] [media-trace] seq=6 t_ms=33735 layer=player action=Play phase=snapshot-refresh-begin url_hash=ad9738cc detail=-
[INFO] [media-trace] seq=6 t_ms=33735 layer=player action=Play phase=snapshot-refresh-done url_hash=ad9738cc detail=-
[INFO] [media-trace] seq=6 t_ms=33735 layer=player action=Play phase=backend-wakeup-begin url_hash=ad9738cc detail=-
[INFO] [media-trace] seq=6 t_ms=33735 layer=player action=Play phase=backend-wakeup-done url_hash=ad9738cc detail=-
[INFO] [media-trace] seq=6 t_ms=33735 layer=soap action=Play phase=done url_hash=ad9738cc detail=1 url=<URL_REDACTED>
[INFO] [soap] assert_http_200 service=AVTransport action=Play handler=avtransport_play
[INFO] [soap] soap_call "AVTransport" "GetTransportInfo" <InstanceID>0</InstanceID>
[INFO] [soap] assert_http_200 service=AVTransport action=GetTransportInfo handler=avtransport_get_transport_info
[INFO] [soap] soap_call "AVTransport" "GetPositionInfo" <InstanceID>0</InstanceID>
[INFO] [soap] assert_http_200 service=AVTransport action=GetPositionInfo handler=avtransport_get_position_info
[INFO] [runtime-heartbeat] t_ms=63143320 frame=10353 view=video player_state=seeking media=1 return_home_pending=0 protocol_state=media-active owner=dlna generation=7 discovery_suspended=1 service_workers=0,0,0 service_age_ms=175747,175743,175742 media_queue=0 media_high=1 media_command=0 media_kind=0 media_producer=0 media_token=0 media_generation=0 media_command_age_ms=0 media_heartbeat_age_ms=6 media_full=0 media_stale=0 media_timeout=0 media_coalesced=0 media_accepting=1 media_lifecycle=0,1,0,1 log_queue=0 enqueued=1148 processed=1148 log_high=27 log_heartbeat_age_ms=1022 log_waiting=1 queue_dropped=0 mirror_dropped=0 mirror_failures=0 mirror=1 worker=1 mdns_phase=suspended mdns_mode=0 mdns_running=1 mdns_suspended=1 ssdp_suspended=0 mdns_socket=1 mdns_heartbeat_age_ms=6 mdns_select=370 mdns_recv=53 mdns_sent=42
[INFO] [soap] soap_call "AVTransport" "GetPositionInfo" <InstanceID>0</InstanceID>
[INFO] [soap] assert_http_200 service=AVTransport action=GetPositionInfo handler=avtransport_get_position_info
[INFO] [soap] soap_call "AVTransport" "GetTransportInfo" <InstanceID>0</InstanceID>
[INFO] [soap] assert_http_200 service=AVTransport action=GetTransportInfo handler=avtransport_get_transport_info
[INFO] [soap] soap_call "AVTransport" "Seek" <InstanceID>0</InstanceID> <Unit>REL_TIME</Unit> <Target>0:00:02</Target>
[INFO] [media-trace] seq=6 t_ms=35949 layer=soap action=Seek phase=begin url_hash=ad9738cc detail=00:00:02 url=<URL_REDACTED>
[INFO] [media-trace] seq=6 t_ms=35949 layer=libmpv action=Seek phase=dispatch url_hash=ad9738cc detail=2.000 url=<URL_REDACTED>
[INFO] [media-trace] seq=6 t_ms=35949 layer=soap action=Seek phase=done url_hash=ad9738cc detail=00:00:02 url=<URL_REDACTED>
[INFO] [soap] assert_http_200 service=AVTransport action=Seek handler=avtransport_seek
[INFO] [soap] soap_call "AVTransport" "Seek" <InstanceID>0</InstanceID> <Unit>REL_TIME</Unit> <Target>0:00:02</Target>
[INFO] [media-trace] seq=6 t_ms=35951 layer=soap action=Seek phase=begin url_hash=ad9738cc detail=00:00:02 url=<URL_REDACTED>
[INFO] [media-trace] seq=6 t_ms=35951 layer=libmpv action=Seek phase=dispatch url_hash=ad9738cc detail=2.000 url=<URL_REDACTED>
[INFO] [media-trace] seq=6 t_ms=35951 layer=soap action=Seek phase=done url_hash=ad9738cc detail=00:00:02 url=<URL_REDACTED>
[INFO] [soap] assert_http_200 service=AVTransport action=Seek handler=avtransport_seek
[INFO] [soap] soap_call "AVTransport" "GetTransportInfo" <InstanceID>0</InstanceID>
[INFO] [soap] assert_http_200 service=AVTransport action=GetTransportInfo handler=avtransport_get_transport_info
[INFO] [soap] soap_call "AVTransport" "GetPositionInfo" <InstanceID>0</InstanceID>
[INFO] [soap] assert_http_200 service=AVTransport action=GetPositionInfo handler=avtransport_get_position_info
[INFO] [media-trace] seq=6 t_ms=36079 layer=libmpv action=mpv-playback-restart phase=event url_hash=ad9738cc detail=- url=<URL_REDACTED>
[INFO] [soap] soap_call "AVTransport" "GetPositionInfo" <InstanceID>0</InstanceID>
[INFO] [soap] assert_http_200 service=AVTransport action=GetPositionInfo handler=avtransport_get_position_info
[INFO] [soap] soap_call "AVTransport" "GetTransportInfo" <InstanceID>0</InstanceID>
[INFO] [soap] assert_http_200 service=AVTransport action=GetTransportInfo handler=avtransport_get_transport_info
[INFO] [runtime-heartbeat] t_ms=63145335 frame=10456 view=video player_state=playing media=1 return_home_pending=0 protocol_state=media-active owner=dlna generation=7 discovery_suspended=1 service_workers=0,0,0 service_age_ms=177762,177758,177757 media_queue=0 media_high=1 media_command=0 media_kind=0 media_producer=0 media_token=0 media_generation=0 media_command_age_ms=0 media_heartbeat_age_ms=5 media_full=0 media_stale=0 media_timeout=0 media_coalesced=0 media_accepting=1 media_lifecycle=0,1,0,1 log_queue=0 enqueued=1172 processed=1172 log_high=27 log_heartbeat_age_ms=33 log_waiting=1 queue_dropped=0 mirror_dropped=0 mirror_failures=0 mirror=1 worker=1 mdns_phase=suspended mdns_mode=0 mdns_running=1 mdns_suspended=1 ssdp_suspended=0 mdns_socket=1 mdns_heartbeat_age_ms=21 mdns_select=370 mdns_recv=53 mdns_sent=42
[INFO] [soap] soap_call "AVTransport" "GetTransportInfo" <InstanceID>0</InstanceID>
[INFO] [soap] assert_http_200 service=AVTransport action=GetTransportInfo handler=avtransport_get_transport_info
[INFO] [soap] soap_call "AVTransport" "GetPositionInfo" <InstanceID>0</InstanceID>
[INFO] [soap] assert_http_200 service=AVTransport action=GetPositionInfo handler=avtransport_get_position_info
[INFO] [runtime-heartbeat] t_ms=63147336 frame=10522 view=video player_state=playing media=1 return_home_pending=0 protocol_state=media-active owner=dlna generation=7 discovery_suspended=1 service_workers=0,0,0 service_age_ms=179763,179759,179758 media_queue=0 media_high=1 media_command=0 media_kind=0 media_producer=0 media_token=0 media_generation=0 media_command_age_ms=0 media_heartbeat_age_ms=5 media_full=0 media_stale=0 media_timeout=0 media_coalesced=0 media_accepting=1 media_lifecycle=0,1,0,1 log_queue=0 enqueued=1177 processed=1177 log_high=27 log_heartbeat_age_ms=1032 log_waiting=1 queue_dropped=0 mirror_dropped=0 mirror_failures=0 mirror=1 worker=1 mdns_phase=suspended mdns_mode=0 mdns_running=1 mdns_suspended=1 ssdp_suspended=0 mdns_socket=1 mdns_heartbeat_age_ms=22 mdns_select=370 mdns_recv=53 mdns_sent=42
[INFO] [soap] soap_call "AVTransport" "GetTransportInfo" <InstanceID>0</InstanceID>
[INFO] [soap] assert_http_200 service=AVTransport action=GetTransportInfo handler=avtransport_get_transport_info
[INFO] [soap] soap_call "AVTransport" "GetPositionInfo" <InstanceID>0</InstanceID>
[INFO] [soap] assert_http_200 service=AVTransport action=GetPositionInfo handler=avtransport_get_position_info
[INFO] [soap] soap_call "AVTransport" "Seek" <InstanceID>0</InstanceID> <Unit>REL_TIME</Unit> <Target>0:00:44</Target>
[INFO] [media-trace] seq=6 t_ms=39225 layer=soap action=Seek phase=begin url_hash=ad9738cc detail=00:00:44 url=<URL_REDACTED>
[INFO] [media-trace] seq=6 t_ms=39225 layer=libmpv action=Seek phase=dispatch url_hash=ad9738cc detail=44.000 url=<URL_REDACTED>
[INFO] [media-trace] seq=6 t_ms=39225 layer=soap action=Seek phase=done url_hash=ad9738cc detail=00:00:44 url=<URL_REDACTED>
[INFO] [soap] assert_http_200 service=AVTransport action=Seek handler=avtransport_seek
[INFO] [soap] soap_call "AVTransport" "Seek" <InstanceID>0</InstanceID> <Unit>REL_TIME</Unit> <Target>0:00:44</Target>
[INFO] [media-trace] seq=6 t_ms=39226 layer=soap action=Seek phase=begin url_hash=ad9738cc detail=00:00:44 url=<URL_REDACTED>
[INFO] [media-trace] seq=6 t_ms=39226 layer=libmpv action=Seek phase=dispatch url_hash=ad9738cc detail=44.000 url=<URL_REDACTED>
[INFO] [media-trace] seq=6 t_ms=39226 layer=soap action=Seek phase=done url_hash=ad9738cc detail=00:00:44 url=<URL_REDACTED>
[INFO] [soap] assert_http_200 service=AVTransport action=Seek handler=avtransport_seek
[INFO] [soap] soap_call "AVTransport" "GetTransportInfo" <InstanceID>0</InstanceID>
[INFO] [soap] assert_http_200 service=AVTransport action=GetTransportInfo handler=avtransport_get_transport_info
[INFO] [soap] soap_call "AVTransport" "GetPositionInfo" <InstanceID>0</InstanceID>
[INFO] [soap] assert_http_200 service=AVTransport action=GetPositionInfo handler=avtransport_get_position_info
[INFO] [soap] soap_call "AVTransport" "GetPositionInfo" <InstanceID>0</InstanceID>
[INFO] [soap] assert_http_200 service=AVTransport action=GetPositionInfo handler=avtransport_get_position_info
[INFO] [soap] soap_call "AVTransport" "GetTransportInfo" <InstanceID>0</InstanceID>
[INFO] [soap] assert_http_200 service=AVTransport action=GetTransportInfo handler=avtransport_get_transport_info
[INFO] [runtime-heartbeat] t_ms=63149337 frame=10629 view=video player_state=seeking media=1 return_home_pending=0 protocol_state=media-active owner=dlna generation=7 discovery_suspended=1 service_workers=0,0,0 service_age_ms=181764,181760,181759 media_queue=0 media_high=1 media_command=0 media_kind=0 media_producer=0 media_token=0 media_generation=0 media_command_age_ms=0 media_heartbeat_age_ms=4 media_full=0 media_stale=0 media_timeout=0 media_coalesced=0 media_accepting=1 media_lifecycle=0,1,0,1 log_queue=0 enqueued=1200 processed=1200 log_high=27 log_heartbeat_age_ms=31 log_waiting=1 queue_dropped=0 mirror_dropped=0 mirror_failures=0 mirror=1 worker=1 mdns_phase=suspended mdns_mode=0 mdns_running=1 mdns_suspended=1 ssdp_suspended=0 mdns_socket=1 mdns_heartbeat_age_ms=22 mdns_select=370 mdns_recv=53 mdns_sent=42
[INFO] [soap] soap_call "AVTransport" "GetTransportInfo" <InstanceID>0</InstanceID>
[INFO] [soap] assert_http_200 service=AVTransport action=GetTransportInfo handler=avtransport_get_transport_info
[INFO] [soap] soap_call "AVTransport" "GetPositionInfo" <InstanceID>0</InstanceID>
[INFO] [soap] assert_http_200 service=AVTransport action=GetPositionInfo handler=avtransport_get_position_info
[INFO] [runtime-heartbeat] t_ms=63151337 frame=10749 view=video player_state=seeking media=1 return_home_pending=0 protocol_state=media-active owner=dlna generation=7 discovery_suspended=1 service_workers=0,0,0 service_age_ms=183764,183760,183759 media_queue=0 media_high=1 media_command=0 media_kind=0 media_producer=0 media_token=0 media_generation=0 media_command_age_ms=0 media_heartbeat_age_ms=3 media_full=0 media_stale=0 media_timeout=0 media_coalesced=0 media_accepting=1 media_lifecycle=0,1,0,1 log_queue=0 enqueued=1205 processed=1205 log_high=27 log_heartbeat_age_ms=1032 log_waiting=1 queue_dropped=0 mirror_dropped=0 mirror_failures=0 mirror=1 worker=1 mdns_phase=suspended mdns_mode=0 mdns_running=1 mdns_suspended=1 ssdp_suspended=0 mdns_socket=1 mdns_heartbeat_age_ms=22 mdns_select=370 mdns_recv=53 mdns_sent=42
[INFO] [soap] soap_call "AVTransport" "GetTransportInfo" <InstanceID>0</InstanceID>
[INFO] [soap] assert_http_200 service=AVTransport action=GetTransportInfo handler=avtransport_get_transport_info
[INFO] [soap] soap_call "AVTransport" "GetPositionInfo" <InstanceID>0</InstanceID>
[INFO] [soap] assert_http_200 service=AVTransport action=GetPositionInfo handler=avtransport_get_position_info
[INFO] [soap] soap_call "AVTransport" "GetTransportInfo" <InstanceID>0</InstanceID>
[INFO] [soap] assert_http_200 service=AVTransport action=GetTransportInfo handler=avtransport_get_transport_info
[INFO] [soap] soap_call "AVTransport" "GetPositionInfo" <InstanceID>0</InstanceID>
[INFO] [soap] assert_http_200 service=AVTransport action=GetPositionInfo handler=avtransport_get_position_info
[INFO] [soap] soap_call "AVTransport" "GetTransportInfo" <InstanceID>0</InstanceID>
[INFO] [soap] assert_http_200 service=AVTransport action=GetTransportInfo handler=avtransport_get_transport_info
[INFO] [soap] soap_call "AVTransport" "GetPositionInfo" <InstanceID>0</InstanceID>
[INFO] [soap] assert_http_200 service=AVTransport action=GetPositionInfo handler=avtransport_get_position_info
[INFO] [runtime-heartbeat] t_ms=63153337 frame=10869 view=video player_state=seeking media=1 return_home_pending=0 protocol_state=media-active owner=dlna generation=7 discovery_suspended=1 service_workers=0,0,0 service_age_ms=185764,185760,185759 media_queue=0 media_high=1 media_command=0 media_kind=0 media_producer=0 media_token=0 media_generation=0 media_command_age_ms=0 media_heartbeat_age_ms=1 media_full=0 media_stale=0 media_timeout=0 media_coalesced=0 media_accepting=1 media_lifecycle=0,1,0,1 log_queue=0 enqueued=1218 processed=1218 log_high=27 log_heartbeat_age_ms=37 log_waiting=1 queue_dropped=0 mirror_dropped=0 mirror_failures=0 mirror=1 worker=1 mdns_phase=suspended mdns_mode=0 mdns_running=1 mdns_suspended=1 ssdp_suspended=0 mdns_socket=1 mdns_heartbeat_age_ms=22 mdns_select=370 mdns_recv=53 mdns_sent=42
[INFO] [soap] soap_call "AVTransport" "GetTransportInfo" <InstanceID>0</InstanceID>
[INFO] [soap] assert_http_200 service=AVTransport action=GetTransportInfo handler=avtransport_get_transport_info
[INFO] [soap] soap_call "AVTransport" "GetPositionInfo" <InstanceID>0</InstanceID>
[INFO] [soap] assert_http_200 service=AVTransport action=GetPositionInfo handler=avtransport_get_position_info
[INFO] [runtime-heartbeat] t_ms=63155337 frame=10989 view=video player_state=seeking media=1 return_home_pending=0 protocol_state=media-active owner=dlna generation=7 discovery_suspended=1 service_workers=0,0,0 service_age_ms=187764,187760,187759 media_queue=0 media_high=1 media_command=0 media_kind=0 media_producer=0 media_token=0 media_generation=0 media_command_age_ms=0 media_heartbeat_age_ms=0 media_full=0 media_stale=0 media_timeout=0 media_coalesced=0 media_accepting=1 media_lifecycle=0,1,0,1 log_queue=0 enqueued=1223 processed=1223 log_high=27 log_heartbeat_age_ms=1014 log_waiting=1 queue_dropped=0 mirror_dropped=0 mirror_failures=0 mirror=1 worker=1 mdns_phase=suspended mdns_mode=0 mdns_running=1 mdns_suspended=1 ssdp_suspended=0 mdns_socket=1 mdns_heartbeat_age_ms=22 mdns_select=370 mdns_recv=53 mdns_sent=42
[INFO] [soap] soap_call "AVTransport" "GetPositionInfo" <InstanceID>0</InstanceID>
[INFO] [soap] assert_http_200 service=AVTransport action=GetPositionInfo handler=avtransport_get_position_info
[INFO] [soap] soap_call "AVTransport" "GetTransportInfo" <InstanceID>0</InstanceID>
[INFO] [soap] assert_http_200 service=AVTransport action=GetTransportInfo handler=avtransport_get_transport_info
[INFO] [soap] soap_call "AVTransport" "GetTransportInfo" <InstanceID>0</InstanceID>
[INFO] [soap] assert_http_200 service=AVTransport action=GetTransportInfo handler=avtransport_get_transport_info
[INFO] [soap] soap_call "AVTransport" "GetPositionInfo" <InstanceID>0</InstanceID>
[INFO] [soap] assert_http_200 service=AVTransport action=GetPositionInfo handler=avtransport_get_position_info
[INFO] [soap] soap_call "AVTransport" "GetTransportInfo" <InstanceID>0</InstanceID>
[INFO] [soap] assert_http_200 service=AVTransport action=GetTransportInfo handler=avtransport_get_transport_info
[INFO] [soap] soap_call "AVTransport" "GetPositionInfo" <InstanceID>0</InstanceID>
[INFO] [soap] assert_http_200 service=AVTransport action=GetPositionInfo handler=avtransport_get_position_info
[INFO] [runtime-heartbeat] t_ms=63157337 frame=11109 view=video player_state=seeking media=1 return_home_pending=0 protocol_state=media-active owner=dlna generation=7 discovery_suspended=1 service_workers=0,0,0 service_age_ms=189764,189760,189759 media_queue=0 media_high=1 media_command=0 media_kind=0 media_producer=0 media_token=0 media_generation=0 media_command_age_ms=0 media_heartbeat_age_ms=9 media_full=0 media_stale=0 media_timeout=0 media_coalesced=0 media_accepting=1 media_lifecycle=0,1,0,1 log_queue=0 enqueued=1236 processed=1236 log_high=27 log_heartbeat_age_ms=36 log_waiting=1 queue_dropped=0 mirror_dropped=0 mirror_failures=0 mirror=1 worker=1 mdns_phase=suspended mdns_mode=0 mdns_running=1 mdns_suspended=1 ssdp_suspended=0 mdns_socket=1 mdns_heartbeat_age_ms=22 mdns_select=370 mdns_recv=53 mdns_sent=42
[INFO] [soap] soap_call "AVTransport" "GetPositionInfo" <InstanceID>0</InstanceID>
[INFO] [soap] assert_http_200 service=AVTransport action=GetPositionInfo handler=avtransport_get_position_info
[INFO] [soap] soap_call "AVTransport" "GetTransportInfo" <InstanceID>0</InstanceID>
[INFO] [soap] assert_http_200 service=AVTransport action=GetTransportInfo handler=avtransport_get_transport_info
[INFO] [soap] soap_call "AVTransport" "GetPositionInfo" <InstanceID>0</InstanceID>
[INFO] [soap] assert_http_200 service=AVTransport action=GetPositionInfo handler=avtransport_get_position_info
[INFO] [soap] soap_call "AVTransport" "GetTransportInfo" <InstanceID>0</InstanceID>
[INFO] [soap] assert_http_200 service=AVTransport action=GetTransportInfo handler=avtransport_get_transport_info
[INFO] [runtime-heartbeat] t_ms=63159337 frame=11229 view=video player_state=seeking media=1 return_home_pending=0 protocol_state=media-active owner=dlna generation=7 discovery_suspended=1 service_workers=0,0,0 service_age_ms=191764,191760,191759 media_queue=0 media_high=1 media_command=0 media_kind=0 media_producer=0 media_token=0 media_generation=0 media_command_age_ms=0 media_heartbeat_age_ms=8 media_full=0 media_stale=0 media_timeout=0 media_coalesced=0 media_accepting=1 media_lifecycle=0,1,0,1 log_queue=0 enqueued=1245 processed=1245 log_high=27 log_heartbeat_age_ms=34 log_waiting=1 queue_dropped=0 mirror_dropped=0 mirror_failures=0 mirror=1 worker=1 mdns_phase=suspended mdns_mode=0 mdns_running=1 mdns_suspended=1 ssdp_suspended=0 mdns_socket=1 mdns_heartbeat_age_ms=22 mdns_select=370 mdns_recv=53 mdns_sent=42
[INFO] [soap] soap_call "AVTransport" "GetPositionInfo" <InstanceID>0</InstanceID>
[INFO] [soap] assert_http_200 service=AVTransport action=GetPositionInfo handler=avtransport_get_position_info
[INFO] [soap] soap_call "AVTransport" "GetTransportInfo" <InstanceID>0</InstanceID>
[INFO] [soap] assert_http_200 service=AVTransport action=GetTransportInfo handler=avtransport_get_transport_info
[INFO] [soap] soap_call "AVTransport" "GetTransportInfo" <InstanceID>0</InstanceID>
[INFO] [soap] assert_http_200 service=AVTransport action=GetTransportInfo handler=avtransport_get_transport_info
[INFO] [soap] soap_call "AVTransport" "GetPositionInfo" <InstanceID>0</InstanceID>
[INFO] [soap] assert_http_200 service=AVTransport action=GetPositionInfo handler=avtransport_get_position_info
[INFO] [runtime-heartbeat] t_ms=63161337 frame=11349 view=video player_state=seeking media=1 return_home_pending=0 protocol_state=media-active owner=dlna generation=7 discovery_suspended=1 service_workers=0,0,0 service_age_ms=193764,193760,193759 media_queue=0 media_high=1 media_command=0 media_kind=0 media_producer=0 media_token=0 media_generation=0 media_command_age_ms=0 media_heartbeat_age_ms=6 media_full=0 media_stale=0 media_timeout=0 media_coalesced=0 media_accepting=1 media_lifecycle=0,1,0,1 log_queue=0 enqueued=1254 processed=1254 log_high=27 log_heartbeat_age_ms=38 log_waiting=1 queue_dropped=0 mirror_dropped=0 mirror_failures=0 mirror=1 worker=1 mdns_phase=suspended mdns_mode=0 mdns_running=1 mdns_suspended=1 ssdp_suspended=0 mdns_socket=1 mdns_heartbeat_age_ms=22 mdns_select=370 mdns_recv=53 mdns_sent=42
[INFO] [soap] soap_call "AVTransport" "Stop" <InstanceID>0</InstanceID>
[INFO] [media-trace] seq=6 t_ms=53402 layer=soap action=Stop phase=begin url_hash=ad9738cc detail=- url=<URL_REDACTED>
[INFO] [media-trace] seq=6 t_ms=53402 layer=player action=Stop phase=backend-call-begin url_hash=ad9738cc detail=-
[INFO] [media-trace] seq=6 t_ms=53402 layer=libmpv action=Stop phase=mutex-wait url_hash=ad9738cc detail=- url=<URL_REDACTED>
[INFO] [media-trace] seq=6 t_ms=53402 layer=libmpv action=Stop phase=mutex-acquired url_hash=ad9738cc detail=- url=<URL_REDACTED>
[INFO] [media-trace] seq=6 t_ms=53402 layer=libmpv action=Stop phase=dispatch url_hash=ad9738cc detail=- url=<URL_REDACTED>
[INFO] [media-trace] seq=6 t_ms=53402 layer=player action=Stop phase=backend-call-done url_hash=ad9738cc detail=ok
[INFO] [media-trace] seq=6 t_ms=53402 layer=player action=Stop phase=snapshot-refresh-begin url_hash=ad9738cc detail=-
[INFO] [media-trace] seq=6 t_ms=53402 layer=player action=Stop phase=snapshot-refresh-done url_hash=ad9738cc detail=-
[INFO] [media-trace] seq=6 t_ms=53402 layer=player action=Stop phase=backend-wakeup-begin url_hash=ad9738cc detail=-
[INFO] [media-trace] seq=6 t_ms=53402 layer=player action=Stop phase=backend-wakeup-done url_hash=ad9738cc detail=-
[INFO] [media-trace] seq=6 t_ms=53402 layer=soap action=Stop phase=done url_hash=ad9738cc detail=- url=<URL_REDACTED>
[INFO] [soap] assert_http_200 service=AVTransport action=Stop handler=avtransport_stop
[INFO] [protocol-coordinator] revision=23->24 state=media-active->media-active iptv=running->running dlna=running->running airplay=running->running owner=dlna->dlna token=1 generation=7 pin_visible=0 discovery_suspended=1->0 airplay_running=1 airplay_starting=0 status=Ready for AirPlay video
[WARN] [player-libmpv][ffmpeg/demuxer] mov,mp4,m4a,3gp,3g2,mj2: Packet corrupt (stream = 0, dts = 209600).
[ERROR] [player-libmpv][ffmpeg] NULL: Invalid NAL unit size (10335 > 9704).
[ERROR] [player-libmpv][ffmpeg] NULL: missing picture in access unit with size 9708
[INFO] [player-libmpv] end-file uri=<URL_REDACTED> reason=stop error=success
[INFO] [media-trace] seq=6 t_ms=53551 layer=libmpv action=mpv-end-file phase=event url_hash=ad9738cc detail=stop url=<URL_REDACTED>
[INFO] [runtime-heartbeat] t_ms=63163353 frame=11470 view=video player_state=stopped media=1 return_home_pending=0 protocol_state=media-active owner=dlna generation=7 discovery_suspended=0 service_workers=0,0,0 service_age_ms=195780,195776,195775 media_queue=0 media_high=1 media_command=0 media_kind=0 media_producer=0 media_token=0 media_generation=0 media_command_age_ms=0 media_heartbeat_age_ms=7 media_full=0 media_stale=0 media_timeout=0 media_coalesced=0 media_accepting=1 media_lifecycle=0,1,0,1 log_queue=0 enqueued=1274 processed=1274 log_high=27 log_heartbeat_age_ms=1254 log_waiting=1 queue_dropped=0 mirror_dropped=0 mirror_failures=0 mirror=1 worker=1 mdns_phase=waiting mdns_mode=0 mdns_running=1 mdns_suspended=0 ssdp_suspended=0 mdns_socket=1 mdns_heartbeat_age_ms=148 mdns_select=377 mdns_recv=55 mdns_sent=48
[INFO] [player-view] desired_view=home state=STOPPED has_media=1 uri=<URL_REDACTED>
[INFO] [player-view] active_view=home frame=11475
[INFO] [input] active_view=home state=stopped media=1 snapshot=1
[INFO] [ssdp] send packet to <IP_REDACTED>:11012 st=upnp:rootdevice bytes=283
[INFO] [ssdp] send packet to <IP_REDACTED>:11012 st=upnp:rootdevice bytes=283
[INFO] [ssdp] send packet to <IP_REDACTED>:11012 st=upnp:rootdevice bytes=283
[INFO] [runtime-heartbeat] t_ms=63165353 frame=11591 view=home player_state=stopped media=1 return_home_pending=0 protocol_state=media-active owner=dlna generation=7 discovery_suspended=0 service_workers=0,0,0 service_age_ms=197780,197776,197775 media_queue=0 media_high=1 media_command=0 media_kind=0 media_producer=0 media_token=0 media_generation=0 media_command_age_ms=0 media_heartbeat_age_ms=6 media_full=0 media_stale=0 media_timeout=0 media_coalesced=0 media_accepting=1 media_lifecycle=0,1,0,1 log_queue=0 enqueued=1281 processed=1281 log_high=27 log_heartbeat_age_ms=1615 log_waiting=1 queue_dropped=0 mirror_dropped=0 mirror_failures=0 mirror=1 worker=1 mdns_phase=waiting mdns_mode=0 mdns_running=1 mdns_suspended=0 ssdp_suspended=0 mdns_socket=1 mdns_heartbeat_age_ms=124 mdns_select=388 mdns_recv=56 mdns_sent=50
[INFO] [soap] soap_call "AVTransport" "SetAVTransportURI" <InstanceID>0</InstanceID> <CurrentURI><URL_REDACTED></CurrentURI>
[INFO] [media-trace] seq=7 t_ms=0 action=SetAVTransportURI phase=begin url_hash=daed5624 metadata_bytes=2100 url=<URL_REDACTED>
[INFO] [media-trace] seq=7 t_ms=0 layer=soap action=SetAVTransportURI phase=dispatch instance=0 url_hash=daed5624 url=<URL_REDACTED>
[INFO] [protocol-coordinator] event=claim previous_owner=dlna previous_token=1 previous_generation=7 owner=dlna token=1 generation=8
[INFO] [media-trace] seq=7 t_ms=0 layer=player action=set_media phase=begin url_hash=daed5624 url=<URL_REDACTED>
[INFO] [media-trace] seq=7 t_ms=0 layer=libmpv action=set_media phase=begin url_hash=daed5624 detail=- url=<URL_REDACTED>
[INFO] [media-trace] seq=7 t_ms=0 layer=libmpv action=set_media phase=mutex-wait url_hash=daed5624 detail=- url=<URL_REDACTED>
[INFO] [media-trace] seq=7 t_ms=0 layer=libmpv action=set_media phase=mutex-acquired url_hash=daed5624 detail=- url=<URL_REDACTED>
[INFO] [media-trace] seq=7 t_ms=0 layer=libmpv action=loadfile phase=dispatch url_hash=daed5624 detail=paused=1 profile=direct-mp4-fast url=<URL_REDACTED>
[INFO] [media-trace] seq=7 t_ms=0 layer=libmpv action=loadfile phase=queued url_hash=daed5624 detail=paused=1 profile=direct-mp4-fast url=<URL_REDACTED>
[INFO] [media-trace] seq=7 t_ms=0 layer=libmpv action=set_media phase=done url_hash=daed5624 detail=- url=<URL_REDACTED>
[INFO] [media-trace] seq=7 t_ms=0 layer=player action=set_media phase=done url_hash=daed5624 url=<URL_REDACTED>
[INFO] [media-trace] seq=7 t_ms=0 layer=libmpv action=mpv-start-file phase=event url_hash=daed5624 detail=- url=<URL_REDACTED>
[INFO] [player-libmpv] start-file uri=<URL_REDACTED>
[INFO] [media-trace] seq=7 t_ms=0 layer=soap action=SetAVTransportURI phase=done url_hash=daed5624 url=<URL_REDACTED>
[INFO] [soap] assert_http_200 service=AVTransport action=SetAVTransportURI handler=avtransport_set_uri
[INFO] [protocol-coordinator] revision=24->26 state=media-active->media-active iptv=running->running dlna=running->running airplay=running->running owner=dlna->dlna token=1 generation=8 pin_visible=0 discovery_suspended=0->1 airplay_running=1 airplay_starting=0 status=Ready for AirPlay video
[INFO] [player-view] desired_view=video state=LOADING has_media=1 uri=<URL_REDACTED>
[INFO] [player-view] active_view=video frame=11591
[INFO] [input] active_view=video state=loading media=1 snapshot=1
[INFO] [soap] soap_call "AVTransport" "Play" <InstanceID>0</InstanceID> <Speed>1</Speed>
[INFO] [media-trace] seq=7 t_ms=13 layer=soap action=Play phase=begin url_hash=daed5624 detail=1 url=<URL_REDACTED>
[INFO] [media-trace] seq=7 t_ms=13 layer=player action=Play phase=backend-call-begin url_hash=daed5624 detail=-
[INFO] [media-trace] seq=7 t_ms=13 layer=libmpv action=Play phase=mutex-wait url_hash=daed5624 detail=- url=<URL_REDACTED>
[INFO] [media-trace] seq=7 t_ms=13 layer=libmpv action=Play phase=mutex-acquired url_hash=daed5624 detail=- url=<URL_REDACTED>
[INFO] [media-trace] seq=7 t_ms=13 layer=libmpv action=Play phase=deferred url_hash=daed5624 detail=waiting-file-loaded url=<URL_REDACTED>
[INFO] [media-trace] seq=7 t_ms=14 layer=player action=Play phase=backend-call-done url_hash=daed5624 detail=ok
[INFO] [media-trace] seq=7 t_ms=14 layer=player action=Play phase=snapshot-refresh-begin url_hash=daed5624 detail=-
[INFO] [media-trace] seq=7 t_ms=14 layer=player action=Play phase=snapshot-refresh-done url_hash=daed5624 detail=-
[INFO] [media-trace] seq=7 t_ms=14 layer=player action=Play phase=backend-wakeup-begin url_hash=daed5624 detail=-
[INFO] [media-trace] seq=7 t_ms=14 layer=player action=Play phase=backend-wakeup-done url_hash=daed5624 detail=-
[INFO] [media-trace] seq=7 t_ms=14 layer=soap action=Play phase=done url_hash=daed5624 detail=1 url=<URL_REDACTED>
[INFO] [soap] assert_http_200 service=AVTransport action=Play handler=avtransport_play
[INFO] [soap] soap_call "AVTransport" "GetTransportInfo" <InstanceID>0</InstanceID>
[INFO] [soap] assert_http_200 service=AVTransport action=GetTransportInfo handler=avtransport_get_transport_info
[INFO] [soap] soap_call "AVTransport" "GetPositionInfo" <InstanceID>0</InstanceID>
[INFO] [soap] assert_http_200 service=AVTransport action=GetPositionInfo handler=avtransport_get_position_info
[INFO] [player-libmpv][cplayer]  (+) Video --vid=1 (*) (h264 1280x720 30.000fps)
[INFO] [player-libmpv][cplayer]  (+) Audio --aid=1 (*) (aac 2ch 44100Hz)
[INFO] [player-libmpv][display-tags] File tags:
[INFO] [player-libmpv][display-tags]  Description: Bilibili VXCode Swarm Transcoder v1.3.33
[INFO] [media-trace] seq=7 t_ms=137 layer=libmpv action=mpv-file-loaded phase=event url_hash=daed5624 detail=- url=<URL_REDACTED>
[INFO] [player-libmpv] file-loaded uri=<URL_REDACTED>
[INFO] [media-trace] seq=7 t_ms=137 layer=libmpv action=Play phase=dispatch url_hash=daed5624 detail=file-loaded-autoplay url=<URL_REDACTED>
[INFO] [player-libmpv][vd] Using hardware decoding (nvtegra).
[INFO] [player-libmpv][cplayer] AO: [hos] 44100Hz stereo 2ch s16
[INFO] [player-libmpv][cplayer] VO: [libmpv] 1280x720 nvtegra[nv12]
[INFO] [media-trace] seq=7 t_ms=359 layer=libmpv action=mpv-playback-restart phase=event url_hash=daed5624 detail=- url=<URL_REDACTED>
[INFO] [media-trace] seq=7 t_ms=359 layer=libmpv action=startup-gate phase=seek-window url_hash=daed5624 detail=open url=<URL_REDACTED>
[INFO] [ssdp] send packet to <IP_REDACTED>:6677 st=upnp:rootdevice bytes=283
[INFO] [ssdp] send packet to <IP_REDACTED>:6677 st=upnp:rootdevice bytes=283
[INFO] [ssdp] send packet to <IP_REDACTED>:6677 st=upnp:rootdevice bytes=283
[INFO] [media-trace] seq=7 t_ms=714 layer=libmpv action=startup-gate phase=released url_hash=daed5624 detail=initial-seek-window-expired url=<URL_REDACTED>
[INFO] [media-trace] seq=7 t_ms=758 layer=render action=first-frame phase=presented url_hash=daed5624 frame=11634 presented=11634
[INFO] [soap] soap_call "AVTransport" "GetTransportInfo" <InstanceID>0</InstanceID>
[INFO] [soap] assert_http_200 service=AVTransport action=GetTransportInfo handler=avtransport_get_transport_info
[INFO] [soap] soap_call "AVTransport" "GetPositionInfo" <InstanceID>0</InstanceID>
[INFO] [soap] assert_http_200 service=AVTransport action=GetPositionInfo handler=avtransport_get_position_info
[INFO] [runtime-heartbeat] t_ms=63167361 frame=11704 view=video player_state=playing media=1 return_home_pending=0 protocol_state=media-active owner=dlna generation=8 discovery_suspended=1 service_workers=0,0,0 service_age_ms=199788,199784,199783 media_queue=0 media_high=1 media_command=0 media_kind=0 media_producer=0 media_token=0 media_generation=0 media_command_age_ms=0 media_heartbeat_age_ms=3 media_full=0 media_stale=0 media_timeout=0 media_coalesced=0 media_accepting=1 media_lifecycle=0,1,0,1 log_queue=0 enqueued=1340 processed=1340 log_high=27 log_heartbeat_age_ms=972 log_waiting=1 queue_dropped=0 mirror_dropped=0 mirror_failures=0 mirror=1 worker=1 mdns_phase=suspended mdns_mode=0 mdns_running=1 mdns_suspended=1 ssdp_suspended=0 mdns_socket=1 mdns_heartbeat_age_ms=132 mdns_select=389 mdns_recv=56 mdns_sent=50
[INFO] [soap] soap_call "AVTransport" "GetPositionInfo" <InstanceID>0</InstanceID>
[INFO] [soap] assert_http_200 service=AVTransport action=GetPositionInfo handler=avtransport_get_position_info
[INFO] [soap] soap_call "AVTransport" "GetTransportInfo" <InstanceID>0</InstanceID>
[INFO] [soap] assert_http_200 service=AVTransport action=GetTransportInfo handler=avtransport_get_transport_info
[INFO] [soap] soap_call "AVTransport" "Seek" <InstanceID>0</InstanceID> <Unit>REL_TIME</Unit> <Target>0:00:40</Target>
[INFO] [media-trace] seq=7 t_ms=2091 layer=soap action=Seek phase=begin url_hash=daed5624 detail=00:00:40 url=<URL_REDACTED>
[INFO] [media-trace] seq=7 t_ms=2091 layer=libmpv action=Seek phase=dispatch url_hash=daed5624 detail=40.000 url=<URL_REDACTED>
[INFO] [media-trace] seq=7 t_ms=2092 layer=soap action=Seek phase=done url_hash=daed5624 detail=00:00:40 url=<URL_REDACTED>
[INFO] [soap] assert_http_200 service=AVTransport action=Seek handler=avtransport_seek
[INFO] [airplay] t_ms=63168242 control accepted peer=<IP_REDACTED>:53301 fd=9
[INFO] [airplay] t_ms=63168242 control client-worker entered slot=0 fd=9
[INFO] [airplay] t_ms=63168243 control request session=1 method=GET uri=<URL_REDACTED> body=70
[INFO] [airplay] session=1 request=1 method=GET uri=<URL_REDACTED> bytes=70 state=connected
[INFO] [airplay] t_ms=63168243 control response session=1 request=1 status=200 body=274 headers=4 sent=1 close=0
[INFO] [airplay] t_ms=63168258 control request session=1 method=POST uri=<URL_REDACTED> body=68
[INFO] [airplay-pairing] t_ms=63168271 session=1 uri=<URL_REDACTED> bytes=68 state=idle->verify-challenge result=ok status=200 close=0
[INFO] [airplay] t_ms=63168272 control response session=1 request=2 status=200 body=96 headers=4 sent=1 close=0
[INFO] [airplay] t_ms=63168278 control request session=1 method=POST uri=<URL_REDACTED> body=68
[INFO] [airplay-pairing] t_ms=63168279 session=1 uri=<URL_REDACTED> bytes=68 state=verify-challenge->verified result=ok status=200 close=0
[INFO] [airplay] t_ms=63168279 control response session=1 request=3 status=200 body=0 headers=4 sent=1 close=0
[INFO] [airplay] t_ms=63168286 control request session=1 method=POST uri=<URL_REDACTED> body=16
[INFO] [airplay] session=1 request=4 method=POST uri=<URL_REDACTED> bytes=16 state=connected
[INFO] [airplay] endpoint=fp-setup bytes=16 result=ok
[INFO] [airplay] t_ms=63168286 control response session=1 request=4 status=200 body=142 headers=4 sent=1 close=0
[INFO] [airplay] t_ms=63168293 control request session=1 method=POST uri=<URL_REDACTED> body=164
[INFO] [airplay] session=1 request=5 method=POST uri=<URL_REDACTED> bytes=164 state=connected
[INFO] [airplay] endpoint=fp-setup bytes=164 result=ok
[INFO] [airplay] t_ms=63168293 control response session=1 request=5 status=200 body=32 headers=4 sent=1 close=0
[INFO] [airplay] t_ms=63168300 control request session=1 method=SETUP uri=<URL_REDACTED> body=697
[INFO] [airplay] session=1 request=6 method=SETUP uri=<URL_REDACTED> bytes=697 state=connected
[INFO] [airplay] t_ms=63168300 setup metadata session=1 keys=19 initial=1 timing=NTP timing_port=62426 remote_control=0 streams=0 mirror=0 audio=0
[INFO] [airplay-timing] session=1 protocol=NTP local=15779 remote=62426
[INFO] [airplay] session=1 method=SETUP initial=1 mirror=0 record=0 result=ok
[INFO] [airplay] t_ms=63168301 control response session=1 request=6 status=200 body=76 headers=4 sent=1 close=0
[INFO] [airplay] t_ms=63168392 control request session=1 method=GET uri=<URL_REDACTED> body=0
[INFO] [airplay] session=1 request=7 method=GET uri=<URL_REDACTED> bytes=0 state=setup
[INFO] [airplay] t_ms=63168393 control response session=1 request=7 status=200 body=1105 headers=4 sent=1 close=0
[INFO] [airplay-timing] first NTP response received
[INFO] [soap] soap_call "AVTransport" "GetTransportInfo" <InstanceID>0</InstanceID>
[INFO] [soap] assert_http_200 service=AVTransport action=GetTransportInfo handler=avtransport_get_transport_info
[INFO] [soap] soap_call "AVTransport" "GetPositionInfo" <InstanceID>0</InstanceID>
[INFO] [soap] assert_http_200 service=AVTransport action=GetPositionInfo handler=avtransport_get_position_info
[INFO] [airplay] t_ms=63168399 control request session=1 method=RECORD uri=<URL_REDACTED> body=0
[INFO] [airplay] session=1 request=8 method=RECORD uri=<URL_REDACTED> bytes=0 state=setup
[INFO] [airplay] session=1 method=RECORD mirror=0 deferred=1
[INFO] [airplay] t_ms=63168399 control response session=1 request=8 status=200 body=0 headers=4 sent=1 close=0
[INFO] [runtime-heartbeat] t_ms=63169370 frame=11825 view=video player_state=seeking media=1 return_home_pending=0 protocol_state=media-active owner=dlna generation=8 discovery_suspended=1 service_workers=0,0,0 service_age_ms=201797,201793,201792 media_queue=0 media_high=1 media_command=0 media_kind=0 media_producer=0 media_token=0 media_generation=0 media_command_age_ms=0 media_heartbeat_age_ms=9 media_full=0 media_stale=0 media_timeout=0 media_coalesced=0 media_accepting=1 media_lifecycle=0,1,0,1 log_queue=0 enqueued=1387 processed=1387 log_high=27 log_heartbeat_age_ms=970 log_waiting=1 queue_dropped=0 mirror_dropped=0 mirror_failures=0 mirror=1 worker=1 mdns_phase=suspended mdns_mode=0 mdns_running=1 mdns_suspended=1 ssdp_suspended=0 mdns_socket=1 mdns_heartbeat_age_ms=141 mdns_select=389 mdns_recv=56 mdns_sent=50
[INFO] [soap] soap_call "AVTransport" "GetPositionInfo" <InstanceID>0</InstanceID>
[INFO] [soap] assert_http_200 service=AVTransport action=GetPositionInfo handler=avtransport_get_position_info
[INFO] [soap] soap_call "AVTransport" "GetTransportInfo" <InstanceID>0</InstanceID>
[INFO] [soap] assert_http_200 service=AVTransport action=GetTransportInfo handler=avtransport_get_transport_info
[INFO] [soap] soap_call "AVTransport" "GetPositionInfo" <InstanceID>0</InstanceID>
[INFO] [soap] assert_http_200 service=AVTransport action=GetPositionInfo handler=avtransport_get_position_info
[INFO] [soap] soap_call "AVTransport" "GetTransportInfo" <InstanceID>0</InstanceID>
[INFO] [soap] assert_http_200 service=AVTransport action=GetTransportInfo handler=avtransport_get_transport_info
[INFO] [airplay] t_ms=63170517 control request session=1 method=POST uri=<URL_REDACTED> body=0
[INFO] [airplay] session=1 request=9 method=POST uri=<URL_REDACTED> bytes=0 state=recording
[INFO] [airplay] t_ms=63170517 control response session=1 request=9 status=200 body=0 headers=3 sent=1 close=0
[INFO] [runtime-heartbeat] t_ms=63171370 frame=11945 view=video player_state=seeking media=1 return_home_pending=0 protocol_state=media-active owner=dlna generation=8 discovery_suspended=1 service_workers=0,0,0 service_age_ms=203797,203793,203792 media_queue=0 media_high=1 media_command=0 media_kind=0 media_producer=0 media_token=0 media_generation=0 media_command_age_ms=0 media_heartbeat_age_ms=7 media_full=0 media_stale=0 media_timeout=0 media_coalesced=0 media_accepting=1 media_lifecycle=0,1,0,1 log_queue=0 enqueued=1399 processed=1399 log_high=27 log_heartbeat_age_ms=853 log_waiting=1 queue_dropped=0 mirror_dropped=0 mirror_failures=0 mirror=1 worker=1 mdns_phase=suspended mdns_mode=0 mdns_running=1 mdns_suspended=1 ssdp_suspended=0 mdns_socket=1 mdns_heartbeat_age_ms=141 mdns_select=389 mdns_recv=56 mdns_sent=50
[INFO] [soap] soap_call "AVTransport" "GetTransportInfo" <InstanceID>0</InstanceID>
[INFO] [soap] assert_http_200 service=AVTransport action=GetTransportInfo handler=avtransport_get_transport_info
[INFO] [soap] soap_call "AVTransport" "GetPositionInfo" <InstanceID>0</InstanceID>
[INFO] [soap] assert_http_200 service=AVTransport action=GetPositionInfo handler=avtransport_get_position_info
[INFO] [soap] soap_call "AVTransport" "GetTransportInfo" <InstanceID>0</InstanceID>
[INFO] [soap] assert_http_200 service=AVTransport action=GetTransportInfo handler=avtransport_get_transport_info
[INFO] [soap] soap_call "AVTransport" "GetPositionInfo" <InstanceID>0</InstanceID>
[INFO] [soap] assert_http_200 service=AVTransport action=GetPositionInfo handler=avtransport_get_position_info
[INFO] [airplay] t_ms=63172586 control request session=1 method=POST uri=<URL_REDACTED> body=0
[INFO] [airplay] session=1 request=10 method=POST uri=<URL_REDACTED> bytes=0 state=recording
[INFO] [airplay] t_ms=63172587 control response session=1 request=10 status=200 body=0 headers=3 sent=1 close=0
[INFO] [input] touch begin view=video x=1046 y=694 state=seeking media=1
[INFO] [input] touch end start_view=video view=video duration_ms=50 dx=-1 dy=-1 state=seeking media=1
[INFO] [input] touch tap accepted x=1045 y=693 duration_ms=50
[INFO] [return-home] phase=request t_ms=63173103 playback_active=1 state=seeking media=1
[INFO] [return-home] phase=player-stop begin state=seeking
[INFO] [media-trace] seq=7 t_ms=7742 layer=player action=Stop phase=backend-call-begin url_hash=daed5624 detail=-
[INFO] [media-trace] seq=7 t_ms=7742 layer=libmpv action=Stop phase=mutex-wait url_hash=daed5624 detail=- url=<URL_REDACTED>
[INFO] [media-trace] seq=7 t_ms=7742 layer=libmpv action=Stop phase=mutex-acquired url_hash=daed5624 detail=- url=<URL_REDACTED>
[INFO] [media-trace] seq=7 t_ms=7742 layer=libmpv action=Stop phase=dispatch url_hash=daed5624 detail=- url=<URL_REDACTED>
[INFO] [media-trace] seq=7 t_ms=7742 layer=player action=Stop phase=backend-call-done url_hash=daed5624 detail=ok
[INFO] [media-trace] seq=7 t_ms=7742 layer=player action=Stop phase=snapshot-refresh-begin url_hash=daed5624 detail=-
[INFO] [media-trace] seq=7 t_ms=7742 layer=player action=Stop phase=snapshot-refresh-done url_hash=daed5624 detail=-
[INFO] [media-trace] seq=7 t_ms=7742 layer=player action=Stop phase=backend-wakeup-begin url_hash=daed5624 detail=-
[INFO] [media-trace] seq=7 t_ms=7742 layer=player action=Stop phase=backend-wakeup-done url_hash=daed5624 detail=-
[INFO] [return-home] phase=player-stop done state=seeking
[INFO] [return-home] phase=wait-player-stopped ready_ms=63173353
[INFO] [input] action=touch-home ok=1 stop=1 x=1045 y=693
[INFO] [render] frame begin reason=input view=video state=seeking media=1
[INFO] [render] frame done rendered=1 view=video state=seeking media=1
[INFO] [protocol-coordinator] revision=26->27 state=media-active->media-active iptv=running->running dlna=running->running airplay=running->running owner=dlna->dlna token=1 generation=8 pin_visible=0 discovery_suspended=1->0 airplay_running=1 airplay_starting=0 status=Ready for AirPlay video
[WARN] [player-libmpv][ffmpeg/demuxer] mov,mp4,m4a,3gp,3g2,mj2: Packet corrupt (stream = 0, dts = 187733).
[ERROR] [player-libmpv][ffmpeg] NULL: Invalid NAL unit size (22021 > 19333).
[ERROR] [player-libmpv][ffmpeg] NULL: missing picture in access unit with size 19337
[INFO] [player-libmpv] end-file uri=<URL_REDACTED> reason=stop error=success
[INFO] [media-trace] seq=7 t_ms=7907 layer=libmpv action=mpv-end-file phase=event url_hash=daed5624 detail=stop url=<URL_REDACTED>
[INFO] [return-home] phase=show-home begin reason=player-stopped state=stopped media=1
[INFO] [player-view] manual navigation target=home state=STOPPED
[INFO] [return-home] phase=show-home done ok=1 reason=player-stopped pending=0
[INFO] [input] action=return-home-complete ok=1 state=stopped
[INFO] [player-view] active_view=home frame=12063
[INFO] [input] active_view=home state=stopped media=1 snapshot=1
[INFO] [runtime-heartbeat] t_ms=63173386 frame=12067 view=home player_state=stopped media=1 return_home_pending=0 protocol_state=media-active owner=dlna generation=8 discovery_suspended=0 service_workers=0,0,0 service_age_ms=205813,205809,205808 media_queue=0 media_high=1 media_command=0 media_kind=0 media_producer=0 media_token=0 media_generation=0 media_command_age_ms=0 media_heartbeat_age_ms=1 media_full=0 media_stale=0 media_timeout=0 media_coalesced=0 media_accepting=1 media_lifecycle=0,1,0,1 log_queue=0 enqueued=1442 processed=1442 log_high=27 log_heartbeat_age_ms=32 log_waiting=1 queue_dropped=0 mirror_dropped=0 mirror_failures=0 mirror=1 worker=1 mdns_phase=waiting mdns_mode=0 mdns_running=1 mdns_suspended=0 ssdp_suspended=0 mdns_socket=1 mdns_heartbeat_age_ms=154 mdns_select=399 mdns_recv=66 mdns_sent=56
[INFO] [soap] soap_call "AVTransport" "GetPositionInfo" <InstanceID>0</InstanceID>
[INFO] [soap] assert_http_200 service=AVTransport action=GetPositionInfo handler=avtransport_get_position_info
[INFO] [soap] soap_call "AVTransport" "GetTransportInfo" <InstanceID>0</InstanceID>
[INFO] [soap] assert_http_200 service=AVTransport action=GetTransportInfo handler=avtransport_get_transport_info
[INFO] [soap] soap_call "AVTransport" "GetTransportInfo" <InstanceID>0</InstanceID>
[INFO] [soap] assert_http_200 service=AVTransport action=GetTransportInfo handler=avtransport_get_transport_info
[INFO] [soap] soap_call "AVTransport" "GetPositionInfo" <InstanceID>0</InstanceID>
[INFO] [soap] assert_http_200 service=AVTransport action=GetPositionInfo handler=avtransport_get_position_info
[INFO] [airplay] t_ms=63174555 control request session=1 method=POST uri=<URL_REDACTED> body=0
[INFO] [airplay] session=1 request=11 method=POST uri=<URL_REDACTED> bytes=0 state=recording
[INFO] [airplay] t_ms=63174555 control response session=1 request=11 status=200 body=0 headers=3 sent=1 close=0
[INFO] [airplay] t_ms=63175312 control request session=1 method=TEARDOWN uri=<URL_REDACTED> body=42
[INFO] [airplay] session=1 request=12 method=TEARDOWN uri=<URL_REDACTED> bytes=42 state=recording
[INFO] [runtime-heartbeat] t_ms=63175386 frame=12187 view=home player_state=stopped media=1 return_home_pending=0 protocol_state=media-active owner=dlna generation=8 discovery_suspended=0 service_workers=0,0,0 service_age_ms=207813,207809,207808 media_queue=0 media_high=1 media_command=0 media_kind=0 media_producer=0 media_token=0 media_generation=0 media_command_age_ms=0 media_heartbeat_age_ms=9 media_full=0 media_stale=0 media_timeout=0 media_coalesced=0 media_accepting=1 media_lifecycle=0,1,0,1 log_queue=0 enqueued=1456 processed=1456 log_high=27 log_heartbeat_age_ms=74 log_waiting=1 queue_dropped=0 mirror_dropped=0 mirror_failures=0 mirror=1 worker=1 mdns_phase=waiting mdns_mode=0 mdns_running=1 mdns_suspended=0 ssdp_suspended=0 mdns_socket=1 mdns_heartbeat_age_ms=154 mdns_select=409 mdns_recv=66 mdns_sent=56
[INFO] [airplay] t_ms=63175406 control response session=1 request=12 status=200 body=0 headers=3 sent=1 close=1
[INFO] [airplay] t_ms=63175406 control closed session=1 requests=12 reason=response-close errno=0
[INFO] [soap] soap_call "AVTransport" "GetTransportInfo" <InstanceID>0</InstanceID>
[INFO] [soap] assert_http_200 service=AVTransport action=GetTransportInfo handler=avtransport_get_transport_info
[INFO] [soap] soap_call "AVTransport" "GetPositionInfo" <InstanceID>0</InstanceID>
[INFO] [soap] assert_http_200 service=AVTransport action=GetPositionInfo handler=avtransport_get_position_info
[INFO] [airplay] t_ms=63175982 control accepted peer=<IP_REDACTED>:53335 fd=8
[INFO] [airplay] t_ms=63175982 control client-worker entered slot=0 fd=8
[INFO] [airplay] t_ms=63175982 control request session=2 method=GET uri=<URL_REDACTED> body=70
[INFO] [airplay] session=2 request=1 method=GET uri=<URL_REDACTED> bytes=70 state=connected
[INFO] [airplay] t_ms=63175983 control response session=2 request=1 status=200 body=274 headers=4 sent=1 close=0
[INFO] [airplay] t_ms=63175994 control request session=2 method=POST uri=<URL_REDACTED> body=68
[INFO] [airplay-pairing] t_ms=63176007 session=2 uri=<URL_REDACTED> bytes=68 state=idle->verify-challenge result=ok status=200 close=0
[INFO] [airplay] t_ms=63176007 control response session=2 request=2 status=200 body=96 headers=4 sent=1 close=0
[INFO] [airplay] t_ms=63176015 control request session=2 method=POST uri=<URL_REDACTED> body=68
[INFO] [airplay-pairing] t_ms=63176016 session=2 uri=<URL_REDACTED> bytes=68 state=verify-challenge->verified result=ok status=200 close=0
[INFO] [airplay] t_ms=63176016 control response session=2 request=3 status=200 body=0 headers=4 sent=1 close=0
[INFO] [airplay] t_ms=63176027 control request session=2 method=POST uri=<URL_REDACTED> body=16
[INFO] [airplay] session=2 request=4 method=POST uri=<URL_REDACTED> bytes=16 state=connected
[INFO] [airplay] endpoint=fp-setup bytes=16 result=ok
[INFO] [airplay] t_ms=63176027 control response session=2 request=4 status=200 body=142 headers=4 sent=1 close=0
[INFO] [airplay] t_ms=63176034 control request session=2 method=POST uri=<URL_REDACTED> body=164
[INFO] [airplay] session=2 request=5 method=POST uri=<URL_REDACTED> bytes=164 state=connected
[INFO] [airplay] endpoint=fp-setup bytes=164 result=ok
[INFO] [airplay] t_ms=63176034 control response session=2 request=5 status=200 body=32 headers=4 sent=1 close=0
[INFO] [airplay] t_ms=63176040 control request session=2 method=SETUP uri=<URL_REDACTED> body=697
[INFO] [airplay] session=2 request=6 method=SETUP uri=<URL_REDACTED> bytes=697 state=connected
[INFO] [airplay] t_ms=63176040 setup metadata session=2 keys=19 initial=1 timing=NTP timing_port=49793 remote_control=0 streams=0 mirror=0 audio=0
[INFO] [airplay-timing] session=2 protocol=NTP local=18525 remote=49793
[INFO] [airplay] session=2 method=SETUP initial=1 mirror=0 record=0 result=ok
[INFO] [airplay] t_ms=63176041 control response session=2 request=6 status=200 body=76 headers=4 sent=1 close=0
[INFO] [airplay-timing] first NTP response received
[INFO] [airplay] t_ms=63176048 control request session=2 method=GET uri=<URL_REDACTED> body=0
[INFO] [airplay] session=2 request=7 method=GET uri=<URL_REDACTED> bytes=0 state=setup
[INFO] [airplay] t_ms=63176049 control response session=2 request=7 status=200 body=1105 headers=4 sent=1 close=0
[INFO] [airplay] t_ms=63176054 control request session=2 method=RECORD uri=<URL_REDACTED> body=0
[INFO] [airplay] session=2 request=8 method=RECORD uri=<URL_REDACTED> bytes=0 state=setup
[INFO] [airplay] session=2 method=RECORD mirror=0 deferred=1
[INFO] [airplay] t_ms=63176054 control response session=2 request=8 status=200 body=0 headers=4 sent=1 close=0
[INFO] [airplay] t_ms=63176375 control request session=2 method=SETUP uri=<URL_REDACTED> body=243
[INFO] [airplay] session=2 request=9 method=SETUP uri=<URL_REDACTED> bytes=243 state=recording
[INFO] [airplay] t_ms=63176375 setup metadata session=2 keys=1 initial=0 timing=missing timing_port=0 remote_control=0 streams=1 mirror=0 audio=1
[INFO] [airplay] session=2 method=SETUP initial=1 mirror=0 record=1 result=failed
[INFO] [soap] soap_call "AVTransport" "GetTransportInfo" <InstanceID>0</InstanceID>
[INFO] [soap] assert_http_200 service=AVTransport action=GetTransportInfo handler=avtransport_get_transport_info
[INFO] [soap] soap_call "AVTransport" "GetPositionInfo" <InstanceID>0</InstanceID>
[INFO] [soap] assert_http_200 service=AVTransport action=GetPositionInfo handler=avtransport_get_position_info
[INFO] [airplay] t_ms=63176446 control response session=2 request=9 status=461 body=0 headers=3 sent=1 close=0
[INFO] [airplay] t_ms=63176464 control request session=2 method=TEARDOWN uri=<URL_REDACTED> body=42
[INFO] [airplay] session=2 request=10 method=TEARDOWN uri=<URL_REDACTED> bytes=42 state=recording
[INFO] [airplay] t_ms=63176464 control response session=2 request=10 status=200 body=0 headers=3 sent=1 close=1
[INFO] [airplay] t_ms=63176464 control closed session=2 requests=10 reason=response-close errno=0
[INFO] [runtime-heartbeat] t_ms=63177386 frame=12307 view=home player_state=stopped media=1 return_home_pending=0 protocol_state=media-active owner=dlna generation=8 discovery_suspended=0 service_workers=0,0,0 service_age_ms=209813,209809,209808 media_queue=0 media_high=1 media_command=0 media_kind=0 media_producer=0 media_token=0 media_generation=0 media_command_age_ms=0 media_heartbeat_age_ms=9 media_full=0 media_stale=0 media_timeout=0 media_coalesced=0 media_accepting=1 media_lifecycle=0,1,0,1 log_queue=0 enqueued=1509 processed=1509 log_high=27 log_heartbeat_age_ms=921 log_waiting=1 queue_dropped=0 mirror_dropped=0 mirror_failures=0 mirror=1 worker=1 mdns_phase=waiting mdns_mode=0 mdns_running=1 mdns_suspended=0 ssdp_suspended=0 mdns_socket=1 mdns_heartbeat_age_ms=152 mdns_select=422 mdns_recv=71 mdns_sent=58
[INFO] [soap] soap_call "AVTransport" "GetTransportInfo" <InstanceID>0</InstanceID>
[INFO] [soap] assert_http_200 service=AVTransport action=GetTransportInfo handler=avtransport_get_transport_info
[INFO] [soap] soap_call "AVTransport" "GetPositionInfo" <InstanceID>0</InstanceID>
[INFO] [soap] assert_http_200 service=AVTransport action=GetPositionInfo handler=avtransport_get_position_info
[INFO] [soap] soap_call "AVTransport" "GetTransportInfo" <InstanceID>0</InstanceID>
[INFO] [soap] assert_http_200 service=AVTransport action=GetTransportInfo handler=avtransport_get_transport_info
[INFO] [soap] soap_call "AVTransport" "GetPositionInfo" <InstanceID>0</InstanceID>
[INFO] [soap] assert_http_200 service=AVTransport action=GetPositionInfo handler=avtransport_get_position_info
[INFO] [soap] soap_call "AVTransport" "Stop" <InstanceID>0</InstanceID>
[INFO] [media-trace] seq=7 t_ms=13933 layer=soap action=Stop phase=begin url_hash=daed5624 detail=- url=<URL_REDACTED>
[INFO] [media-trace] seq=7 t_ms=13933 layer=player action=Stop phase=backend-call-begin url_hash=daed5624 detail=-
[INFO] [media-trace] seq=7 t_ms=13933 layer=libmpv action=Stop phase=mutex-wait url_hash=daed5624 detail=- url=<URL_REDACTED>
[INFO] [media-trace] seq=7 t_ms=13933 layer=libmpv action=Stop phase=mutex-acquired url_hash=daed5624 detail=- url=<URL_REDACTED>
[INFO] [media-trace] seq=7 t_ms=13933 layer=libmpv action=Stop phase=dispatch url_hash=daed5624 detail=- url=<URL_REDACTED>
[INFO] [media-trace] seq=7 t_ms=13933 layer=player action=Stop phase=backend-call-done url_hash=daed5624 detail=ok
[INFO] [media-trace] seq=7 t_ms=13933 layer=player action=Stop phase=snapshot-refresh-begin url_hash=daed5624 detail=-
[INFO] [media-trace] seq=7 t_ms=13933 layer=player action=Stop phase=snapshot-refresh-done url_hash=daed5624 detail=-
[INFO] [media-trace] seq=7 t_ms=13933 layer=player action=Stop phase=backend-wakeup-begin url_hash=daed5624 detail=-
[INFO] [media-trace] seq=7 t_ms=13933 layer=player action=Stop phase=backend-wakeup-done url_hash=daed5624 detail=-
[INFO] [media-trace] seq=7 t_ms=13933 layer=soap action=Stop phase=done url_hash=daed5624 detail=- url=<URL_REDACTED>
[INFO] [soap] assert_http_200 service=AVTransport action=Stop handler=avtransport_stop
[INFO] [runtime-heartbeat] t_ms=63179386 frame=12427 view=home player_state=stopped media=1 return_home_pending=0 protocol_state=media-active owner=dlna generation=8 discovery_suspended=0 service_workers=0,0,0 service_age_ms=211813,211809,211808 media_queue=0 media_high=1 media_command=0 media_kind=0 media_producer=0 media_token=0 media_generation=0 media_command_age_ms=0 media_heartbeat_age_ms=1 media_full=0 media_stale=0 media_timeout=0 media_coalesced=0 media_accepting=1 media_lifecycle=0,1,0,1 log_queue=0 enqueued=1531 processed=1531 log_high=27 log_heartbeat_age_ms=90 log_waiting=1 queue_dropped=0 mirror_dropped=0 mirror_failures=0 mirror=1 worker=1 mdns_phase=waiting mdns_mode=0 mdns_running=1 mdns_suspended=0 ssdp_suspended=0 mdns_socket=1 mdns_heartbeat_age_ms=26 mdns_select=433 mdns_recv=72 mdns_sent=58
[INFO] [runtime-heartbeat] t_ms=63181386 frame=12547 view=home player_state=stopped media=1 return_home_pending=0 protocol_state=media-active owner=dlna generation=8 discovery_suspended=0 service_workers=0,0,0 service_age_ms=213813,213809,213808 media_queue=0 media_high=1 media_command=0 media_kind=0 media_producer=0 media_token=0 media_generation=0 media_command_age_ms=0 media_heartbeat_age_ms=10 media_full=0 media_stale=0 media_timeout=0 media_coalesced=0 media_accepting=1 media_lifecycle=0,1,0,1 log_queue=0 enqueued=1532 processed=1532 log_high=27 log_heartbeat_age_ms=2000 log_waiting=1 queue_dropped=0 mirror_dropped=0 mirror_failures=0 mirror=1 worker=1 mdns_phase=waiting mdns_mode=0 mdns_running=1 mdns_suspended=0 ssdp_suspended=0 mdns_socket=1 mdns_heartbeat_age_ms=178 mdns_select=443 mdns_recv=73 mdns_sent=58
exiting ...
socket error 0x0 on poll
