pinging switch
Sending NX-Cast.nro, 25600698 bytes
12484378 sent (48.77%), 1117 blocks
starting server
server active ...
[INFO] [log] nxlink logger connected host=<IP_REDACTED> port=28771 fd=3 mirror_fd=2 stdout=local
[INFO] [diagnostic] profile_id=13 profile=full-owner-exclusive-bsd12 protocol_start=parallel
[INFO] [player-view] init render_owner=main-thread active_view=home
[INFO] [player] auto resolve libmpv_available=1 mock_available=1
[INFO] [player-actor] lifecycle=initialize phase=begin backend=libmpv
[INFO] [player] init accepted backend=libmpv lifecycle=async-suspended actor_capacity=64 reserved=4
[INFO] [ui] NX-Cast starting. Press + to exit.
[INFO] [ui] Home view shows cast instructions and last error only.
[INFO] [ui] Video view auto-activates while playback is active.
[INFO] [runtime-heartbeat] t_ms=91808444 frame=1 view=home player_state=idle media=0 return_home_pending=0 protocol_state=stopped owner=none generation=0 resource_desired=home resource_applied=home resource_transition=0 resource_failed=0 resource_age_ms=0 iptv_background=0,0 discovery_suspended=0 service_workers=0,0,0 service_age_ms=0,0,0 media_queue=0 media_high=0 media_command=0 media_kind=0 media_producer=0 media_token=0 media_generation=0 media_command_age_ms=0 media_heartbeat_age_ms=22 media_full=0 media_stale=0 media_timeout=0 media_coalesced=0 media_accepting=1 media_lifecycle=1,0,0,0 log_queue=7 enqueued=14 processed=6 log_high=7 log_heartbeat_age_ms=0 log_waiting=0 queue_dropped=0 mirror_dropped=0 mirror_failures=0 mirror=1 worker=1 mdns_phase=stopped mdns_mode=0 mdns_running=0 mdns_suspended=0 ssdp_suspended=0 mdns_socket=0 mdns_heartbeat_age_ms=0 mdns_select=0 mdns_recv=0 mdns_sent=0
[INFO] [network-heartbeat] threshold_ms=1500 mdns=fd:0,active:0,oldest:none/0,total:0,max:0,error:0/none,hb:0,overflow:0,underflow:0 ssdp=fd:0,active:0,oldest:none/0,total:0,max:0,error:0/none,hb:0,overflow:0,underflow:0 dlna-http=fd:0,active:0,oldest:none/0,total:0,max:0,error:0/none,hb:0,overflow:0,underflow:0 airplay-control=fd:0,active:0,oldest:none/0,total:0,max:0,error:0/none,hb:0,overflow:0,underflow:0 iptv-background=fd:0,active:0,oldest:none/0,total:0,max:0,error:0/none,hb:0,overflow:0,underflow:0
[INFO] [input] active_view=home state=idle media=0 snapshot=1
[INFO] [player-libmpv] log subscription level=info
[INFO] [player-libmpv] init volume_backend=aud:a-process
[INFO] [player-libmpv] init
[INFO] [player-actor] lifecycle=initialize phase=ready backend=libmpv
[INFO] [player-view] dk3d render context attached early
[INFO] [player-view] prepare_video ok=1 render_api_connected=0 render_path=0
[INFO] [ui] video render prepare=1 player_activate=1 before_media_url=1
[INFO] [protocol-coordinator] start accepted=1 state=starting iptv=starting dlna=starting airplay=starting network=1 root=sdmc:/switch/NX-Cast/iptv
[INFO] [airplay] t_ms=91808492 integration stage=ed25519 begin
[INFO] [airplay] t_ms=91808493 integration stage=ed25519 done
[INFO] [airplay] t_ms=91808493 integration stage=mirror-runtime begin
[INFO] [airplay] t_ms=91808493 integration stage=mirror-runtime done
[INFO] [airplay] t_ms=91808493 integration stage=remote-video begin
[INFO] [airplay] t_ms=91808493 integration stage=remote-video done
[INFO] [airplay] t_ms=91808493 integration stage=receiver begin
[INFO] [airplay] t_ms=91808493 receiver stage=pairing-identity begin
[INFO] [dlna] loaded persistent device identity.
[INFO] [scpd] description templates ready.
[INFO] [player-view] render_api_connected=1 backend=dk3d
[INFO] [player-view] home renderer active frame=1
[INFO] [soap] SOAP control module started.
[INFO] [event] DLNA event server started.
[INFO] [iptv] preinstalled source file loaded sources=1 changed=0 refresh=0
[INFO] [http-server] listening on :49152
[INFO] [airplay] t_ms=91808560 receiver stage=pairing-identity done
[INFO] [airplay] t_ms=91808560 receiver stage=dns-sd-txt begin
[INFO] [airplay] t_ms=91808560 receiver stage=dns-sd-txt done
[INFO] [airplay] t_ms=91808560 receiver stage=handlers begin
[INFO] [airplay] t_ms=91808560 handlers stage=validate begin
[INFO] [airplay] t_ms=91808560 handlers stage=validate done
[INFO] [airplay] t_ms=91808560 handlers stage=allocate begin bytes=792
[INFO] [airplay] t_ms=91808560 handlers stage=allocate done
[INFO] [airplay] t_ms=91808561 handlers stage=copy begin txt_bytes=214
[INFO] [airplay] t_ms=91808561 handlers stage=copy done
[INFO] [airplay] t_ms=91808561 receiver stage=handlers done
[INFO] [airplay] t_ms=91808561 receiver stage=control-server begin
[INFO] [player-imgui] initialized deko3d overlay
[INFO] [player-libmpv][osd/libass] can't find selected font provider
[INFO] [airplay-server] listening on :7000
[INFO] [airplay] t_ms=91808799 receiver stage=control-server done port=7000
[INFO] [airplay] t_ms=91808799 receiver stage=lifecycle begin
[INFO] [airplay] t_ms=91808799 receiver stage=lifecycle done
[INFO] [airplay] t_ms=91808799 receiver stage=mdns begin
[INFO] [airplay] t_ms=91808800 mdns stage=local-address begin
[INFO] [airplay] t_ms=91808801 mdns stage=local-address done
[INFO] [airplay-mdns] local-address=<IP_REDACTED>
[INFO] [airplay] t_ms=91808801 mdns stage=service-record begin
[INFO] [airplay] t_ms=91808801 mdns stage=service-record done
[INFO] [airplay] t_ms=91808801 mdns stage=socket begin
[INFO] [airplay] t_ms=91808801 mdns socket stage=create begin
[INFO] [airplay] t_ms=91808802 mdns socket stage=create done fd=4
[INFO] [airplay] t_ms=91808802 mdns socket stage=bind begin port=5353
[INFO] [ssdp] Responder ready on <URL_REDACTED>
[INFO] [dlna] Control layer initialized (HTTP/SCPD on :49152).
[INFO] [airplay] t_ms=91808803 mdns socket stage=bind done
[INFO] [airplay] t_ms=91808803 mdns socket stage=multicast-join begin
[INFO] [protocol-coordinator] revision=2->4 state=starting->starting iptv=starting->running dlna=starting->running airplay=starting->starting owner=none->none token=0 generation=0 pin_visible=0 resource=home->home desired=home transition=0 failed=0 discovery_suspended=0->0 airplay_running=0 airplay_starting=0 status=none
[INFO] [airplay] t_ms=91808805 mdns socket stage=multicast-join done
[INFO] [airplay] t_ms=91808805 mdns stage=socket done
[INFO] [airplay] t_ms=91808805 mdns stage=thread begin
[INFO] [airplay] t_ms=91808805 mdns thread-create begin stack=65536
[INFO] [airplay] t_ms=91808805 mdns thread-create done rc=0x00000000
[INFO] [airplay] t_ms=91808805 mdns thread-start begin
[INFO] [airplay] t_ms=91808805 mdns worker entered
[INFO] [airplay] t_ms=91808805 mdns worker mode=0 priority=0x2b
[INFO] [airplay] t_ms=91808805 mdns worker announce begin
[INFO] [airplay] t_ms=91808805 mdns thread-start done rc=0x00000000
[INFO] [airplay] t_ms=91808805 mdns stage=thread done
[INFO] [airplay-mdns] started airplay=NX-Cast raop=<IDENTIFIER_REDACTED>@NX-Cast port=7000 features=0x5A7FFEE6,0x0
[INFO] [airplay-mdns] started airplay=NX-Cast raop=<IDENTIFIER_REDACTED>@NX-Cast port=7000 features=0x5A7FFEE6,0x0
[INFO] [airplay] t_ms=91808805 receiver stage=mdns done
[INFO] [airplay] t_ms=91808805 integration stage=receiver done
[INFO] [airplay] integration started port=7000 discovery=1
[INFO] [airplay] t_ms=91808806 mdns worker announce done
[INFO] [protocol-coordinator] revision=4->6 state=starting->ready iptv=running->running dlna=running->running airplay=starting->running owner=none->none token=0 generation=0 pin_visible=0 resource=home->home desired=home transition=0 failed=0 discovery_suspended=0->0 airplay_running=1 airplay_starting=0 status=Ready for AirPlay video
[INFO] [runtime-heartbeat] t_ms=91810453 frame=118 view=home player_state=idle media=0 return_home_pending=0 protocol_state=ready owner=none generation=0 resource_desired=home resource_applied=home resource_transition=0 resource_failed=0 resource_age_ms=0 iptv_background=0,0 discovery_suspended=0 service_workers=0,0,0 service_age_ms=1654,1650,1648 media_queue=0 media_high=0 media_command=0 media_kind=0 media_producer=0 media_token=0 media_generation=0 media_command_age_ms=0 media_heartbeat_age_ms=5 media_full=0 media_stale=0 media_timeout=0 media_coalesced=0 media_accepting=1 media_lifecycle=0,1,0,1 log_queue=0 enqueued=92 processed=92 log_high=14 log_heartbeat_age_ms=1632 log_waiting=1 queue_dropped=0 mirror_dropped=0 mirror_failures=0 mirror=1 worker=1 mdns_phase=waiting mdns_mode=0 mdns_running=1 mdns_suspended=0 ssdp_suspended=0 mdns_socket=1 mdns_heartbeat_age_ms=125 mdns_select=8 mdns_recv=1 mdns_sent=2
[INFO] [network-heartbeat] threshold_ms=1500 mdns=fd:1,active:1,oldest:select/125,total:15,max:200,error:0/none,hb:125,overflow:0,underflow:0 ssdp=fd:1,active:1,oldest:select/49,total:44,max:101,error:0/none,hb:49,overflow:0,underflow:0 dlna-http=fd:1,active:1,oldest:select/52,total:19,max:256,error:0/none,hb:52,overflow:0,underflow:0 airplay-control=fd:1,active:1,oldest:select/52,total:18,max:238,error:0/none,hb:52,overflow:0,underflow:0 iptv-background=fd:0,active:0,oldest:none/0,total:0,max:0,error:0/none,hb:0,overflow:0,underflow:0
[INFO] [runtime-heartbeat] t_ms=91812453 frame=238 view=home player_state=idle media=0 return_home_pending=0 protocol_state=ready owner=none generation=0 resource_desired=home resource_applied=home resource_transition=0 resource_failed=0 resource_age_ms=0 iptv_background=0,0 discovery_suspended=0 service_workers=0,0,0 service_age_ms=3654,3650,3648 media_queue=0 media_high=0 media_command=0 media_kind=0 media_producer=0 media_token=0 media_generation=0 media_command_age_ms=0 media_heartbeat_age_ms=4 media_full=0 media_stale=0 media_timeout=0 media_coalesced=0 media_accepting=1 media_lifecycle=0,1,0,1 log_queue=0 enqueued=94 processed=94 log_high=14 log_heartbeat_age_ms=1999 log_waiting=1 queue_dropped=0 mirror_dropped=0 mirror_failures=0 mirror=1 worker=1 mdns_phase=waiting mdns_mode=0 mdns_running=1 mdns_suspended=0 ssdp_suspended=0 mdns_socket=1 mdns_heartbeat_age_ms=124 mdns_select=18 mdns_recv=1 mdns_sent=2
[INFO] [network-heartbeat] threshold_ms=1500 mdns=fd:1,active:1,oldest:select/124,total:25,max:201,error:0/none,hb:124,overflow:0,underflow:0 ssdp=fd:1,active:1,oldest:select/48,total:64,max:101,error:0/none,hb:48,overflow:0,underflow:0 dlna-http=fd:1,active:1,oldest:select/51,total:39,max:256,error:0/none,hb:51,overflow:0,underflow:0 airplay-control=fd:1,active:1,oldest:select/52,total:38,max:238,error:0/none,hb:52,overflow:0,underflow:0 iptv-background=fd:0,active:0,oldest:none/0,total:0,max:0,error:0/none,hb:0,overflow:0,underflow:0
[INFO] [runtime-heartbeat] t_ms=91814453 frame=358 view=home player_state=idle media=0 return_home_pending=0 protocol_state=ready owner=none generation=0 resource_desired=home resource_applied=home resource_transition=0 resource_failed=0 resource_age_ms=0 iptv_background=0,0 discovery_suspended=0 service_workers=0,0,0 service_age_ms=5654,5650,5648 media_queue=0 media_high=0 media_command=0 media_kind=0 media_producer=0 media_token=0 media_generation=0 media_command_age_ms=0 media_heartbeat_age_ms=3 media_full=0 media_stale=0 media_timeout=0 media_coalesced=0 media_accepting=1 media_lifecycle=0,1,0,1 log_queue=0 enqueued=96 processed=96 log_high=14 log_heartbeat_age_ms=1999 log_waiting=1 queue_dropped=0 mirror_dropped=0 mirror_failures=0 mirror=1 worker=1 mdns_phase=waiting mdns_mode=0 mdns_running=1 mdns_suspended=0 ssdp_suspended=0 mdns_socket=1 mdns_heartbeat_age_ms=124 mdns_select=28 mdns_recv=1 mdns_sent=2
[INFO] [network-heartbeat] threshold_ms=1500 mdns=fd:1,active:1,oldest:select/124,total:35,max:201,error:0/none,hb:124,overflow:0,underflow:0 ssdp=fd:1,active:1,oldest:select/47,total:84,max:101,error:0/none,hb:47,overflow:0,underflow:0 dlna-http=fd:1,active:1,oldest:select/49,total:59,max:256,error:0/none,hb:49,overflow:0,underflow:0 airplay-control=fd:1,active:1,oldest:select/49,total:58,max:238,error:0/none,hb:49,overflow:0,underflow:0 iptv-background=fd:0,active:0,oldest:none/0,total:0,max:0,error:0/none,hb:0,overflow:0,underflow:0
[INFO] [runtime-heartbeat] t_ms=91816453 frame=478 view=home player_state=idle media=0 return_home_pending=0 protocol_state=ready owner=none generation=0 resource_desired=home resource_applied=home resource_transition=0 resource_failed=0 resource_age_ms=0 iptv_background=0,0 discovery_suspended=0 service_workers=0,0,0 service_age_ms=7654,7650,7648 media_queue=0 media_high=0 media_command=0 media_kind=0 media_producer=0 media_token=0 media_generation=0 media_command_age_ms=0 media_heartbeat_age_ms=2 media_full=0 media_stale=0 media_timeout=0 media_coalesced=0 media_accepting=1 media_lifecycle=0,1,0,1 log_queue=0 enqueued=98 processed=98 log_high=14 log_heartbeat_age_ms=1999 log_waiting=1 queue_dropped=0 mirror_dropped=0 mirror_failures=0 mirror=1 worker=1 mdns_phase=waiting mdns_mode=0 mdns_running=1 mdns_suspended=0 ssdp_suspended=0 mdns_socket=1 mdns_heartbeat_age_ms=123 mdns_select=38 mdns_recv=1 mdns_sent=2
[INFO] [network-heartbeat] threshold_ms=1500 mdns=fd:1,active:1,oldest:select/123,total:45,max:201,error:0/none,hb:123,overflow:0,underflow:0 ssdp=fd:1,active:1,oldest:select/47,total:104,max:101,error:0/none,hb:47,overflow:0,underflow:0 dlna-http=fd:1,active:1,oldest:select/48,total:79,max:256,error:0/none,hb:48,overflow:0,underflow:0 airplay-control=fd:1,active:1,oldest:select/48,total:78,max:238,error:0/none,hb:48,overflow:0,underflow:0 iptv-background=fd:0,active:0,oldest:none/0,total:0,max:0,error:0/none,hb:0,overflow:0,underflow:0
[INFO] [runtime-heartbeat] t_ms=91818453 frame=598 view=home player_state=idle media=0 return_home_pending=0 protocol_state=ready owner=none generation=0 resource_desired=home resource_applied=home resource_transition=0 resource_failed=0 resource_age_ms=0 iptv_background=0,0 discovery_suspended=0 service_workers=0,0,0 service_age_ms=9654,9650,9648 media_queue=0 media_high=0 media_command=0 media_kind=0 media_producer=0 media_token=0 media_generation=0 media_command_age_ms=0 media_heartbeat_age_ms=0 media_full=0 media_stale=0 media_timeout=0 media_coalesced=0 media_accepting=1 media_lifecycle=0,1,0,1 log_queue=0 enqueued=100 processed=100 log_high=14 log_heartbeat_age_ms=1999 log_waiting=1 queue_dropped=0 mirror_dropped=0 mirror_failures=0 mirror=1 worker=1 mdns_phase=waiting mdns_mode=0 mdns_running=1 mdns_suspended=0 ssdp_suspended=0 mdns_socket=1 mdns_heartbeat_age_ms=123 mdns_select=48 mdns_recv=1 mdns_sent=2
[INFO] [network-heartbeat] threshold_ms=1500 mdns=fd:1,active:1,oldest:select/124,total:55,max:201,error:0/none,hb:124,overflow:0,underflow:0 ssdp=fd:1,active:1,oldest:select/47,total:124,max:101,error:0/none,hb:47,overflow:0,underflow:0 dlna-http=fd:1,active:1,oldest:select/47,total:99,max:256,error:0/none,hb:47,overflow:0,underflow:0 airplay-control=fd:1,active:1,oldest:select/47,total:98,max:238,error:0/none,hb:47,overflow:0,underflow:0 iptv-background=fd:0,active:0,oldest:none/0,total:0,max:0,error:0/none,hb:0,overflow:0,underflow:0
[INFO] [runtime-heartbeat] t_ms=91820453 frame=718 view=home player_state=idle media=0 return_home_pending=0 protocol_state=ready owner=none generation=0 resource_desired=home resource_applied=home resource_transition=0 resource_failed=0 resource_age_ms=0 iptv_background=0,0 discovery_suspended=0 service_workers=0,0,0 service_age_ms=11654,11650,11648 media_queue=0 media_high=0 media_command=0 media_kind=0 media_producer=0 media_token=0 media_generation=0 media_command_age_ms=0 media_heartbeat_age_ms=9 media_full=0 media_stale=0 media_timeout=0 media_coalesced=0 media_accepting=1 media_lifecycle=0,1,0,1 log_queue=0 enqueued=102 processed=102 log_high=14 log_heartbeat_age_ms=1999 log_waiting=1 queue_dropped=0 mirror_dropped=0 mirror_failures=0 mirror=1 worker=1 mdns_phase=waiting mdns_mode=0 mdns_running=1 mdns_suspended=0 ssdp_suspended=0 mdns_socket=1 mdns_heartbeat_age_ms=122 mdns_select=58 mdns_recv=1 mdns_sent=2
[INFO] [network-heartbeat] threshold_ms=1500 mdns=fd:1,active:1,oldest:select/122,total:65,max:201,error:0/none,hb:122,overflow:0,underflow:0 ssdp=fd:1,active:1,oldest:select/45,total:144,max:101,error:0/none,hb:45,overflow:0,underflow:0 dlna-http=fd:1,active:1,oldest:select/45,total:119,max:256,error:0/none,hb:45,overflow:0,underflow:0 airplay-control=fd:1,active:1,oldest:select/45,total:118,max:238,error:0/none,hb:45,overflow:0,underflow:0 iptv-background=fd:0,active:0,oldest:none/0,total:0,max:0,error:0/none,hb:0,overflow:0,underflow:0
[INFO] [runtime-heartbeat] t_ms=91822453 frame=838 view=home player_state=idle media=0 return_home_pending=0 protocol_state=ready owner=none generation=0 resource_desired=home resource_applied=home resource_transition=0 resource_failed=0 resource_age_ms=0 iptv_background=0,0 discovery_suspended=0 service_workers=0,0,0 service_age_ms=13654,13650,13648 media_queue=0 media_high=0 media_command=0 media_kind=0 media_producer=0 media_token=0 media_generation=0 media_command_age_ms=0 media_heartbeat_age_ms=8 media_full=0 media_stale=0 media_timeout=0 media_coalesced=0 media_accepting=1 media_lifecycle=0,1,0,1 log_queue=0 enqueued=104 processed=104 log_high=14 log_heartbeat_age_ms=1999 log_waiting=1 queue_dropped=0 mirror_dropped=0 mirror_failures=0 mirror=1 worker=1 mdns_phase=waiting mdns_mode=0 mdns_running=1 mdns_suspended=0 ssdp_suspended=0 mdns_socket=1 mdns_heartbeat_age_ms=122 mdns_select=68 mdns_recv=1 mdns_sent=2
[INFO] [network-heartbeat] threshold_ms=1500 mdns=fd:1,active:1,oldest:select/123,total:75,max:201,error:0/none,hb:123,overflow:0,underflow:0 ssdp=fd:1,active:1,oldest:select/44,total:164,max:101,error:0/none,hb:44,overflow:0,underflow:0 dlna-http=fd:1,active:1,oldest:select/44,total:139,max:256,error:0/none,hb:44,overflow:0,underflow:0 airplay-control=fd:1,active:1,oldest:select/44,total:138,max:238,error:0/none,hb:44,overflow:0,underflow:0 iptv-background=fd:0,active:0,oldest:none/0,total:0,max:0,error:0/none,hb:0,overflow:0,underflow:0
[INFO] [runtime-heartbeat] t_ms=91824453 frame=958 view=home player_state=idle media=0 return_home_pending=0 protocol_state=ready owner=none generation=0 resource_desired=home resource_applied=home resource_transition=0 resource_failed=0 resource_age_ms=0 iptv_background=0,0 discovery_suspended=0 service_workers=0,0,0 service_age_ms=15654,15650,15648 media_queue=0 media_high=0 media_command=0 media_kind=0 media_producer=0 media_token=0 media_generation=0 media_command_age_ms=0 media_heartbeat_age_ms=7 media_full=0 media_stale=0 media_timeout=0 media_coalesced=0 media_accepting=1 media_lifecycle=0,1,0,1 log_queue=0 enqueued=106 processed=106 log_high=14 log_heartbeat_age_ms=1999 log_waiting=1 queue_dropped=0 mirror_dropped=0 mirror_failures=0 mirror=1 worker=1 mdns_phase=waiting mdns_mode=0 mdns_running=1 mdns_suspended=0 ssdp_suspended=0 mdns_socket=1 mdns_heartbeat_age_ms=121 mdns_select=78 mdns_recv=1 mdns_sent=2
[INFO] [network-heartbeat] threshold_ms=1500 mdns=fd:1,active:1,oldest:select/121,total:85,max:201,error:0/none,hb:121,overflow:0,underflow:0 ssdp=fd:1,active:1,oldest:select/42,total:184,max:101,error:0/none,hb:42,overflow:0,underflow:0 dlna-http=fd:1,active:1,oldest:select/42,total:159,max:256,error:0/none,hb:42,overflow:0,underflow:0 airplay-control=fd:1,active:1,oldest:select/42,total:158,max:238,error:0/none,hb:42,overflow:0,underflow:0 iptv-background=fd:0,active:0,oldest:none/0,total:0,max:0,error:0/none,hb:0,overflow:0,underflow:0
[INFO] [runtime-heartbeat] t_ms=91826453 frame=1078 view=home player_state=idle media=0 return_home_pending=0 protocol_state=ready owner=none generation=0 resource_desired=home resource_applied=home resource_transition=0 resource_failed=0 resource_age_ms=0 iptv_background=0,0 discovery_suspended=0 service_workers=0,0,0 service_age_ms=17654,17650,17648 media_queue=0 media_high=0 media_command=0 media_kind=0 media_producer=0 media_token=0 media_generation=0 media_command_age_ms=0 media_heartbeat_age_ms=6 media_full=0 media_stale=0 media_timeout=0 media_coalesced=0 media_accepting=1 media_lifecycle=0,1,0,1 log_queue=0 enqueued=108 processed=108 log_high=14 log_heartbeat_age_ms=1999 log_waiting=1 queue_dropped=0 mirror_dropped=0 mirror_failures=0 mirror=1 worker=1 mdns_phase=waiting mdns_mode=0 mdns_running=1 mdns_suspended=0 ssdp_suspended=0 mdns_socket=1 mdns_heartbeat_age_ms=120 mdns_select=88 mdns_recv=1 mdns_sent=2
[INFO] [network-heartbeat] threshold_ms=1500 mdns=fd:1,active:1,oldest:select/120,total:95,max:201,error:0/none,hb:120,overflow:0,underflow:0 ssdp=fd:1,active:1,oldest:select/41,total:204,max:101,error:0/none,hb:41,overflow:0,underflow:0 dlna-http=fd:1,active:1,oldest:select/41,total:179,max:256,error:0/none,hb:41,overflow:0,underflow:0 airplay-control=fd:1,active:1,oldest:select/41,total:178,max:238,error:0/none,hb:41,overflow:0,underflow:0 iptv-background=fd:0,active:0,oldest:none/0,total:0,max:0,error:0/none,hb:0,overflow:0,underflow:0
[INFO] [runtime-heartbeat] t_ms=91828453 frame=1198 view=home player_state=idle media=0 return_home_pending=0 protocol_state=ready owner=none generation=0 resource_desired=home resource_applied=home resource_transition=0 resource_failed=0 resource_age_ms=0 iptv_background=0,0 discovery_suspended=0 service_workers=0,0,0 service_age_ms=19654,19650,19648 media_queue=0 media_high=0 media_command=0 media_kind=0 media_producer=0 media_token=0 media_generation=0 media_command_age_ms=0 media_heartbeat_age_ms=5 media_full=0 media_stale=0 media_timeout=0 media_coalesced=0 media_accepting=1 media_lifecycle=0,1,0,1 log_queue=0 enqueued=110 processed=110 log_high=14 log_heartbeat_age_ms=1999 log_waiting=1 queue_dropped=0 mirror_dropped=0 mirror_failures=0 mirror=1 worker=1 mdns_phase=waiting mdns_mode=0 mdns_running=1 mdns_suspended=0 ssdp_suspended=0 mdns_socket=1 mdns_heartbeat_age_ms=120 mdns_select=98 mdns_recv=1 mdns_sent=2
[INFO] [network-heartbeat] threshold_ms=1500 mdns=fd:1,active:1,oldest:select/121,total:105,max:201,error:0/none,hb:121,overflow:0,underflow:0 ssdp=fd:1,active:1,oldest:select/40,total:224,max:101,error:0/none,hb:40,overflow:0,underflow:0 dlna-http=fd:1,active:1,oldest:select/40,total:199,max:256,error:0/none,hb:40,overflow:0,underflow:0 airplay-control=fd:1,active:1,oldest:select/40,total:198,max:238,error:0/none,hb:40,overflow:0,underflow:0 iptv-background=fd:0,active:0,oldest:none/0,total:0,max:0,error:0/none,hb:0,overflow:0,underflow:0
[INFO] [runtime-heartbeat] t_ms=91830453 frame=1318 view=home player_state=idle media=0 return_home_pending=0 protocol_state=ready owner=none generation=0 resource_desired=home resource_applied=home resource_transition=0 resource_failed=0 resource_age_ms=0 iptv_background=0,0 discovery_suspended=0 service_workers=0,0,0 service_age_ms=21654,21650,21648 media_queue=0 media_high=0 media_command=0 media_kind=0 media_producer=0 media_token=0 media_generation=0 media_command_age_ms=0 media_heartbeat_age_ms=3 media_full=0 media_stale=0 media_timeout=0 media_coalesced=0 media_accepting=1 media_lifecycle=0,1,0,1 log_queue=0 enqueued=112 processed=112 log_high=14 log_heartbeat_age_ms=1999 log_waiting=1 queue_dropped=0 mirror_dropped=0 mirror_failures=0 mirror=1 worker=1 mdns_phase=waiting mdns_mode=0 mdns_running=1 mdns_suspended=0 ssdp_suspended=0 mdns_socket=1 mdns_heartbeat_age_ms=28 mdns_select=116 mdns_recv=10 mdns_sent=10
[INFO] [network-heartbeat] threshold_ms=1500 mdns=fd:1,active:1,oldest:select/29,total:140,max:201,error:0/none,hb:29,overflow:0,underflow:0 ssdp=fd:1,active:1,oldest:select/31,total:330,max:101,error:0/none,hb:31,overflow:0,underflow:0 dlna-http=fd:1,active:1,oldest:select/39,total:219,max:256,error:0/none,hb:39,overflow:0,underflow:0 airplay-control=fd:1,active:1,oldest:select/39,total:218,max:238,error:0/none,hb:39,overflow:0,underflow:0 iptv-background=fd:0,active:0,oldest:none/0,total:0,max:0,error:0/none,hb:0,overflow:0,underflow:0
[INFO] [runtime-heartbeat] t_ms=91832453 frame=1438 view=home player_state=idle media=0 return_home_pending=0 protocol_state=ready owner=none generation=0 resource_desired=home resource_applied=home resource_transition=0 resource_failed=0 resource_age_ms=0 iptv_background=0,0 discovery_suspended=0 service_workers=0,0,0 service_age_ms=23654,23650,23648 media_queue=0 media_high=0 media_command=0 media_kind=0 media_producer=0 media_token=0 media_generation=0 media_command_age_ms=0 media_heartbeat_age_ms=2 media_full=0 media_stale=0 media_timeout=0 media_coalesced=0 media_accepting=1 media_lifecycle=0,1,0,1 log_queue=0 enqueued=114 processed=114 log_high=14 log_heartbeat_age_ms=1999 log_waiting=1 queue_dropped=0 mirror_dropped=0 mirror_failures=0 mirror=1 worker=1 mdns_phase=waiting mdns_mode=0 mdns_running=1 mdns_suspended=0 ssdp_suspended=0 mdns_socket=1 mdns_heartbeat_age_ms=190 mdns_select=130 mdns_recv=16 mdns_sent=12
[INFO] [network-heartbeat] threshold_ms=1500 mdns=fd:1,active:1,oldest:select/191,total:162,max:201,error:0/none,hb:191,overflow:0,underflow:0 ssdp=fd:1,active:1,oldest:select/30,total:350,max:101,error:0/none,hb:30,overflow:0,underflow:0 dlna-http=fd:1,active:1,oldest:select/38,total:239,max:256,error:0/none,hb:38,overflow:0,underflow:0 airplay-control=fd:1,active:1,oldest:select/38,total:238,max:238,error:0/none,hb:38,overflow:0,underflow:0 iptv-background=fd:0,active:0,oldest:none/0,total:0,max:0,error:0/none,hb:0,overflow:0,underflow:0
[INFO] [runtime-heartbeat] t_ms=91834453 frame=1558 view=home player_state=idle media=0 return_home_pending=0 protocol_state=ready owner=none generation=0 resource_desired=home resource_applied=home resource_transition=0 resource_failed=0 resource_age_ms=0 iptv_background=0,0 discovery_suspended=0 service_workers=0,0,0 service_age_ms=25654,25650,25648 media_queue=0 media_high=0 media_command=0 media_kind=0 media_producer=0 media_token=0 media_generation=0 media_command_age_ms=0 media_heartbeat_age_ms=1 media_full=0 media_stale=0 media_timeout=0 media_coalesced=0 media_accepting=1 media_lifecycle=0,1,0,1 log_queue=0 enqueued=116 processed=116 log_high=14 log_heartbeat_age_ms=1999 log_waiting=1 queue_dropped=0 mirror_dropped=0 mirror_failures=0 mirror=1 worker=1 mdns_phase=waiting mdns_mode=0 mdns_running=1 mdns_suspended=0 ssdp_suspended=0 mdns_socket=1 mdns_heartbeat_age_ms=39 mdns_select=143 mdns_recv=19 mdns_sent=14
[INFO] [network-heartbeat] threshold_ms=1500 mdns=fd:1,active:1,oldest:select/40,total:180,max:201,error:0/none,hb:40,overflow:0,underflow:0 ssdp=fd:1,active:1,oldest:select/29,total:370,max:101,error:0/none,hb:29,overflow:0,underflow:0 dlna-http=fd:1,active:1,oldest:select/37,total:259,max:256,error:0/none,hb:37,overflow:0,underflow:0 airplay-control=fd:1,active:1,oldest:select/37,total:258,max:238,error:0/none,hb:37,overflow:0,underflow:0 iptv-background=fd:0,active:0,oldest:none/0,total:0,max:0,error:0/none,hb:0,overflow:0,underflow:0
[INFO] [runtime-heartbeat] t_ms=91836453 frame=1678 view=home player_state=idle media=0 return_home_pending=0 protocol_state=ready owner=none generation=0 resource_desired=home resource_applied=home resource_transition=0 resource_failed=0 resource_age_ms=0 iptv_background=0,0 discovery_suspended=0 service_workers=0,0,0 service_age_ms=27654,27650,27648 media_queue=0 media_high=0 media_command=0 media_kind=0 media_producer=0 media_token=0 media_generation=0 media_command_age_ms=0 media_heartbeat_age_ms=0 media_full=0 media_stale=0 media_timeout=0 media_coalesced=0 media_accepting=1 media_lifecycle=0,1,0,1 log_queue=0 enqueued=118 processed=118 log_high=14 log_heartbeat_age_ms=1999 log_waiting=1 queue_dropped=0 mirror_dropped=0 mirror_failures=0 mirror=1 worker=1 mdns_phase=waiting mdns_mode=0 mdns_running=1 mdns_suspended=0 ssdp_suspended=0 mdns_socket=1 mdns_heartbeat_age_ms=39 mdns_select=153 mdns_recv=19 mdns_sent=14
[INFO] [network-heartbeat] threshold_ms=1500 mdns=fd:1,active:1,oldest:select/40,total:190,max:201,error:0/none,hb:40,overflow:0,underflow:0 ssdp=fd:1,active:1,oldest:select/28,total:390,max:101,error:0/none,hb:28,overflow:0,underflow:0 dlna-http=fd:1,active:1,oldest:select/35,total:279,max:256,error:0/none,hb:35,overflow:0,underflow:0 airplay-control=fd:1,active:1,oldest:select/35,total:278,max:238,error:0/none,hb:35,overflow:0,underflow:0 iptv-background=fd:0,active:0,oldest:none/0,total:0,max:0,error:0/none,hb:0,overflow:0,underflow:0
[INFO] [ssdp] send packet to <IP_REDACTED>:9931 st=upnp:rootdevice bytes=283
[INFO] [ssdp] send packet to <IP_REDACTED>:9931 st=upnp:rootdevice bytes=283
[INFO] [ssdp] send packet to <IP_REDACTED>:9931 st=upnp:rootdevice bytes=283
[INFO] [scpd] served path=/description.xml bytes=2696 template=Description.xml
[INFO] [scpd] served path=/dlna/AVTransport.xml bytes=20658 template=AVTransport.xml
[INFO] [scpd] served path=/dlna/RenderingControl.xml bytes=7102 template=RenderingControl.xml
[INFO] [runtime-heartbeat] t_ms=91838453 frame=1798 view=home player_state=idle media=0 return_home_pending=0 protocol_state=ready owner=none generation=0 resource_desired=home resource_applied=home resource_transition=0 resource_failed=0 resource_age_ms=0 iptv_background=0,0 discovery_suspended=0 service_workers=0,0,0 service_age_ms=29654,29650,29648 media_queue=0 media_high=0 media_command=0 media_kind=0 media_producer=0 media_token=0 media_generation=0 media_command_age_ms=0 media_heartbeat_age_ms=9 media_full=0 media_stale=0 media_timeout=0 media_coalesced=0 media_accepting=1 media_lifecycle=0,1,0,1 log_queue=0 enqueued=126 processed=126 log_high=14 log_heartbeat_age_ms=480 log_waiting=1 queue_dropped=0 mirror_dropped=0 mirror_failures=0 mirror=1 worker=1 mdns_phase=waiting mdns_mode=0 mdns_running=1 mdns_suspended=0 ssdp_suspended=0 mdns_socket=1 mdns_heartbeat_age_ms=176 mdns_select=163 mdns_recv=20 mdns_sent=14
[INFO] [network-heartbeat] threshold_ms=1500 mdns=fd:1,active:1,oldest:select/177,total:201,max:201,error:0/none,hb:177,overflow:0,underflow:0 ssdp=fd:1,active:1,oldest:select/55,total:418,max:101,error:0/none,hb:55,overflow:0,underflow:0 dlna-http=fd:1,active:1,oldest:select/80,total:309,max:256,error:0/none,hb:80,overflow:0,underflow:0 airplay-control=fd:1,active:1,oldest:select/32,total:298,max:238,error:0/none,hb:32,overflow:0,underflow:0 iptv-background=fd:0,active:0,oldest:none/0,total:0,max:0,error:0/none,hb:0,overflow:0,underflow:0
[INFO] [soap] soap_call "AVTransport" "SetAVTransportURI" <InstanceID>0</InstanceID> <CurrentURI><URL_REDACTED></CurrentURI>
[INFO] [media-trace] seq=1 t_ms=0 action=SetAVTransportURI phase=begin url_hash=a7884408 metadata_bytes=2084 url=<URL_REDACTED>
[INFO] [media-trace] seq=1 t_ms=1 layer=soap action=SetAVTransportURI phase=dispatch instance=0 url_hash=a7884408 url=<URL_REDACTED>
[INFO] [protocol-coordinator] event=claim previous_owner=none previous_token=0 previous_generation=0 owner=dlna token=1 generation=2
[INFO] [protocol-coordinator] revision=6->9 state=ready->media-active iptv=running->running dlna=running->running airplay=running->running owner=none->dlna token=1 generation=2 pin_visible=0 resource=home->home desired=dlna-exclusive transition=1 failed=0 discovery_suspended=0->0 airplay_running=1 airplay_starting=0 status=Ready for AirPlay video
[INFO] [iptv] background-network suspended=1 quiesced=1
[INFO] [protocol-coordinator] event=reject action=validate owner=none token=0 generation=0 current_owner=dlna current_token=1 current_generation=2 reason=stale-lease
[INFO] [protocol-coordinator] event=reject action=validate owner=none token=0 generation=0 current_owner=dlna current_token=1 current_generation=2 reason=stale-lease
[INFO] [media-trace] seq=1 t_ms=15 layer=player action=set_media phase=begin url_hash=a7884408 url=<URL_REDACTED>
[INFO] [media-trace] seq=1 t_ms=15 layer=libmpv action=set_media phase=begin url_hash=a7884408 detail=- url=<URL_REDACTED>
[INFO] [media-trace] seq=1 t_ms=15 layer=libmpv action=set_media phase=mutex-wait url_hash=a7884408 detail=- url=<URL_REDACTED>
[INFO] [media-trace] seq=1 t_ms=15 layer=libmpv action=set_media phase=mutex-acquired url_hash=a7884408 detail=- url=<URL_REDACTED>
[INFO] [media-trace] seq=1 t_ms=15 layer=libmpv action=loadfile phase=dispatch url_hash=a7884408 detail=paused=1 profile=direct-mp4-fast url=<URL_REDACTED>
[INFO] [media-trace] seq=1 t_ms=15 layer=libmpv action=loadfile phase=queued url_hash=a7884408 detail=paused=1 profile=direct-mp4-fast url=<URL_REDACTED>
[INFO] [media-trace] seq=1 t_ms=15 layer=libmpv action=set_media phase=done url_hash=a7884408 detail=- url=<URL_REDACTED>
[INFO] [media-trace] seq=1 t_ms=15 layer=player action=set_media phase=done url_hash=a7884408 url=<URL_REDACTED>
[INFO] [media-trace] seq=1 t_ms=15 layer=libmpv action=mpv-start-file phase=event url_hash=a7884408 detail=- url=<URL_REDACTED>
[INFO] [player-libmpv] start-file uri=<URL_REDACTED>
[INFO] [media-trace] seq=1 t_ms=15 layer=soap action=SetAVTransportURI phase=done url_hash=a7884408 url=<URL_REDACTED>
[INFO] [soap] assert_http_200 service=AVTransport action=SetAVTransportURI handler=avtransport_set_uri
[INFO] [protocol-coordinator] revision=9->12 state=media-active->media-active iptv=running->running dlna=running->running airplay=running->stopped owner=dlna->dlna token=1 generation=2 pin_visible=0 resource=home->dlna-exclusive desired=dlna-exclusive transition=0 failed=0 discovery_suspended=0->0 airplay_running=0 airplay_starting=0 status=none
[INFO] [player-view] desired_view=video state=LOADING has_media=1 uri=<URL_REDACTED>
[INFO] [player-view] active_view=video frame=1857
[INFO] [input] active_view=video state=loading media=1 snapshot=1
[INFO] [soap] soap_call "AVTransport" "Play" <InstanceID>0</InstanceID> <Speed>1</Speed>
[INFO] [media-trace] seq=1 t_ms=31 layer=soap action=Play phase=begin url_hash=a7884408 detail=1 url=<URL_REDACTED>
[INFO] [media-trace] seq=1 t_ms=31 layer=player action=Play phase=backend-call-begin url_hash=a7884408 detail=-
[INFO] [media-trace] seq=1 t_ms=31 layer=libmpv action=Play phase=mutex-wait url_hash=a7884408 detail=- url=<URL_REDACTED>
[INFO] [media-trace] seq=1 t_ms=31 layer=libmpv action=Play phase=mutex-acquired url_hash=a7884408 detail=- url=<URL_REDACTED>
[INFO] [media-trace] seq=1 t_ms=31 layer=libmpv action=Play phase=deferred url_hash=a7884408 detail=waiting-file-loaded url=<URL_REDACTED>
[INFO] [media-trace] seq=1 t_ms=31 layer=player action=Play phase=backend-call-done url_hash=a7884408 detail=ok
[INFO] [media-trace] seq=1 t_ms=31 layer=player action=Play phase=snapshot-refresh-begin url_hash=a7884408 detail=-
[INFO] [media-trace] seq=1 t_ms=31 layer=player action=Play phase=snapshot-refresh-done url_hash=a7884408 detail=-
[INFO] [media-trace] seq=1 t_ms=31 layer=player action=Play phase=backend-wakeup-begin url_hash=a7884408 detail=-
[INFO] [media-trace] seq=1 t_ms=31 layer=player action=Play phase=backend-wakeup-done url_hash=a7884408 detail=-
[INFO] [media-trace] seq=1 t_ms=31 layer=soap action=Play phase=done url_hash=a7884408 detail=1 url=<URL_REDACTED>
[INFO] [soap] assert_http_200 service=AVTransport action=Play handler=avtransport_play
[INFO] [soap] soap_call "AVTransport" "GetTransportInfo" <InstanceID>0</InstanceID>
[INFO] [soap] assert_http_200 service=AVTransport action=GetTransportInfo handler=avtransport_get_transport_info
[INFO] [soap] soap_call "AVTransport" "GetPositionInfo" <InstanceID>0</InstanceID>
[INFO] [soap] assert_http_200 service=AVTransport action=GetPositionInfo handler=avtransport_get_position_info
[INFO] [runtime-heartbeat] t_ms=91840453 frame=1918 view=video player_state=loading media=1 return_home_pending=0 protocol_state=media-active owner=dlna generation=2 resource_desired=dlna-exclusive resource_applied=dlna-exclusive resource_transition=0 resource_failed=0 resource_age_ms=0 iptv_background=1,0 discovery_suspended=0 service_workers=0,0,0 service_age_ms=31654,31650,1015 media_queue=0 media_high=1 media_command=0 media_kind=0 media_producer=0 media_token=0 media_generation=0 media_command_age_ms=0 media_heartbeat_age_ms=7 media_full=0 media_stale=0 media_timeout=0 media_coalesced=0 media_accepting=1 media_lifecycle=0,1,0,1 log_queue=0 enqueued=169 processed=169 log_high=14 log_heartbeat_age_ms=979 log_waiting=1 queue_dropped=0 mirror_dropped=0 mirror_failures=0 mirror=1 worker=1 mdns_phase=stopped mdns_mode=0 mdns_running=0 mdns_suspended=0 ssdp_suspended=0 mdns_socket=0 mdns_heartbeat_age_ms=1015 mdns_select=169 mdns_recv=20 mdns_sent=16
[INFO] [network-heartbeat] threshold_ms=1500 mdns=fd:0,active:0,oldest:none/0,total:208,max:201,error:0/none,hb:1015,overflow:0,underflow:0 ssdp=fd:1,active:1,oldest:select/49,total:450,max:101,error:0/none,hb:49,overflow:0,underflow:0 dlna-http=fd:1,active:1,oldest:select/78,total:345,max:256,error:0/none,hb:78,overflow:0,underflow:0 airplay-control=fd:0,active:0,oldest:none/0,total:308,max:238,error:0/none,hb:1015,overflow:0,underflow:0 iptv-background=fd:0,active:0,oldest:none/0,total:0,max:0,error:0/none,hb:0,overflow:0,underflow:0
[INFO] [soap] soap_call "AVTransport" "GetPositionInfo" <InstanceID>0</InstanceID>
[INFO] [soap] assert_http_200 service=AVTransport action=GetPositionInfo handler=avtransport_get_position_info
[INFO] [soap] soap_call "AVTransport" "GetTransportInfo" <InstanceID>0</InstanceID>
[INFO] [dlna-control] event=session-armed polls=4 last_poll_ms=91840474
[INFO] [soap] assert_http_200 service=AVTransport action=GetTransportInfo handler=avtransport_get_transport_info
[INFO] [soap] soap_call "AVTransport" "GetTransportInfo" <InstanceID>0</InstanceID>
[INFO] [soap] assert_http_200 service=AVTransport action=GetTransportInfo handler=avtransport_get_transport_info
[INFO] [soap] soap_call "AVTransport" "GetPositionInfo" <InstanceID>0</InstanceID>
[INFO] [soap] assert_http_200 service=AVTransport action=GetPositionInfo handler=avtransport_get_position_info
[INFO] [runtime-heartbeat] t_ms=91842453 frame=2038 view=video player_state=loading media=1 return_home_pending=0 protocol_state=media-active owner=dlna generation=2 resource_desired=dlna-exclusive resource_applied=dlna-exclusive resource_transition=0 resource_failed=0 resource_age_ms=0 iptv_background=1,0 discovery_suspended=0 service_workers=0,0,0 service_age_ms=33654,33650,3015 media_queue=0 media_high=1 media_command=0 media_kind=0 media_producer=0 media_token=0 media_generation=0 media_command_age_ms=0 media_heartbeat_age_ms=6 media_full=0 media_stale=0 media_timeout=0 media_coalesced=0 media_accepting=1 media_lifecycle=0,1,0,1 log_queue=0 enqueued=180 processed=180 log_high=14 log_heartbeat_age_ms=979 log_waiting=1 queue_dropped=0 mirror_dropped=0 mirror_failures=0 mirror=1 worker=1 mdns_phase=stopped mdns_mode=0 mdns_running=0 mdns_suspended=0 ssdp_suspended=0 mdns_socket=0 mdns_heartbeat_age_ms=3015 mdns_select=169 mdns_recv=20 mdns_sent=16
[INFO] [network-heartbeat] threshold_ms=1500 mdns=fd:0,active:0,oldest:none/0,total:208,max:201,error:0/none,hb:3015,overflow:0,underflow:0 ssdp=fd:1,active:1,oldest:select/48,total:470,max:101,error:0/none,hb:48,overflow:0,underflow:0 dlna-http=fd:1,active:1,oldest:select/79,total:380,max:256,error:0/none,hb:79,overflow:0,underflow:0 airplay-control=fd:0,active:0,oldest:none/0,total:308,max:238,error:0/none,hb:3015,overflow:0,underflow:0 iptv-background=fd:0,active:0,oldest:none/0,total:0,max:0,error:0/none,hb:0,overflow:0,underflow:0
[INFO] [soap] soap_call "AVTransport" "GetPositionInfo" <InstanceID>0</InstanceID>
[INFO] [soap] assert_http_200 service=AVTransport action=GetPositionInfo handler=avtransport_get_position_info
[INFO] [soap] soap_call "AVTransport" "GetTransportInfo" <InstanceID>0</InstanceID>
[INFO] [soap] assert_http_200 service=AVTransport action=GetTransportInfo handler=avtransport_get_transport_info
[INFO] [soap] soap_call "AVTransport" "GetTransportInfo" <InstanceID>0</InstanceID>
[INFO] [soap] assert_http_200 service=AVTransport action=GetTransportInfo handler=avtransport_get_transport_info
[INFO] [soap] soap_call "AVTransport" "GetPositionInfo" <InstanceID>0</InstanceID>
[INFO] [soap] assert_http_200 service=AVTransport action=GetPositionInfo handler=avtransport_get_position_info
[INFO] [runtime-heartbeat] t_ms=91844453 frame=2158 view=video player_state=loading media=1 return_home_pending=0 protocol_state=media-active owner=dlna generation=2 resource_desired=dlna-exclusive resource_applied=dlna-exclusive resource_transition=0 resource_failed=0 resource_age_ms=0 iptv_background=1,0 discovery_suspended=0 service_workers=0,0,0 service_age_ms=35654,35650,5015 media_queue=0 media_high=1 media_command=0 media_kind=0 media_producer=0 media_token=0 media_generation=0 media_command_age_ms=0 media_heartbeat_age_ms=5 media_full=0 media_stale=0 media_timeout=0 media_coalesced=0 media_accepting=1 media_lifecycle=0,1,0,1 log_queue=0 enqueued=190 processed=190 log_high=14 log_heartbeat_age_ms=978 log_waiting=1 queue_dropped=0 mirror_dropped=0 mirror_failures=0 mirror=1 worker=1 mdns_phase=stopped mdns_mode=0 mdns_running=0 mdns_suspended=0 ssdp_suspended=0 mdns_socket=0 mdns_heartbeat_age_ms=5015 mdns_select=169 mdns_recv=20 mdns_sent=16
[INFO] [network-heartbeat] threshold_ms=1500 mdns=fd:0,active:0,oldest:none/0,total:208,max:201,error:0/none,hb:5015,overflow:0,underflow:0 ssdp=fd:1,active:1,oldest:select/47,total:490,max:101,error:0/none,hb:47,overflow:0,underflow:0 dlna-http=fd:1,active:1,oldest:select/77,total:415,max:256,error:0/none,hb:77,overflow:0,underflow:0 airplay-control=fd:0,active:0,oldest:none/0,total:308,max:238,error:0/none,hb:5015,overflow:0,underflow:0 iptv-background=fd:0,active:0,oldest:none/0,total:0,max:0,error:0/none,hb:0,overflow:0,underflow:0
[INFO] [soap] soap_call "AVTransport" "GetTransportInfo" <InstanceID>0</InstanceID>
[INFO] [soap] assert_http_200 service=AVTransport action=GetTransportInfo handler=avtransport_get_transport_info
[INFO] [soap] soap_call "AVTransport" "GetPositionInfo" <InstanceID>0</InstanceID>
[INFO] [soap] assert_http_200 service=AVTransport action=GetPositionInfo handler=avtransport_get_position_info
[INFO] [soap] soap_call "AVTransport" "GetPositionInfo" <InstanceID>0</InstanceID>
[INFO] [soap] assert_http_200 service=AVTransport action=GetPositionInfo handler=avtransport_get_position_info
[INFO] [soap] soap_call "AVTransport" "GetTransportInfo" <InstanceID>0</InstanceID>
[INFO] [soap] assert_http_200 service=AVTransport action=GetTransportInfo handler=avtransport_get_transport_info
[INFO] [runtime-heartbeat] t_ms=91846453 frame=2278 view=video player_state=loading media=1 return_home_pending=0 protocol_state=media-active owner=dlna generation=2 resource_desired=dlna-exclusive resource_applied=dlna-exclusive resource_transition=0 resource_failed=0 resource_age_ms=0 iptv_background=1,0 discovery_suspended=0 service_workers=0,0,0 service_age_ms=37654,37650,7015 media_queue=0 media_high=1 media_command=0 media_kind=0 media_producer=0 media_token=0 media_generation=0 media_command_age_ms=0 media_heartbeat_age_ms=4 media_full=0 media_stale=0 media_timeout=0 media_coalesced=0 media_accepting=1 media_lifecycle=0,1,0,1 log_queue=0 enqueued=200 processed=200 log_high=14 log_heartbeat_age_ms=980 log_waiting=1 queue_dropped=0 mirror_dropped=0 mirror_failures=0 mirror=1 worker=1 mdns_phase=stopped mdns_mode=0 mdns_running=0 mdns_suspended=0 ssdp_suspended=0 mdns_socket=0 mdns_heartbeat_age_ms=7015 mdns_select=169 mdns_recv=20 mdns_sent=16
[INFO] [network-heartbeat] threshold_ms=1500 mdns=fd:0,active:0,oldest:none/0,total:208,max:201,error:0/none,hb:7015,overflow:0,underflow:0 ssdp=fd:1,active:1,oldest:select/46,total:510,max:101,error:0/none,hb:46,overflow:0,underflow:0 dlna-http=fd:1,active:1,oldest:select/79,total:449,max:256,error:0/none,hb:79,overflow:0,underflow:0 airplay-control=fd:0,active:0,oldest:none/0,total:308,max:238,error:0/none,hb:7015,overflow:0,underflow:0 iptv-background=fd:0,active:0,oldest:none/0,total:0,max:0,error:0/none,hb:0,overflow:0,underflow:0
[INFO] [soap] soap_call "AVTransport" "GetPositionInfo" <InstanceID>0</InstanceID>
[INFO] [soap] assert_http_200 service=AVTransport action=GetPositionInfo handler=avtransport_get_position_info
[INFO] [soap] soap_call "AVTransport" "GetTransportInfo" <InstanceID>0</InstanceID>
[INFO] [soap] assert_http_200 service=AVTransport action=GetTransportInfo handler=avtransport_get_transport_info
[INFO] [soap] soap_call "AVTransport" "GetPositionInfo" <InstanceID>0</InstanceID>
[INFO] [soap] assert_http_200 service=AVTransport action=GetPositionInfo handler=avtransport_get_position_info
[INFO] [soap] soap_call "AVTransport" "GetTransportInfo" <InstanceID>0</InstanceID>
[INFO] [soap] assert_http_200 service=AVTransport action=GetTransportInfo handler=avtransport_get_transport_info
[INFO] [runtime-heartbeat] t_ms=91848453 frame=2398 view=video player_state=loading media=1 return_home_pending=0 protocol_state=media-active owner=dlna generation=2 resource_desired=dlna-exclusive resource_applied=dlna-exclusive resource_transition=0 resource_failed=0 resource_age_ms=0 iptv_background=1,0 discovery_suspended=0 service_workers=0,0,0 service_age_ms=39654,39650,9015 media_queue=0 media_high=1 media_command=0 media_kind=0 media_producer=0 media_token=0 media_generation=0 media_command_age_ms=0 media_heartbeat_age_ms=3 media_full=0 media_stale=0 media_timeout=0 media_coalesced=0 media_accepting=1 media_lifecycle=0,1,0,1 log_queue=0 enqueued=210 processed=210 log_high=14 log_heartbeat_age_ms=919 log_waiting=1 queue_dropped=0 mirror_dropped=0 mirror_failures=0 mirror=1 worker=1 mdns_phase=stopped mdns_mode=0 mdns_running=0 mdns_suspended=0 ssdp_suspended=0 mdns_socket=0 mdns_heartbeat_age_ms=9015 mdns_select=169 mdns_recv=20 mdns_sent=16
[INFO] [network-heartbeat] threshold_ms=1500 mdns=fd:0,active:0,oldest:none/0,total:208,max:201,error:0/none,hb:9015,overflow:0,underflow:0 ssdp=fd:1,active:1,oldest:select/45,total:530,max:101,error:0/none,hb:45,overflow:0,underflow:0 dlna-http=fd:1,active:1,oldest:select/19,total:485,max:256,error:0/none,hb:19,overflow:0,underflow:0 airplay-control=fd:0,active:0,oldest:none/0,total:308,max:238,error:0/none,hb:9015,overflow:0,underflow:0 iptv-background=fd:0,active:0,oldest:none/0,total:0,max:0,error:0/none,hb:0,overflow:0,underflow:0
[INFO] [soap] soap_call "AVTransport" "GetPositionInfo" <InstanceID>0</InstanceID>
[INFO] [soap] assert_http_200 service=AVTransport action=GetPositionInfo handler=avtransport_get_position_info
[INFO] [soap] soap_call "AVTransport" "GetTransportInfo" <InstanceID>0</InstanceID>
[INFO] [soap] assert_http_200 service=AVTransport action=GetTransportInfo handler=avtransport_get_transport_info
[INFO] [soap] soap_call "AVTransport" "GetPositionInfo" <InstanceID>0</InstanceID>
[INFO] [soap] assert_http_200 service=AVTransport action=GetPositionInfo handler=avtransport_get_position_info
[INFO] [soap] soap_call "AVTransport" "GetTransportInfo" <InstanceID>0</InstanceID>
[INFO] [soap] assert_http_200 service=AVTransport action=GetTransportInfo handler=avtransport_get_transport_info
[INFO] [runtime-heartbeat] t_ms=91850453 frame=2518 view=video player_state=loading media=1 return_home_pending=0 protocol_state=media-active owner=dlna generation=2 resource_desired=dlna-exclusive resource_applied=dlna-exclusive resource_transition=0 resource_failed=0 resource_age_ms=0 iptv_background=1,0 discovery_suspended=0 service_workers=0,0,0 service_age_ms=41654,41650,11015 media_queue=0 media_high=1 media_command=0 media_kind=0 media_producer=0 media_token=0 media_generation=0 media_command_age_ms=0 media_heartbeat_age_ms=2 media_full=0 media_stale=0 media_timeout=0 media_coalesced=0 media_accepting=1 media_lifecycle=0,1,0,1 log_queue=0 enqueued=220 processed=220 log_high=14 log_heartbeat_age_ms=871 log_waiting=1 queue_dropped=0 mirror_dropped=0 mirror_failures=0 mirror=1 worker=1 mdns_phase=stopped mdns_mode=0 mdns_running=0 mdns_suspended=0 ssdp_suspended=0 mdns_socket=0 mdns_heartbeat_age_ms=11015 mdns_select=169 mdns_recv=20 mdns_sent=16
[INFO] [network-heartbeat] threshold_ms=1500 mdns=fd:0,active:0,oldest:none/0,total:208,max:201,error:0/none,hb:11015,overflow:0,underflow:0 ssdp=fd:1,active:1,oldest:select/44,total:550,max:101,error:0/none,hb:44,overflow:0,underflow:0 dlna-http=fd:1,active:1,oldest:select/71,total:520,max:256,error:0/none,hb:71,overflow:0,underflow:0 airplay-control=fd:0,active:0,oldest:none/0,total:308,max:238,error:0/none,hb:11016,overflow:0,underflow:0 iptv-background=fd:0,active:0,oldest:none/0,total:0,max:0,error:0/none,hb:0,overflow:0,underflow:0
[INFO] [soap] soap_call "AVTransport" "GetPositionInfo" <InstanceID>0</InstanceID>
[INFO] [soap] assert_http_200 service=AVTransport action=GetPositionInfo handler=avtransport_get_position_info
[INFO] [soap] soap_call "AVTransport" "GetTransportInfo" <InstanceID>0</InstanceID>
[INFO] [soap] assert_http_200 service=AVTransport action=GetTransportInfo handler=avtransport_get_transport_info
[INFO] [soap] soap_call "AVTransport" "GetPositionInfo" <InstanceID>0</InstanceID>
[INFO] [soap] assert_http_200 service=AVTransport action=GetPositionInfo handler=avtransport_get_position_info
[INFO] [soap] soap_call "AVTransport" "GetTransportInfo" <InstanceID>0</InstanceID>
[INFO] [soap] assert_http_200 service=AVTransport action=GetTransportInfo handler=avtransport_get_transport_info
[INFO] [runtime-heartbeat] t_ms=91852453 frame=2638 view=video player_state=loading media=1 return_home_pending=0 protocol_state=media-active owner=dlna generation=2 resource_desired=dlna-exclusive resource_applied=dlna-exclusive resource_transition=0 resource_failed=0 resource_age_ms=0 iptv_background=1,0 discovery_suspended=0 service_workers=0,0,0 service_age_ms=43654,43650,13015 media_queue=0 media_high=1 media_command=0 media_kind=0 media_producer=0 media_token=0 media_generation=0 media_command_age_ms=0 media_heartbeat_age_ms=0 media_full=0 media_stale=0 media_timeout=0 media_coalesced=0 media_accepting=1 media_lifecycle=0,1,0,1 log_queue=0 enqueued=230 processed=230 log_high=14 log_heartbeat_age_ms=926 log_waiting=1 queue_dropped=0 mirror_dropped=0 mirror_failures=0 mirror=1 worker=1 mdns_phase=stopped mdns_mode=0 mdns_running=0 mdns_suspended=0 ssdp_suspended=0 mdns_socket=0 mdns_heartbeat_age_ms=13015 mdns_select=169 mdns_recv=20 mdns_sent=16
[INFO] [network-heartbeat] threshold_ms=1500 mdns=fd:0,active:0,oldest:none/0,total:208,max:201,error:0/none,hb:13015,overflow:0,underflow:0 ssdp=fd:1,active:1,oldest:select/43,total:570,max:101,error:0/none,hb:43,overflow:0,underflow:0 dlna-http=fd:1,active:1,oldest:select/25,total:555,max:256,error:0/none,hb:25,overflow:0,underflow:0 airplay-control=fd:0,active:0,oldest:none/0,total:308,max:238,error:0/none,hb:13015,overflow:0,underflow:0 iptv-background=fd:0,active:0,oldest:none/0,total:0,max:0,error:0/none,hb:0,overflow:0,underflow:0
[INFO] [soap] soap_call "AVTransport" "GetPositionInfo" <InstanceID>0</InstanceID>
[INFO] [soap] assert_http_200 service=AVTransport action=GetPositionInfo handler=avtransport_get_position_info
[INFO] [soap] soap_call "AVTransport" "GetTransportInfo" <InstanceID>0</InstanceID>
[INFO] [soap] assert_http_200 service=AVTransport action=GetTransportInfo handler=avtransport_get_transport_info
[INFO] [soap] soap_call "AVTransport" "GetTransportInfo" <InstanceID>0</InstanceID>
[INFO] [soap] assert_http_200 service=AVTransport action=GetTransportInfo handler=avtransport_get_transport_info
[INFO] [soap] soap_call "AVTransport" "GetPositionInfo" <InstanceID>0</InstanceID>
[INFO] [soap] assert_http_200 service=AVTransport action=GetPositionInfo handler=avtransport_get_position_info
[INFO] [runtime-heartbeat] t_ms=91854453 frame=2758 view=video player_state=loading media=1 return_home_pending=0 protocol_state=media-active owner=dlna generation=2 resource_desired=dlna-exclusive resource_applied=dlna-exclusive resource_transition=0 resource_failed=0 resource_age_ms=0 iptv_background=1,0 discovery_suspended=0 service_workers=0,0,0 service_age_ms=45654,45650,15015 media_queue=0 media_high=1 media_command=0 media_kind=0 media_producer=0 media_token=0 media_generation=0 media_command_age_ms=0 media_heartbeat_age_ms=9 media_full=0 media_stale=0 media_timeout=0 media_coalesced=0 media_accepting=1 media_lifecycle=0,1,0,1 log_queue=0 enqueued=240 processed=240 log_high=14 log_heartbeat_age_ms=878 log_waiting=1 queue_dropped=0 mirror_dropped=0 mirror_failures=0 mirror=1 worker=1 mdns_phase=stopped mdns_mode=0 mdns_running=0 mdns_suspended=0 ssdp_suspended=0 mdns_socket=0 mdns_heartbeat_age_ms=15015 mdns_select=169 mdns_recv=20 mdns_sent=16
[INFO] [network-heartbeat] threshold_ms=1500 mdns=fd:0,active:0,oldest:none/0,total:208,max:201,error:0/none,hb:15015,overflow:0,underflow:0 ssdp=fd:1,active:1,oldest:select/41,total:590,max:101,error:0/none,hb:41,overflow:0,underflow:0 dlna-http=fd:1,active:1,oldest:select/78,total:589,max:256,error:0/none,hb:78,overflow:0,underflow:0 airplay-control=fd:0,active:0,oldest:none/0,total:308,max:238,error:0/none,hb:15015,overflow:0,underflow:0 iptv-background=fd:0,active:0,oldest:none/0,total:0,max:0,error:0/none,hb:0,overflow:0,underflow:0
[INFO] [soap] soap_call "AVTransport" "GetTransportInfo" <InstanceID>0</InstanceID>
[INFO] [soap] assert_http_200 service=AVTransport action=GetTransportInfo handler=avtransport_get_transport_info
[INFO] [soap] soap_call "AVTransport" "GetPositionInfo" <InstanceID>0</InstanceID>
[INFO] [soap] assert_http_200 service=AVTransport action=GetPositionInfo handler=avtransport_get_position_info
[INFO] [soap] soap_call "AVTransport" "GetTransportInfo" <InstanceID>0</InstanceID>
[INFO] [soap] assert_http_200 service=AVTransport action=GetTransportInfo handler=avtransport_get_transport_info
[INFO] [soap] soap_call "AVTransport" "GetPositionInfo" <InstanceID>0</InstanceID>
[INFO] [soap] assert_http_200 service=AVTransport action=GetPositionInfo handler=avtransport_get_position_info
[INFO] [soap] soap_call "AVTransport" "Stop" <InstanceID>0</InstanceID>
[INFO] [media-trace] seq=1 t_ms=16193 layer=soap action=Stop phase=begin url_hash=a7884408 detail=- url=<URL_REDACTED>
[INFO] [media-trace] seq=1 t_ms=16193 layer=player action=Stop phase=backend-call-begin url_hash=a7884408 detail=-
[INFO] [media-trace] seq=1 t_ms=16193 layer=libmpv action=Stop phase=mutex-wait url_hash=a7884408 detail=- url=<URL_REDACTED>
[INFO] [media-trace] seq=1 t_ms=16193 layer=libmpv action=Stop phase=mutex-acquired url_hash=a7884408 detail=- url=<URL_REDACTED>
[INFO] [media-trace] seq=1 t_ms=16193 layer=libmpv action=Stop phase=dispatch url_hash=a7884408 detail=- url=<URL_REDACTED>
[INFO] [media-trace] seq=1 t_ms=16193 layer=player action=Stop phase=backend-call-done url_hash=a7884408 detail=ok
[INFO] [media-trace] seq=1 t_ms=16193 layer=player action=Stop phase=snapshot-refresh-begin url_hash=a7884408 detail=-
[INFO] [media-trace] seq=1 t_ms=16193 layer=player action=Stop phase=snapshot-refresh-done url_hash=a7884408 detail=-
[INFO] [media-trace] seq=1 t_ms=16193 layer=player action=Stop phase=backend-wakeup-begin url_hash=a7884408 detail=-
[INFO] [media-trace] seq=1 t_ms=16193 layer=player action=Stop phase=backend-wakeup-done url_hash=a7884408 detail=-
[INFO] [protocol-coordinator] event=release action=release owner=dlna token=1 generation=2 reason=completed
[INFO] [media-trace] seq=1 t_ms=16193 layer=soap action=Stop phase=done url_hash=a7884408 detail=- url=<URL_REDACTED>
[INFO] [soap] assert_http_200 service=AVTransport action=Stop handler=avtransport_stop
[INFO] [protocol-coordinator] revision=12->15 state=media-active->ready iptv=running->running dlna=running->running airplay=stopped->stopped owner=dlna->none token=0 generation=0 pin_visible=0 resource=dlna-exclusive->dlna-exclusive desired=home transition=1 failed=0 discovery_suspended=0->0 airplay_running=0 airplay_starting=0 status=none
[INFO] [return-home] phase=request t_ms=91855620 playback_active=0 state=stopped media=1
[INFO] [return-home] phase=show-home begin reason=no-active-media
[INFO] [player-view] manual navigation target=home state=LOADING
[INFO] [return-home] phase=show-home done ok=1 reason=no-active-media
[INFO] [dlna-control] event=return-home reason=explicit-stop ok=1 stop=0 polls=0 poll_age_ms=91855620 state=stopped
[INFO] [player-view] active_view=home frame=2827
[INFO] [input] active_view=home state=stopped media=1 snapshot=1
[INFO] [airplay] t_ms=91855621 integration stage=ed25519 begin
[INFO] [airplay] t_ms=91855621 integration stage=ed25519 done
[INFO] [airplay] t_ms=91855621 integration stage=mirror-runtime begin
[INFO] [airplay] t_ms=91855621 integration stage=mirror-runtime done
[INFO] [airplay] t_ms=91855621 integration stage=remote-video begin
[INFO] [airplay] t_ms=91855621 integration stage=remote-video done
[INFO] [airplay] t_ms=91855621 integration stage=receiver begin
[INFO] [airplay] t_ms=91855621 receiver stage=pairing-identity begin
[INFO] [airplay] t_ms=91855628 receiver stage=pairing-identity done
[INFO] [airplay] t_ms=91855628 receiver stage=dns-sd-txt begin
[INFO] [airplay] t_ms=91855628 receiver stage=dns-sd-txt done
[INFO] [airplay] t_ms=91855628 receiver stage=handlers begin
[INFO] [airplay] t_ms=91855628 handlers stage=validate begin
[INFO] [airplay] t_ms=91855628 handlers stage=validate done
[INFO] [airplay] t_ms=91855628 handlers stage=allocate begin bytes=792
[INFO] [airplay] t_ms=91855628 handlers stage=allocate done
[INFO] [airplay] t_ms=91855628 handlers stage=copy begin txt_bytes=214
[INFO] [airplay] t_ms=91855628 handlers stage=copy done
[INFO] [airplay] t_ms=91855628 receiver stage=handlers done
[INFO] [airplay] t_ms=91855628 receiver stage=control-server begin
[INFO] [airplay-server] listening on :7000
[INFO] [airplay] t_ms=91855628 receiver stage=control-server done port=7000
[INFO] [airplay] t_ms=91855628 receiver stage=lifecycle begin
[INFO] [airplay] t_ms=91855628 receiver stage=lifecycle done
[INFO] [airplay] t_ms=91855628 receiver stage=mdns begin
[INFO] [airplay] t_ms=91855628 mdns stage=local-address begin
[INFO] [airplay] t_ms=91855629 mdns stage=local-address done
[INFO] [airplay-mdns] local-address=<IP_REDACTED>
[INFO] [airplay] t_ms=91855629 mdns stage=service-record begin
[INFO] [airplay] t_ms=91855629 mdns stage=service-record done
[INFO] [airplay] t_ms=91855629 mdns stage=socket begin
[INFO] [airplay] t_ms=91855629 mdns socket stage=create begin
[INFO] [airplay] t_ms=91855629 mdns socket stage=create done fd=8
[INFO] [airplay] t_ms=91855629 mdns socket stage=bind begin port=5353
[INFO] [airplay] t_ms=91855629 mdns socket stage=bind done
[INFO] [airplay] t_ms=91855629 mdns socket stage=multicast-join begin
[INFO] [airplay] t_ms=91855629 mdns socket stage=multicast-join done
[INFO] [airplay] t_ms=91855629 mdns stage=socket done
[INFO] [airplay] t_ms=91855629 mdns stage=thread begin
[INFO] [airplay] t_ms=91855629 mdns thread-create begin stack=65536
[INFO] [airplay] t_ms=91855630 mdns thread-create done rc=0x00000000
[INFO] [airplay] t_ms=91855630 mdns thread-start begin
[INFO] [airplay] t_ms=91855630 mdns worker entered
[INFO] [airplay] t_ms=91855630 mdns worker mode=0 priority=0x2b
[INFO] [airplay] t_ms=91855630 mdns worker announce begin
[INFO] [airplay] t_ms=91855630 mdns thread-start done rc=0x00000000
[INFO] [airplay] t_ms=91855630 mdns stage=thread done
[INFO] [airplay-mdns] started airplay=NX-Cast raop=<IDENTIFIER_REDACTED>@NX-Cast port=7000 features=0x5A7FFEE6,0x0
[INFO] [airplay-mdns] started airplay=NX-Cast raop=<IDENTIFIER_REDACTED>@NX-Cast port=7000 features=0x5A7FFEE6,0x0
[INFO] [airplay] t_ms=91855630 receiver stage=mdns done
[INFO] [airplay] t_ms=91855630 integration stage=receiver done
[INFO] [airplay] integration started port=7000 discovery=1
[INFO] [iptv] background-network suspended=0 quiesced=1
[INFO] [airplay] t_ms=91855630 mdns worker announce done
[INFO] [protocol-coordinator] revision=15->19 state=ready->ready iptv=running->running dlna=running->running airplay=stopped->running owner=none->none token=0 generation=0 pin_visible=0 resource=dlna-exclusive->home desired=home transition=0 failed=0 discovery_suspended=0->0 airplay_running=1 airplay_starting=0 status=Ready for AirPlay video
[INFO] [player-libmpv] end-file uri=<URL_REDACTED> reason=stop error=success
[INFO] [media-trace] seq=1 t_ms=16273 layer=libmpv action=mpv-end-file phase=event url_hash=a7884408 detail=stop url=<URL_REDACTED>
[INFO] [runtime-heartbeat] t_ms=91856453 frame=2878 view=home player_state=stopped media=1 return_home_pending=0 protocol_state=ready owner=none generation=0 resource_desired=home resource_applied=home resource_transition=0 resource_failed=0 resource_age_ms=0 iptv_background=0,0 discovery_suspended=0 service_workers=0,0,0 service_age_ms=47654,47650,823 media_queue=0 media_high=1 media_command=0 media_kind=0 media_producer=0 media_token=0 media_generation=0 media_command_age_ms=0 media_heartbeat_age_ms=6 media_full=0 media_stale=0 media_timeout=0 media_coalesced=0 media_accepting=1 media_lifecycle=0,1,0,1 log_queue=0 enqueued=329 processed=329 log_high=44 log_heartbeat_age_ms=756 log_waiting=1 queue_dropped=0 mirror_dropped=0 mirror_failures=0 mirror=1 worker=1 mdns_phase=waiting mdns_mode=0 mdns_running=1 mdns_suspended=0 ssdp_suspended=0 mdns_socket=1 mdns_heartbeat_age_ms=135 mdns_select=6 mdns_recv=3 mdns_sent=6
[INFO] [network-heartbeat] threshold_ms=1500 mdns=fd:1,active:1,oldest:select/135,total:227,max:201,error:0/none,hb:135,overflow:0,underflow:0 ssdp=fd:1,active:1,oldest:select/41,total:610,max:101,error:0/none,hb:41,overflow:0,underflow:0 dlna-http=fd:1,active:1,oldest:select/37,total:627,max:256,error:0/none,hb:37,overflow:0,underflow:0 airplay-control=fd:1,active:1,oldest:select/25,total:318,max:238,error:0/none,hb:25,overflow:0,underflow:0 iptv-background=fd:0,active:0,oldest:none/0,total:0,max:0,error:0/none,hb:0,overflow:0,underflow:0
[INFO] [ssdp] send packet to <IP_REDACTED>:6766 st=upnp:rootdevice bytes=283
[INFO] [ssdp] send packet to <IP_REDACTED>:6766 st=upnp:rootdevice bytes=283
[INFO] [ssdp] send packet to <IP_REDACTED>:6766 st=upnp:rootdevice bytes=283
[INFO] [runtime-heartbeat] t_ms=91858453 frame=2998 view=home player_state=stopped media=1 return_home_pending=0 protocol_state=ready owner=none generation=0 resource_desired=home resource_applied=home resource_transition=0 resource_failed=0 resource_age_ms=0 iptv_background=0,0 discovery_suspended=0 service_workers=0,0,0 service_age_ms=49654,49650,2823 media_queue=0 media_high=1 media_command=0 media_kind=0 media_producer=0 media_token=0 media_generation=0 media_command_age_ms=0 media_heartbeat_age_ms=5 media_full=0 media_stale=0 media_timeout=0 media_coalesced=0 media_accepting=1 media_lifecycle=0,1,0,1 log_queue=0 enqueued=334 processed=334 log_high=44 log_heartbeat_age_ms=994 log_waiting=1 queue_dropped=0 mirror_dropped=0 mirror_failures=0 mirror=1 worker=1 mdns_phase=waiting mdns_mode=0 mdns_running=1 mdns_suspended=0 ssdp_suspended=0 mdns_socket=1 mdns_heartbeat_age_ms=135 mdns_select=16 mdns_recv=3 mdns_sent=6
[INFO] [network-heartbeat] threshold_ms=1500 mdns=fd:1,active:1,oldest:select/135,total:237,max:201,error:0/none,hb:135,overflow:0,underflow:0 ssdp=fd:1,active:1,oldest:select/94,total:638,max:101,error:0/none,hb:94,overflow:0,underflow:0 dlna-http=fd:1,active:1,oldest:select/36,total:647,max:256,error:0/none,hb:36,overflow:0,underflow:0 airplay-control=fd:1,active:1,oldest:select/24,total:338,max:238,error:0/none,hb:24,overflow:0,underflow:0 iptv-background=fd:0,active:0,oldest:none/0,total:0,max:0,error:0/none,hb:0,overflow:0,underflow:0
[INFO] [soap] soap_call "AVTransport" "SetAVTransportURI" <InstanceID>0</InstanceID> <CurrentURI><URL_REDACTED></CurrentURI>
[INFO] [media-trace] seq=2 t_ms=0 action=SetAVTransportURI phase=begin url_hash=53388cd1 metadata_bytes=2084 url=<URL_REDACTED>
[INFO] [media-trace] seq=2 t_ms=0 layer=soap action=SetAVTransportURI phase=dispatch instance=0 url_hash=53388cd1 url=<URL_REDACTED>
[INFO] [protocol-coordinator] event=claim previous_owner=none previous_token=0 previous_generation=0 owner=dlna token=1 generation=3
[INFO] [protocol-coordinator] revision=19->22 state=ready->media-active iptv=running->running dlna=running->running airplay=running->running owner=none->dlna token=1 generation=3 pin_visible=0 resource=home->home desired=dlna-exclusive transition=1 failed=0 discovery_suspended=0->0 airplay_running=1 airplay_starting=0 status=Ready for AirPlay video
[INFO] [iptv] background-network suspended=1 quiesced=1
[INFO] [protocol-coordinator] event=reject action=validate owner=none token=0 generation=0 current_owner=dlna current_token=1 current_generation=3 reason=stale-lease
[INFO] [protocol-coordinator] event=reject action=validate owner=none token=0 generation=0 current_owner=dlna current_token=1 current_generation=3 reason=stale-lease
[INFO] [media-trace] seq=2 t_ms=15 layer=player action=set_media phase=begin url_hash=53388cd1 url=<URL_REDACTED>
[INFO] [media-trace] seq=2 t_ms=15 layer=libmpv action=set_media phase=begin url_hash=53388cd1 detail=- url=<URL_REDACTED>
[INFO] [media-trace] seq=2 t_ms=15 layer=libmpv action=set_media phase=mutex-wait url_hash=53388cd1 detail=- url=<URL_REDACTED>
[INFO] [media-trace] seq=2 t_ms=15 layer=libmpv action=set_media phase=mutex-acquired url_hash=53388cd1 detail=- url=<URL_REDACTED>
[INFO] [media-trace] seq=2 t_ms=16 layer=libmpv action=loadfile phase=dispatch url_hash=53388cd1 detail=paused=1 profile=direct-mp4-fast url=<URL_REDACTED>
[INFO] [media-trace] seq=2 t_ms=16 layer=libmpv action=loadfile phase=queued url_hash=53388cd1 detail=paused=1 profile=direct-mp4-fast url=<URL_REDACTED>
[INFO] [media-trace] seq=2 t_ms=16 layer=libmpv action=set_media phase=done url_hash=53388cd1 detail=- url=<URL_REDACTED>
[INFO] [media-trace] seq=2 t_ms=16 layer=player action=set_media phase=done url_hash=53388cd1 url=<URL_REDACTED>
[INFO] [media-trace] seq=2 t_ms=16 layer=libmpv action=mpv-start-file phase=event url_hash=53388cd1 detail=- url=<URL_REDACTED>
[INFO] [player-libmpv] start-file uri=<URL_REDACTED>
[INFO] [media-trace] seq=2 t_ms=16 layer=soap action=SetAVTransportURI phase=done url_hash=53388cd1 url=<URL_REDACTED>
[INFO] [soap] assert_http_200 service=AVTransport action=SetAVTransportURI handler=avtransport_set_uri
[INFO] [protocol-coordinator] revision=22->25 state=media-active->media-active iptv=running->running dlna=running->running airplay=running->stopped owner=dlna->dlna token=1 generation=3 pin_visible=0 resource=home->dlna-exclusive desired=dlna-exclusive transition=0 failed=0 discovery_suspended=0->0 airplay_running=0 airplay_starting=0 status=none
[INFO] [player-view] desired_view=video state=LOADING has_media=1 uri=<URL_REDACTED>
[INFO] [player-view] active_view=video frame=3026
[INFO] [input] active_view=video state=loading media=1 snapshot=1
[INFO] [soap] soap_call "AVTransport" "Play" <InstanceID>0</InstanceID> <Speed>1</Speed>
[INFO] [media-trace] seq=2 t_ms=31 layer=soap action=Play phase=begin url_hash=53388cd1 detail=1 url=<URL_REDACTED>
[INFO] [media-trace] seq=2 t_ms=31 layer=player action=Play phase=backend-call-begin url_hash=53388cd1 detail=-
[INFO] [media-trace] seq=2 t_ms=31 layer=libmpv action=Play phase=mutex-wait url_hash=53388cd1 detail=- url=<URL_REDACTED>
[INFO] [media-trace] seq=2 t_ms=31 layer=libmpv action=Play phase=mutex-acquired url_hash=53388cd1 detail=- url=<URL_REDACTED>
[INFO] [media-trace] seq=2 t_ms=31 layer=libmpv action=Play phase=deferred url_hash=53388cd1 detail=waiting-file-loaded url=<URL_REDACTED>
[INFO] [media-trace] seq=2 t_ms=31 layer=player action=Play phase=backend-call-done url_hash=53388cd1 detail=ok
[INFO] [media-trace] seq=2 t_ms=31 layer=player action=Play phase=snapshot-refresh-begin url_hash=53388cd1 detail=-
[INFO] [media-trace] seq=2 t_ms=31 layer=player action=Play phase=snapshot-refresh-done url_hash=53388cd1 detail=-
[INFO] [media-trace] seq=2 t_ms=31 layer=player action=Play phase=backend-wakeup-begin url_hash=53388cd1 detail=-
[INFO] [media-trace] seq=2 t_ms=31 layer=player action=Play phase=backend-wakeup-done url_hash=53388cd1 detail=-
[INFO] [media-trace] seq=2 t_ms=31 layer=soap action=Play phase=done url_hash=53388cd1 detail=1 url=<URL_REDACTED>
[INFO] [soap] assert_http_200 service=AVTransport action=Play handler=avtransport_play
[INFO] [soap] soap_call "AVTransport" "GetPositionInfo" <InstanceID>0</InstanceID>
[INFO] [soap] assert_http_200 service=AVTransport action=GetPositionInfo handler=avtransport_get_position_info
[INFO] [soap] soap_call "AVTransport" "GetTransportInfo" <InstanceID>0</InstanceID>
[INFO] [soap] assert_http_200 service=AVTransport action=GetTransportInfo handler=avtransport_get_transport_info
[INFO] [soap] soap_call "AVTransport" "GetPositionInfo" <InstanceID>0</InstanceID>
[INFO] [soap] assert_http_200 service=AVTransport action=GetPositionInfo handler=avtransport_get_position_info
[INFO] [soap] soap_call "AVTransport" "GetTransportInfo" <InstanceID>0</InstanceID>
[INFO] [dlna-control] event=session-armed polls=4 last_poll_ms=91859952
[INFO] [soap] assert_http_200 service=AVTransport action=GetTransportInfo handler=avtransport_get_transport_info
[INFO] [runtime-heartbeat] t_ms=91860453 frame=3118 view=video player_state=loading media=1 return_home_pending=0 protocol_state=media-active owner=dlna generation=3 resource_desired=dlna-exclusive resource_applied=dlna-exclusive resource_transition=0 resource_failed=0 resource_age_ms=0 iptv_background=1,0 discovery_suspended=0 service_workers=0,0,0 service_age_ms=51654,51650,1531 media_queue=0 media_high=1 media_command=0 media_kind=0 media_producer=0 media_token=0 media_generation=0 media_command_age_ms=0 media_heartbeat_age_ms=5 media_full=0 media_stale=0 media_timeout=0 media_coalesced=0 media_accepting=1 media_lifecycle=0,1,0,1 log_queue=0 enqueued=382 processed=382 log_high=44 log_heartbeat_age_ms=502 log_waiting=1 queue_dropped=0 mirror_dropped=0 mirror_failures=0 mirror=1 worker=1 mdns_phase=stopped mdns_mode=0 mdns_running=0 mdns_suspended=0 ssdp_suspended=0 mdns_socket=0 mdns_heartbeat_age_ms=1533 mdns_select=20 mdns_recv=3 mdns_sent=8
[INFO] [network-heartbeat] threshold_ms=1500 mdns=fd:0,active:0,oldest:none/0,total:242,max:201,error:0/none,hb:1532,overflow:0,underflow:0 ssdp=fd:1,active:1,oldest:select/27,total:741,max:101,error:0/none,hb:27,overflow:0,underflow:0 dlna-http=fd:1,active:1,oldest:select/1,total:689,max:256,error:0/none,hb:1,overflow:0,underflow:0 airplay-control=fd:0,active:0,oldest:none/0,total:342,max:238,error:0/none,hb:1532,overflow:0,underflow:0 iptv-background=fd:0,active:0,oldest:none/0,total:0,max:0,error:0/none,hb:0,overflow:0,underflow:0
[INFO] [soap] soap_call "AVTransport" "GetPositionInfo" <InstanceID>0</InstanceID>
[INFO] [soap] assert_http_200 service=AVTransport action=GetPositionInfo handler=avtransport_get_position_info
[INFO] [soap] soap_call "AVTransport" "GetTransportInfo" <InstanceID>0</InstanceID>
[INFO] [soap] assert_http_200 service=AVTransport action=GetTransportInfo handler=avtransport_get_transport_info
[INFO] [soap] soap_call "AVTransport" "GetPositionInfo" <InstanceID>0</InstanceID>
[INFO] [soap] assert_http_200 service=AVTransport action=GetPositionInfo handler=avtransport_get_position_info
[INFO] [soap] soap_call "AVTransport" "GetTransportInfo" <InstanceID>0</InstanceID>
[INFO] [soap] assert_http_200 service=AVTransport action=GetTransportInfo handler=avtransport_get_transport_info
[INFO] [runtime-heartbeat] t_ms=91862453 frame=3238 view=video player_state=loading media=1 return_home_pending=0 protocol_state=media-active owner=dlna generation=3 resource_desired=dlna-exclusive resource_applied=dlna-exclusive resource_transition=0 resource_failed=0 resource_age_ms=0 iptv_background=1,0 discovery_suspended=0 service_workers=0,0,0 service_age_ms=53654,53650,3531 media_queue=0 media_high=1 media_command=0 media_kind=0 media_producer=0 media_token=0 media_generation=0 media_command_age_ms=0 media_heartbeat_age_ms=3 media_full=0 media_stale=0 media_timeout=0 media_coalesced=0 media_accepting=1 media_lifecycle=0,1,0,1 log_queue=0 enqueued=392 processed=392 log_high=44 log_heartbeat_age_ms=495 log_waiting=1 queue_dropped=0 mirror_dropped=0 mirror_failures=0 mirror=1 worker=1 mdns_phase=stopped mdns_mode=0 mdns_running=0 mdns_suspended=0 ssdp_suspended=0 mdns_socket=0 mdns_heartbeat_age_ms=3532 mdns_select=20 mdns_recv=3 mdns_sent=8
[INFO] [network-heartbeat] threshold_ms=1500 mdns=fd:0,active:0,oldest:none/0,total:242,max:201,error:0/none,hb:3532,overflow:0,underflow:0 ssdp=fd:1,active:1,oldest:select/26,total:761,max:101,error:0/none,hb:26,overflow:0,underflow:0 dlna-http=fd:1,active:1,oldest:select/95,total:722,max:256,error:0/none,hb:95,overflow:0,underflow:0 airplay-control=fd:0,active:0,oldest:none/0,total:342,max:238,error:0/none,hb:3532,overflow:0,underflow:0 iptv-background=fd:0,active:0,oldest:none/0,total:0,max:0,error:0/none,hb:0,overflow:0,underflow:0
[INFO] [soap] soap_call "AVTransport" "GetPositionInfo" <InstanceID>0</InstanceID>
[INFO] [soap] assert_http_200 service=AVTransport action=GetPositionInfo handler=avtransport_get_position_info
[INFO] [soap] soap_call "AVTransport" "GetTransportInfo" <InstanceID>0</InstanceID>
[INFO] [soap] assert_http_200 service=AVTransport action=GetTransportInfo handler=avtransport_get_transport_info
[INFO] [player-libmpv][cplayer]  (+) Video --vid=1 (*) (h264 1280x720 30.000fps)
[INFO] [player-libmpv][cplayer]  (+) Audio --aid=1 (*) (aac 2ch 44100Hz)
[INFO] [player-libmpv][display-tags] File tags:
[INFO] [player-libmpv][display-tags]  Description: Bilibili VXCode Swarm Transcoder v1.3.38
[INFO] [media-trace] seq=2 t_ms=4756 layer=libmpv action=mpv-file-loaded phase=event url_hash=53388cd1 detail=- url=<URL_REDACTED>
[INFO] [player-libmpv] file-loaded uri=<URL_REDACTED>
[INFO] [media-trace] seq=2 t_ms=4756 layer=libmpv action=Play phase=dispatch url_hash=53388cd1 detail=file-loaded-autoplay url=<URL_REDACTED>
[INFO] [player-libmpv][vd] Using hardware decoding (nvtegra).
[INFO] [player-libmpv][cplayer] AO: [hos] 44100Hz stereo 2ch s16
[INFO] [player-libmpv][cplayer] VO: [libmpv] 1280x720 nvtegra[nv12]
[INFO] [media-trace] seq=2 t_ms=4995 layer=libmpv action=mpv-playback-restart phase=event url_hash=53388cd1 detail=- url=<URL_REDACTED>
[INFO] [media-trace] seq=2 t_ms=4995 layer=libmpv action=startup-gate phase=seek-window url_hash=53388cd1 detail=open url=<URL_REDACTED>
[INFO] [soap] soap_call "AVTransport" "GetTransportInfo" <InstanceID>0</InstanceID>
[INFO] [soap] assert_http_200 service=AVTransport action=GetTransportInfo handler=avtransport_get_transport_info
[INFO] [soap] soap_call "AVTransport" "GetPositionInfo" <InstanceID>0</InstanceID>
[INFO] [soap] assert_http_200 service=AVTransport action=GetPositionInfo handler=avtransport_get_position_info
[INFO] [media-trace] seq=2 t_ms=5350 layer=libmpv action=startup-gate phase=released url_hash=53388cd1 detail=initial-seek-window-expired url=<URL_REDACTED>
[INFO] [media-trace] seq=2 t_ms=5442 layer=render action=first-frame phase=presented url_hash=53388cd1 frame=3346 presented=3346
[INFO] [runtime-heartbeat] t_ms=91864483 frame=3354 view=video player_state=playing media=1 return_home_pending=0 protocol_state=media-active owner=dlna generation=3 resource_desired=dlna-exclusive resource_applied=dlna-exclusive resource_transition=0 resource_failed=0 resource_age_ms=0 iptv_background=1,0 discovery_suspended=0 service_workers=0,0,0 service_age_ms=55685,55681,5562 media_queue=0 media_high=1 media_command=0 media_kind=0 media_producer=0 media_token=0 media_generation=0 media_command_age_ms=0 media_heartbeat_age_ms=9 media_full=0 media_stale=0 media_timeout=0 media_coalesced=0 media_accepting=1 media_lifecycle=0,1,0,1 log_queue=0 enqueued=416 processed=416 log_high=44 log_heartbeat_age_ms=133 log_waiting=1 queue_dropped=0 mirror_dropped=0 mirror_failures=0 mirror=1 worker=1 mdns_phase=stopped mdns_mode=0 mdns_running=0 mdns_suspended=0 ssdp_suspended=0 mdns_socket=0 mdns_heartbeat_age_ms=5563 mdns_select=20 mdns_recv=3 mdns_sent=8
[INFO] [network-heartbeat] threshold_ms=1500 mdns=fd:0,active:0,oldest:none/0,total:242,max:201,error:0/none,hb:5562,overflow:0,underflow:0 ssdp=fd:1,active:1,oldest:select/55,total:781,max:101,error:0/none,hb:55,overflow:0,underflow:0 dlna-http=fd:1,active:1,oldest:select/30,total:757,max:256,error:0/none,hb:30,overflow:0,underflow:0 airplay-control=fd:0,active:0,oldest:none/0,total:342,max:238,error:0/none,hb:5562,overflow:0,underflow:0 iptv-background=fd:0,active:0,oldest:none/0,total:0,max:0,error:0/none,hb:0,overflow:0,underflow:0
[INFO] [soap] soap_call "AVTransport" "GetTransportInfo" <InstanceID>0</InstanceID>
[INFO] [soap] assert_http_200 service=AVTransport action=GetTransportInfo handler=avtransport_get_transport_info
[INFO] [soap] soap_call "AVTransport" "GetPositionInfo" <InstanceID>0</InstanceID>
[INFO] [soap] assert_http_200 service=AVTransport action=GetPositionInfo handler=avtransport_get_position_info
[INFO] [soap] soap_call "AVTransport" "Seek" <InstanceID>0</InstanceID> <Unit>REL_TIME</Unit> <Target>0:00:05</Target>
[INFO] [media-trace] seq=2 t_ms=6058 layer=soap action=Seek phase=begin url_hash=53388cd1 detail=00:00:05 url=<URL_REDACTED>
[INFO] [media-trace] seq=2 t_ms=6058 layer=libmpv action=Seek phase=dispatch url_hash=53388cd1 detail=5.000 url=<URL_REDACTED>
[INFO] [media-trace] seq=2 t_ms=6058 layer=soap action=Seek phase=done url_hash=53388cd1 detail=00:00:05 url=<URL_REDACTED>
[INFO] [soap] assert_http_200 service=AVTransport action=Seek handler=avtransport_seek
[INFO] [soap] soap_call "AVTransport" "GetPositionInfo" <InstanceID>0</InstanceID>
[INFO] [soap] assert_http_200 service=AVTransport action=GetPositionInfo handler=avtransport_get_position_info
[INFO] [soap] soap_call "AVTransport" "GetTransportInfo" <InstanceID>0</InstanceID>
[INFO] [soap] assert_http_200 service=AVTransport action=GetTransportInfo handler=avtransport_get_transport_info
[INFO] [media-trace] seq=2 t_ms=7163 layer=libmpv action=mpv-playback-restart phase=event url_hash=53388cd1 detail=- url=<URL_REDACTED>
[INFO] [runtime-heartbeat] t_ms=91866513 frame=3450 view=video player_state=playing media=1 return_home_pending=0 protocol_state=media-active owner=dlna generation=3 resource_desired=dlna-exclusive resource_applied=dlna-exclusive resource_transition=0 resource_failed=0 resource_age_ms=0 iptv_background=1,0 discovery_suspended=0 service_workers=0,0,0 service_age_ms=57714,57710,7591 media_queue=0 media_high=1 media_command=0 media_kind=0 media_producer=0 media_token=0 media_generation=0 media_command_age_ms=0 media_heartbeat_age_ms=4 media_full=0 media_stale=0 media_timeout=0 media_coalesced=0 media_accepting=1 media_lifecycle=0,1,0,1 log_queue=0 enqueued=432 processed=432 log_high=44 log_heartbeat_age_ms=442 log_waiting=1 queue_dropped=0 mirror_dropped=0 mirror_failures=0 mirror=1 worker=1 mdns_phase=stopped mdns_mode=0 mdns_running=0 mdns_suspended=0 ssdp_suspended=0 mdns_socket=0 mdns_heartbeat_age_ms=7593 mdns_select=20 mdns_recv=3 mdns_sent=8
[INFO] [network-heartbeat] threshold_ms=1500 mdns=fd:0,active:0,oldest:none/0,total:242,max:201,error:0/none,hb:7592,overflow:0,underflow:0 ssdp=fd:1,active:1,oldest:select/84,total:801,max:101,error:0/none,hb:84,overflow:0,underflow:0 dlna-http=fd:1,active:1,oldest:select/59,total:795,max:256,error:0/none,hb:59,overflow:0,underflow:0 airplay-control=fd:0,active:0,oldest:none/0,total:342,max:238,error:0/none,hb:7592,overflow:0,underflow:0 iptv-background=fd:0,active:0,oldest:none/0,total:0,max:0,error:0/none,hb:0,overflow:0,underflow:0
[INFO] [soap] soap_call "AVTransport" "GetTransportInfo" <InstanceID>0</InstanceID>
[INFO] [soap] assert_http_200 service=AVTransport action=GetTransportInfo handler=avtransport_get_transport_info
[INFO] [soap] soap_call "AVTransport" "GetPositionInfo" <InstanceID>0</InstanceID>
[INFO] [soap] assert_http_200 service=AVTransport action=GetPositionInfo handler=avtransport_get_position_info
[INFO] [soap] soap_call "AVTransport" "GetTransportInfo" <InstanceID>0</InstanceID>
[INFO] [soap] assert_http_200 service=AVTransport action=GetTransportInfo handler=avtransport_get_transport_info
[INFO] [soap] soap_call "AVTransport" "GetPositionInfo" <InstanceID>0</InstanceID>
[INFO] [soap] assert_http_200 service=AVTransport action=GetPositionInfo handler=avtransport_get_position_info
[INFO] [runtime-heartbeat] t_ms=91868543 frame=3520 view=video player_state=playing media=1 return_home_pending=0 protocol_state=media-active owner=dlna generation=3 resource_desired=dlna-exclusive resource_applied=dlna-exclusive resource_transition=0 resource_failed=0 resource_age_ms=0 iptv_background=1,0 discovery_suspended=0 service_workers=0,0,0 service_age_ms=59744,59740,9621 media_queue=0 media_high=1 media_command=0 media_kind=0 media_producer=0 media_token=0 media_generation=0 media_command_age_ms=0 media_heartbeat_age_ms=7 media_full=0 media_stale=0 media_timeout=0 media_coalesced=0 media_accepting=1 media_lifecycle=0,1,0,1 log_queue=0 enqueued=442 processed=442 log_high=44 log_heartbeat_age_ms=589 log_waiting=1 queue_dropped=0 mirror_dropped=0 mirror_failures=0 mirror=1 worker=1 mdns_phase=stopped mdns_mode=0 mdns_running=0 mdns_suspended=0 ssdp_suspended=0 mdns_socket=0 mdns_heartbeat_age_ms=9622 mdns_select=20 mdns_recv=3 mdns_sent=8
[INFO] [network-heartbeat] threshold_ms=1500 mdns=fd:0,active:0,oldest:none/0,total:242,max:201,error:0/none,hb:9621,overflow:0,underflow:0 ssdp=fd:1,active:1,oldest:select/11,total:822,max:101,error:0/none,hb:11,overflow:0,underflow:0 dlna-http=fd:1,active:1,oldest:select/89,total:830,max:256,error:0/none,hb:89,overflow:0,underflow:0 airplay-control=fd:0,active:0,oldest:none/0,total:342,max:238,error:0/none,hb:9622,overflow:0,underflow:0 iptv-background=fd:0,active:0,oldest:none/0,total:0,max:0,error:0/none,hb:0,overflow:0,underflow:0
[INFO] [soap] soap_call "AVTransport" "GetTransportInfo" <InstanceID>0</InstanceID>
[INFO] [soap] assert_http_200 service=AVTransport action=GetTransportInfo handler=avtransport_get_transport_info
[INFO] [soap] soap_call "AVTransport" "GetPositionInfo" <InstanceID>0</InstanceID>
[INFO] [soap] assert_http_200 service=AVTransport action=GetPositionInfo handler=avtransport_get_position_info
[INFO] [ssdp] send packet to <IP_REDACTED>:3103 st=upnp:rootdevice bytes=283
[INFO] [ssdp] send packet to <IP_REDACTED>:3103 st=upnp:rootdevice bytes=283
[INFO] [ssdp] send packet to <IP_REDACTED>:3103 st=upnp:rootdevice bytes=283
[INFO] [soap] soap_call "AVTransport" "GetPositionInfo" <InstanceID>0</InstanceID>
[INFO] [soap] assert_http_200 service=AVTransport action=GetPositionInfo handler=avtransport_get_position_info
[INFO] [soap] soap_call "AVTransport" "GetTransportInfo" <InstanceID>0</InstanceID>
[INFO] [soap] assert_http_200 service=AVTransport action=GetTransportInfo handler=avtransport_get_transport_info
[INFO] [runtime-heartbeat] t_ms=91870547 frame=3587 view=video player_state=playing media=1 return_home_pending=0 protocol_state=media-active owner=dlna generation=3 resource_desired=dlna-exclusive resource_applied=dlna-exclusive resource_transition=0 resource_failed=0 resource_age_ms=0 iptv_background=1,0 discovery_suspended=0 service_workers=0,0,0 service_age_ms=61748,61744,11625 media_queue=0 media_high=1 media_command=0 media_kind=0 media_producer=0 media_token=0 media_generation=0 media_command_age_ms=0 media_heartbeat_age_ms=2 media_full=0 media_stale=0 media_timeout=0 media_coalesced=0 media_accepting=1 media_lifecycle=0,1,0,1 log_queue=0 enqueued=455 processed=455 log_high=44 log_heartbeat_age_ms=598 log_waiting=1 queue_dropped=0 mirror_dropped=0 mirror_failures=0 mirror=1 worker=1 mdns_phase=stopped mdns_mode=0 mdns_running=0 mdns_suspended=0 ssdp_suspended=0 mdns_socket=0 mdns_heartbeat_age_ms=11627 mdns_select=20 mdns_recv=3 mdns_sent=8
[INFO] [network-heartbeat] threshold_ms=1500 mdns=fd:0,active:0,oldest:none/0,total:242,max:201,error:0/none,hb:11626,overflow:0,underflow:0 ssdp=fd:1,active:1,oldest:select/5,total:863,max:101,error:0/none,hb:5,overflow:0,underflow:0 dlna-http=fd:1,active:1,oldest:select/96,total:864,max:256,error:0/none,hb:96,overflow:0,underflow:0 airplay-control=fd:0,active:0,oldest:none/0,total:342,max:238,error:0/none,hb:11626,overflow:0,underflow:0 iptv-background=fd:0,active:0,oldest:none/0,total:0,max:0,error:0/none,hb:0,overflow:0,underflow:0
[INFO] [soap] soap_call "AVTransport" "GetPositionInfo" <InstanceID>0</InstanceID>
[INFO] [soap] assert_http_200 service=AVTransport action=GetPositionInfo handler=avtransport_get_position_info
[INFO] [soap] soap_call "AVTransport" "GetTransportInfo" <InstanceID>0</InstanceID>
[INFO] [soap] assert_http_200 service=AVTransport action=GetTransportInfo handler=avtransport_get_transport_info
[INFO] [soap] soap_call "AVTransport" "GetPositionInfo" <InstanceID>0</InstanceID>
[INFO] [soap] assert_http_200 service=AVTransport action=GetPositionInfo handler=avtransport_get_position_info
[INFO] [soap] soap_call "AVTransport" "GetTransportInfo" <InstanceID>0</InstanceID>
[INFO] [soap] assert_http_200 service=AVTransport action=GetTransportInfo handler=avtransport_get_transport_info
[INFO] [soap] soap_call "AVTransport" "Stop" <InstanceID>0</InstanceID>
[INFO] [media-trace] seq=2 t_ms=13411 layer=soap action=Stop phase=begin url_hash=53388cd1 detail=- url=<URL_REDACTED>
[INFO] [media-trace] seq=2 t_ms=13411 layer=player action=Stop phase=backend-call-begin url_hash=53388cd1 detail=-
[INFO] [media-trace] seq=2 t_ms=13411 layer=libmpv action=Stop phase=mutex-wait url_hash=53388cd1 detail=- url=<URL_REDACTED>
[INFO] [media-trace] seq=2 t_ms=13412 layer=libmpv action=Stop phase=mutex-acquired url_hash=53388cd1 detail=- url=<URL_REDACTED>
[INFO] [media-trace] seq=2 t_ms=13412 layer=libmpv action=Stop phase=dispatch url_hash=53388cd1 detail=- url=<URL_REDACTED>
[INFO] [media-trace] seq=2 t_ms=13412 layer=player action=Stop phase=backend-call-done url_hash=53388cd1 detail=ok
[INFO] [media-trace] seq=2 t_ms=13412 layer=player action=Stop phase=snapshot-refresh-begin url_hash=53388cd1 detail=-
[INFO] [media-trace] seq=2 t_ms=13412 layer=player action=Stop phase=snapshot-refresh-done url_hash=53388cd1 detail=-
[INFO] [media-trace] seq=2 t_ms=13412 layer=player action=Stop phase=backend-wakeup-begin url_hash=53388cd1 detail=-
[INFO] [media-trace] seq=2 t_ms=13412 layer=player action=Stop phase=backend-wakeup-done url_hash=53388cd1 detail=-
[INFO] [protocol-coordinator] event=release action=release owner=dlna token=1 generation=3 reason=completed
[INFO] [media-trace] seq=2 t_ms=13412 layer=soap action=Stop phase=done url_hash=53388cd1 detail=- url=<URL_REDACTED>
[INFO] [soap] assert_http_200 service=AVTransport action=Stop handler=avtransport_stop
[INFO] [protocol-coordinator] revision=25->28 state=media-active->ready iptv=running->running dlna=running->running airplay=stopped->stopped owner=dlna->none token=0 generation=0 pin_visible=0 resource=dlna-exclusive->dlna-exclusive desired=home transition=1 failed=0 discovery_suspended=0->0 airplay_running=0 airplay_starting=0 status=none
[INFO] [return-home] phase=request t_ms=91872320 playback_active=0 state=stopped media=1
[INFO] [return-home] phase=show-home begin reason=no-active-media
[INFO] [player-view] manual navigation target=home state=PLAYING
[INFO] [return-home] phase=show-home done ok=1 reason=no-active-media
[INFO] [dlna-control] event=return-home reason=explicit-stop ok=1 stop=0 polls=0 poll_age_ms=91872320 state=stopped
[INFO] [player-view] active_view=home frame=3648
[INFO] [input] active_view=home state=stopped media=1 snapshot=1
[INFO] [airplay] t_ms=91872320 integration stage=ed25519 begin
[INFO] [airplay] t_ms=91872321 integration stage=ed25519 done
[INFO] [airplay] t_ms=91872321 integration stage=mirror-runtime begin
[INFO] [airplay] t_ms=91872321 integration stage=mirror-runtime done
[INFO] [airplay] t_ms=91872321 integration stage=remote-video begin
[INFO] [airplay] t_ms=91872321 integration stage=remote-video done
[INFO] [airplay] t_ms=91872321 integration stage=receiver begin
[INFO] [airplay] t_ms=91872321 receiver stage=pairing-identity begin
[INFO] [protocol-coordinator] revision=28->29 state=ready->ready iptv=running->running dlna=running->running airplay=stopped->starting owner=none->none token=0 generation=0 pin_visible=0 resource=dlna-exclusive->dlna-exclusive desired=home transition=1 failed=0 discovery_suspended=0->0 airplay_running=0 airplay_starting=0 status=none
[INFO] [airplay] t_ms=91872329 receiver stage=pairing-identity done
[INFO] [airplay] t_ms=91872329 receiver stage=dns-sd-txt begin
[INFO] [airplay] t_ms=91872329 receiver stage=dns-sd-txt done
[INFO] [airplay] t_ms=91872329 receiver stage=handlers begin
[INFO] [airplay] t_ms=91872329 handlers stage=validate begin
[INFO] [airplay] t_ms=91872329 handlers stage=validate done
[INFO] [airplay] t_ms=91872329 handlers stage=allocate begin bytes=792
[INFO] [airplay] t_ms=91872329 handlers stage=allocate done
[INFO] [airplay] t_ms=91872329 handlers stage=copy begin txt_bytes=214
[INFO] [airplay] t_ms=91872329 handlers stage=copy done
[INFO] [airplay] t_ms=91872329 receiver stage=handlers done
[INFO] [airplay] t_ms=91872329 receiver stage=control-server begin
[INFO] [airplay-server] listening on :7000
[INFO] [airplay] t_ms=91872330 receiver stage=control-server done port=7000
[INFO] [airplay] t_ms=91872330 receiver stage=lifecycle begin
[INFO] [airplay] t_ms=91872330 receiver stage=lifecycle done
[INFO] [airplay] t_ms=91872330 receiver stage=mdns begin
[INFO] [airplay] t_ms=91872330 mdns stage=local-address begin
[INFO] [airplay] t_ms=91872332 mdns stage=local-address done
[INFO] [airplay-mdns] local-address=<IP_REDACTED>
[INFO] [airplay] t_ms=91872332 mdns stage=service-record begin
[INFO] [airplay] t_ms=91872332 mdns stage=service-record done
[INFO] [airplay] t_ms=91872332 mdns stage=socket begin
[INFO] [airplay] t_ms=91872332 mdns socket stage=create begin
[INFO] [airplay] t_ms=91872332 mdns socket stage=create done fd=8
[INFO] [airplay] t_ms=91872332 mdns socket stage=bind begin port=5353
[INFO] [airplay] t_ms=91872332 mdns socket stage=bind done
[INFO] [airplay] t_ms=91872332 mdns socket stage=multicast-join begin
[INFO] [airplay] t_ms=91872332 mdns socket stage=multicast-join done
[INFO] [airplay] t_ms=91872333 mdns stage=socket done
[INFO] [airplay] t_ms=91872333 mdns stage=thread begin
[INFO] [airplay] t_ms=91872333 mdns thread-create begin stack=65536
[INFO] [airplay] t_ms=91872333 mdns thread-create done rc=0x00000000
[INFO] [airplay] t_ms=91872333 mdns thread-start begin
[INFO] [airplay] t_ms=91872333 mdns worker entered
[INFO] [airplay] t_ms=91872333 mdns worker mode=0 priority=0x2b
[INFO] [airplay] t_ms=91872333 mdns worker announce begin
[INFO] [airplay] t_ms=91872333 mdns thread-start done rc=0x00000000
[INFO] [airplay] t_ms=91872333 mdns stage=thread done
[INFO] [airplay-mdns] started airplay=NX-Cast raop=<IDENTIFIER_REDACTED>@NX-Cast port=7000 features=0x5A7FFEE6,0x0
[INFO] [airplay-mdns] started airplay=NX-Cast raop=<IDENTIFIER_REDACTED>@NX-Cast port=7000 features=0x5A7FFEE6,0x0
[INFO] [airplay] t_ms=91872333 receiver stage=mdns done
[INFO] [airplay] t_ms=91872333 integration stage=receiver done
[INFO] [airplay] integration started port=7000 discovery=1
[INFO] [iptv] background-network suspended=0 quiesced=1
[INFO] [airplay] t_ms=91872333 mdns worker announce done
[INFO] [protocol-coordinator] revision=29->32 state=ready->ready iptv=running->running dlna=running->running airplay=starting->running owner=none->none token=0 generation=0 pin_visible=0 resource=dlna-exclusive->home desired=home transition=0 failed=0 discovery_suspended=0->0 airplay_running=1 airplay_starting=0 status=Ready for AirPlay video
[WARN] [player-libmpv][ffmpeg/demuxer] mov,mp4,m4a,3gp,3g2,mj2: Packet corrupt (stream = 0, dts = 388267).
[ERROR] [player-libmpv][ffmpeg] NULL: Invalid NAL unit size (3331 > 2495).
[ERROR] [player-libmpv][ffmpeg] NULL: missing picture in access unit with size 2499
[INFO] [player-libmpv] end-file uri=<URL_REDACTED> reason=stop error=success
[INFO] [media-trace] seq=2 t_ms=13586 layer=libmpv action=mpv-end-file phase=event url_hash=53388cd1 detail=stop url=<URL_REDACTED>
[INFO] [runtime-heartbeat] t_ms=91872554 frame=3664 view=home player_state=stopped media=1 return_home_pending=0 protocol_state=ready owner=none generation=0 resource_desired=home resource_applied=home resource_transition=0 resource_failed=0 resource_age_ms=0 iptv_background=0,0 discovery_suspended=0 service_workers=0,0,0 service_age_ms=63755,63751,221 media_queue=0 media_high=1 media_command=0 media_kind=0 media_producer=0 media_token=0 media_generation=0 media_command_age_ms=0 media_heartbeat_age_ms=10 media_full=0 media_stale=0 media_timeout=0 media_coalesced=0 media_accepting=1 media_lifecycle=0,1,0,1 log_queue=0 enqueued=548 processed=548 log_high=51 log_heartbeat_age_ms=60 log_waiting=1 queue_dropped=0 mirror_dropped=0 mirror_failures=0 mirror=1 worker=1 mdns_phase=waiting mdns_mode=0 mdns_running=1 mdns_suspended=0 ssdp_suspended=0 mdns_socket=1 mdns_heartbeat_age_ms=21 mdns_select=1 mdns_recv=0 mdns_sent=2
[INFO] [network-heartbeat] threshold_ms=1500 mdns=fd:1,active:1,oldest:select/21,total:249,max:201,error:0/none,hb:21,overflow:0,underflow:0 ssdp=fd:1,active:1,oldest:select/59,total:884,max:102,error:0/none,hb:59,overflow:0,underflow:0 dlna-http=fd:1,active:1,oldest:select/34,total:905,max:256,error:0/none,hb:34,overflow:0,underflow:0 airplay-control=fd:1,active:1,oldest:select/23,total:346,max:238,error:0/none,hb:23,overflow:0,underflow:0 iptv-background=fd:0,active:0,oldest:none/0,total:0,max:0,error:0/none,hb:0,overflow:0,underflow:0
[INFO] [runtime-heartbeat] t_ms=91874570 frame=3785 view=home player_state=stopped media=1 return_home_pending=0 protocol_state=ready owner=none generation=0 resource_desired=home resource_applied=home resource_transition=0 resource_failed=0 resource_age_ms=0 iptv_background=0,0 discovery_suspended=0 service_workers=0,0,0 service_age_ms=65771,65767,2237 media_queue=0 media_high=1 media_command=0 media_kind=0 media_producer=0 media_token=0 media_generation=0 media_command_age_ms=0 media_heartbeat_age_ms=5 media_full=0 media_stale=0 media_timeout=0 media_coalesced=0 media_accepting=1 media_lifecycle=0,1,0,1 log_queue=0 enqueued=550 processed=550 log_high=51 log_heartbeat_age_ms=2016 log_waiting=1 queue_dropped=0 mirror_dropped=0 mirror_failures=0 mirror=1 worker=1 mdns_phase=waiting mdns_mode=0 mdns_running=1 mdns_suspended=0 ssdp_suspended=0 mdns_socket=1 mdns_heartbeat_age_ms=132 mdns_select=13 mdns_recv=3 mdns_sent=4
[INFO] [network-heartbeat] threshold_ms=1500 mdns=fd:1,active:1,oldest:select/132,total:266,max:201,error:0/none,hb:132,overflow:0,underflow:0 ssdp=fd:1,active:1,oldest:select/73,total:904,max:102,error:0/none,hb:73,overflow:0,underflow:0 dlna-http=fd:1,active:1,oldest:select/49,total:925,max:256,error:0/none,hb:49,overflow:0,underflow:0 airplay-control=fd:1,active:1,oldest:select/37,total:366,max:238,error:0/none,hb:37,overflow:0,underflow:0 iptv-background=fd:0,active:0,oldest:none/0,total:0,max:0,error:0/none,hb:0,overflow:0,underflow:0
[INFO] [runtime-heartbeat] t_ms=91876570 frame=3905 view=home player_state=stopped media=1 return_home_pending=0 protocol_state=ready owner=none generation=0 resource_desired=home resource_applied=home resource_transition=0 resource_failed=0 resource_age_ms=0 iptv_background=0,0 discovery_suspended=0 service_workers=0,0,0 service_age_ms=67771,67767,4237 media_queue=0 media_high=1 media_command=0 media_kind=0 media_producer=0 media_token=0 media_generation=0 media_command_age_ms=0 media_heartbeat_age_ms=4 media_full=0 media_stale=0 media_timeout=0 media_coalesced=0 media_accepting=1 media_lifecycle=0,1,0,1 log_queue=0 enqueued=552 processed=552 log_high=51 log_heartbeat_age_ms=2000 log_waiting=1 queue_dropped=0 mirror_dropped=0 mirror_failures=0 mirror=1 worker=1 mdns_phase=waiting mdns_mode=0 mdns_running=1 mdns_suspended=0 ssdp_suspended=0 mdns_socket=1 mdns_heartbeat_age_ms=83 mdns_select=24 mdns_recv=4 mdns_sent=6
[INFO] [network-heartbeat] threshold_ms=1500 mdns=fd:1,active:1,oldest:select/83,total:280,max:201,error:0/none,hb:83,overflow:0,underflow:0 ssdp=fd:1,active:1,oldest:select/3,total:926,max:102,error:0/none,hb:3,overflow:0,underflow:0 dlna-http=fd:1,active:1,oldest:select/47,total:945,max:256,error:0/none,hb:47,overflow:0,underflow:0 airplay-control=fd:1,active:1,oldest:select/33,total:386,max:238,error:0/none,hb:33,overflow:0,underflow:0 iptv-background=fd:0,active:0,oldest:none/0,total:0,max:0,error:0/none,hb:0,overflow:0,underflow:0
[INFO] [airplay] t_ms=91876724 control accepted peer=<IP_REDACTED>:62832 fd=7
[INFO] [airplay] t_ms=91876724 control client-worker entered slot=0 fd=7
[INFO] [airplay] t_ms=91876725 control request session=1 method=GET uri=<URL_REDACTED> body=70
[INFO] [airplay] session=1 request=1 method=GET uri=<URL_REDACTED> bytes=70 state=connected
[INFO] [airplay] t_ms=91876725 control response session=1 request=1 status=200 body=274 headers=4 sent=1 close=0
[INFO] [airplay] t_ms=91876743 control request session=1 method=POST uri=<URL_REDACTED> body=68
[INFO] [airplay-pairing] t_ms=91876755 session=1 uri=<URL_REDACTED> bytes=68 state=idle->verify-challenge result=ok status=200 close=0
[INFO] [airplay] t_ms=91876756 control response session=1 request=2 status=200 body=96 headers=4 sent=1 close=0
[INFO] [airplay] t_ms=91876763 control request session=1 method=POST uri=<URL_REDACTED> body=68
[INFO] [airplay-pairing] t_ms=91876764 session=1 uri=<URL_REDACTED> bytes=68 state=verify-challenge->verified result=ok status=200 close=0
[INFO] [airplay] t_ms=91876764 control response session=1 request=3 status=200 body=0 headers=4 sent=1 close=0
[INFO] [airplay] t_ms=91876772 control request session=1 method=POST uri=<URL_REDACTED> body=16
[INFO] [airplay] session=1 request=4 method=POST uri=<URL_REDACTED> bytes=16 state=connected
[INFO] [airplay] endpoint=fp-setup bytes=16 result=ok
[INFO] [airplay] t_ms=91876772 control response session=1 request=4 status=200 body=142 headers=4 sent=1 close=0
[INFO] [airplay] t_ms=91876779 control request session=1 method=POST uri=<URL_REDACTED> body=164
[INFO] [airplay] session=1 request=5 method=POST uri=<URL_REDACTED> bytes=164 state=connected
[INFO] [airplay] endpoint=fp-setup bytes=164 result=ok
[INFO] [airplay] t_ms=91876779 control response session=1 request=5 status=200 body=32 headers=4 sent=1 close=0
[INFO] [airplay] t_ms=91876786 control request session=1 method=SETUP uri=<URL_REDACTED> body=697
[INFO] [airplay] session=1 request=6 method=SETUP uri=<URL_REDACTED> bytes=697 state=connected
[INFO] [airplay] t_ms=91876786 setup metadata session=1 keys=19 initial=1 timing=NTP timing_port=64465 remote_control=0 streams=0 mirror=0 audio=0
[INFO] [airplay-timing] session=1 protocol=NTP local=54799 remote=64465
[INFO] [airplay] session=1 method=SETUP initial=1 mirror=0 record=0 result=ok
[INFO] [airplay] t_ms=91876787 control response session=1 request=6 status=200 body=76 headers=4 sent=1 close=0
[INFO] [airplay] t_ms=91876794 control request session=1 method=GET uri=<URL_REDACTED> body=0
[INFO] [airplay] session=1 request=7 method=GET uri=<URL_REDACTED> bytes=0 state=setup
[INFO] [airplay] t_ms=91876795 control response session=1 request=7 status=200 body=1105 headers=4 sent=1 close=0
[INFO] [airplay-timing] first NTP response received
[INFO] [airplay] t_ms=91876801 control request session=1 method=RECORD uri=<URL_REDACTED> body=0
[INFO] [airplay] session=1 request=8 method=RECORD uri=<URL_REDACTED> bytes=0 state=setup
[INFO] [airplay] session=1 method=RECORD mirror=0 deferred=1
[INFO] [airplay] t_ms=91876801 control response session=1 request=8 status=200 body=0 headers=4 sent=1 close=0
[INFO] [airplay] t_ms=91876942 control request session=1 method=SETUP uri=<URL_REDACTED> body=243
[INFO] [airplay] session=1 request=9 method=SETUP uri=<URL_REDACTED> bytes=243 state=recording
[INFO] [airplay] t_ms=91876942 setup metadata session=1 keys=1 initial=0 timing=missing timing_port=0 remote_control=0 streams=1 mirror=0 audio=1
[INFO] [airplay] session=1 method=SETUP initial=1 mirror=0 record=1 result=failed
[INFO] [airplay] t_ms=91876997 control response session=1 request=9 status=461 body=0 headers=3 sent=1 close=0
[INFO] [airplay] t_ms=91877040 control request session=1 method=SETUP uri=<URL_REDACTED> body=243
[INFO] [airplay] session=1 request=10 method=SETUP uri=<URL_REDACTED> bytes=243 state=recording
[INFO] [airplay] t_ms=91877040 setup metadata session=1 keys=1 initial=0 timing=missing timing_port=0 remote_control=0 streams=1 mirror=0 audio=1
[INFO] [airplay] session=1 method=SETUP initial=0 mirror=0 record=0 result=failed
[INFO] [airplay] t_ms=91877040 control response session=1 request=10 status=461 body=0 headers=3 sent=1 close=0
[INFO] [airplay] t_ms=91877134 control request session=1 method=TEARDOWN uri=<URL_REDACTED> body=42
[INFO] [airplay] session=1 request=11 method=TEARDOWN uri=<URL_REDACTED> bytes=42 state=recording
[INFO] [airplay] t_ms=91877134 control response session=1 request=11 status=200 body=0 headers=3 sent=1 close=1
[INFO] [airplay] t_ms=91877134 control closed session=1 requests=11 reason=response-close errno=0
[INFO] [runtime-heartbeat] t_ms=91878570 frame=4025 view=home player_state=stopped media=1 return_home_pending=0 protocol_state=ready owner=none generation=0 resource_desired=home resource_applied=home resource_transition=0 resource_failed=0 resource_age_ms=0 iptv_background=0,0 discovery_suspended=0 service_workers=0,0,0 service_age_ms=69771,69767,6237 media_queue=0 media_high=1 media_command=0 media_kind=0 media_producer=0 media_token=0 media_generation=0 media_command_age_ms=0 media_heartbeat_age_ms=3 media_full=0 media_stale=0 media_timeout=0 media_coalesced=0 media_accepting=1 media_lifecycle=0,1,0,1 log_queue=0 enqueued=601 processed=601 log_high=51 log_heartbeat_age_ms=1436 log_waiting=1 queue_dropped=0 mirror_dropped=0 mirror_failures=0 mirror=1 worker=1 mdns_phase=waiting mdns_mode=0 mdns_running=1 mdns_suspended=0 ssdp_suspended=0 mdns_socket=1 mdns_heartbeat_age_ms=46 mdns_select=35 mdns_recv=6 mdns_sent=6
[INFO] [network-heartbeat] threshold_ms=1500 mdns=fd:1,active:1,oldest:select/46,total:293,max:201,error:0/none,hb:46,overflow:0,underflow:0 ssdp=fd:1,active:1,oldest:select/33,total:947,max:102,error:0/none,hb:33,overflow:0,underflow:0 dlna-http=fd:1,active:1,oldest:select/46,total:965,max:256,error:0/none,hb:46,overflow:0,underflow:0 airplay-control=fd:1,active:1,oldest:select/45,total:429,max:238,error:0/none,hb:45,overflow:0,underflow:0 iptv-background=fd:0,active:0,oldest:none/0,total:0,max:0,error:0/none,hb:0,overflow:0,underflow:0
[INFO] [airplay] t_ms=91879344 control accepted peer=<IP_REDACTED>:62854 fd=7
[INFO] [airplay] t_ms=91879345 control client-worker entered slot=0 fd=7
[INFO] [airplay] t_ms=91879345 control request session=2 method=GET uri=<URL_REDACTED> body=70
[INFO] [airplay] session=2 request=1 method=GET uri=<URL_REDACTED> bytes=70 state=connected
[INFO] [airplay] t_ms=91879345 control response session=2 request=1 status=200 body=274 headers=4 sent=1 close=0
[INFO] [airplay] t_ms=91879352 control request session=2 method=POST uri=<URL_REDACTED> body=68
[INFO] [airplay-pairing] t_ms=91879364 session=2 uri=<URL_REDACTED> bytes=68 state=idle->verify-challenge result=ok status=200 close=0
[INFO] [airplay] t_ms=91879364 control response session=2 request=2 status=200 body=96 headers=4 sent=1 close=0
[INFO] [airplay] t_ms=91879372 control request session=2 method=POST uri=<URL_REDACTED> body=68
[INFO] [airplay-pairing] t_ms=91879372 session=2 uri=<URL_REDACTED> bytes=68 state=verify-challenge->verified result=ok status=200 close=0
[INFO] [airplay] t_ms=91879373 control response session=2 request=3 status=200 body=0 headers=4 sent=1 close=0
[INFO] [airplay] t_ms=91879379 control request session=2 method=POST uri=<URL_REDACTED> body=16
[INFO] [airplay] session=2 request=4 method=POST uri=<URL_REDACTED> bytes=16 state=connected
[INFO] [airplay] endpoint=fp-setup bytes=16 result=ok
[INFO] [airplay] t_ms=91879379 control response session=2 request=4 status=200 body=142 headers=4 sent=1 close=0
[INFO] [airplay] t_ms=91879386 control request session=2 method=POST uri=<URL_REDACTED> body=164
[INFO] [airplay] session=2 request=5 method=POST uri=<URL_REDACTED> bytes=164 state=connected
[INFO] [airplay] endpoint=fp-setup bytes=164 result=ok
[INFO] [airplay] t_ms=91879386 control response session=2 request=5 status=200 body=32 headers=4 sent=1 close=0
[INFO] [airplay] t_ms=91879392 control request session=2 method=SETUP uri=<URL_REDACTED> body=697
[INFO] [airplay] session=2 request=6 method=SETUP uri=<URL_REDACTED> bytes=697 state=connected
[INFO] [airplay] t_ms=91879392 setup metadata session=2 keys=19 initial=1 timing=NTP timing_port=54189 remote_control=0 streams=0 mirror=0 audio=0
[INFO] [airplay-timing] session=2 protocol=NTP local=45638 remote=54189
[INFO] [airplay] session=2 method=SETUP initial=1 mirror=0 record=0 result=ok
[INFO] [airplay] t_ms=91879393 control response session=2 request=6 status=200 body=76 headers=4 sent=1 close=0
[INFO] [airplay-timing] first NTP response received
[INFO] [airplay] t_ms=91879401 control request session=2 method=GET uri=<URL_REDACTED> body=0
[INFO] [airplay] session=2 request=7 method=GET uri=<URL_REDACTED> bytes=0 state=setup
[INFO] [airplay] t_ms=91879401 control response session=2 request=7 status=200 body=1105 headers=4 sent=1 close=0
[INFO] [airplay] t_ms=91879409 control request session=2 method=RECORD uri=<URL_REDACTED> body=0
[INFO] [airplay] session=2 request=8 method=RECORD uri=<URL_REDACTED> bytes=0 state=setup
[INFO] [airplay] session=2 method=RECORD mirror=0 deferred=1
[INFO] [airplay] t_ms=91879409 control response session=2 request=8 status=200 body=0 headers=4 sent=1 close=0
[INFO] [airplay] t_ms=91879596 control request session=2 method=SETUP uri=<URL_REDACTED> body=243
[INFO] [airplay] session=2 request=9 method=SETUP uri=<URL_REDACTED> bytes=243 state=recording
[INFO] [airplay] t_ms=91879596 setup metadata session=2 keys=1 initial=0 timing=missing timing_port=0 remote_control=0 streams=1 mirror=0 audio=1
[INFO] [airplay] session=2 method=SETUP initial=1 mirror=0 record=1 result=failed
[INFO] [airplay] t_ms=91879599 control response session=2 request=9 status=461 body=0 headers=3 sent=1 close=0
[INFO] [airplay] t_ms=91879611 control request session=2 method=TEARDOWN uri=<URL_REDACTED> body=42
[INFO] [airplay] session=2 request=10 method=TEARDOWN uri=<URL_REDACTED> bytes=42 state=recording
[INFO] [airplay] t_ms=91879611 control response session=2 request=10 status=200 body=0 headers=3 sent=1 close=1
[INFO] [airplay] t_ms=91879611 control closed session=2 requests=10 reason=response-close errno=0
[INFO] [runtime-heartbeat] t_ms=91880570 frame=4145 view=home player_state=stopped media=1 return_home_pending=0 protocol_state=ready owner=none generation=0 resource_desired=home resource_applied=home resource_transition=0 resource_failed=0 resource_age_ms=0 iptv_background=0,0 discovery_suspended=0 service_workers=0,0,0 service_age_ms=71771,71767,8237 media_queue=0 media_high=1 media_command=0 media_kind=0 media_producer=0 media_token=0 media_generation=0 media_command_age_ms=0 media_heartbeat_age_ms=5 media_full=0 media_stale=0 media_timeout=0 media_coalesced=0 media_accepting=1 media_lifecycle=0,1,0,1 log_queue=0 enqueued=645 processed=645 log_high=51 log_heartbeat_age_ms=958 log_waiting=1 queue_dropped=0 mirror_dropped=0 mirror_failures=0 mirror=1 worker=1 mdns_phase=waiting mdns_mode=0 mdns_running=1 mdns_suspended=0 ssdp_suspended=0 mdns_socket=1 mdns_heartbeat_age_ms=193 mdns_select=45 mdns_recv=7 mdns_sent=6
[INFO] [network-heartbeat] threshold_ms=1500 mdns=fd:1,active:1,oldest:select/193,total:304,max:201,error:0/none,hb:193,overflow:0,underflow:0 ssdp=fd:1,active:1,oldest:select/74,total:970,max:102,error:0/none,hb:74,overflow:0,underflow:0 dlna-http=fd:1,active:1,oldest:select/45,total:985,max:256,error:0/none,hb:45,overflow:0,underflow:0 airplay-control=fd:1,active:1,oldest:select/25,total:471,max:238,error:0/none,hb:25,overflow:0,underflow:0 iptv-background=fd:0,active:0,oldest:none/0,total:0,max:0,error:0/none,hb:0,overflow:0,underflow:0
[INFO] [runtime-heartbeat] t_ms=91882570 frame=4265 view=home player_state=stopped media=1 return_home_pending=0 protocol_state=ready owner=none generation=0 resource_desired=home resource_applied=home resource_transition=0 resource_failed=0 resource_age_ms=0 iptv_background=0,0 discovery_suspended=0 service_workers=0,0,0 service_age_ms=73771,73767,10237 media_queue=0 media_high=1 media_command=0 media_kind=0 media_producer=0 media_token=0 media_generation=0 media_command_age_ms=0 media_heartbeat_age_ms=4 media_full=0 media_stale=0 media_timeout=0 media_coalesced=0 media_accepting=1 media_lifecycle=0,1,0,1 log_queue=0 enqueued=647 processed=647 log_high=51 log_heartbeat_age_ms=2000 log_waiting=1 queue_dropped=0 mirror_dropped=0 mirror_failures=0 mirror=1 worker=1 mdns_phase=waiting mdns_mode=0 mdns_running=1 mdns_suspended=0 ssdp_suspended=0 mdns_socket=1 mdns_heartbeat_age_ms=193 mdns_select=55 mdns_recv=7 mdns_sent=6
[INFO] [network-heartbeat] threshold_ms=1500 mdns=fd:1,active:1,oldest:select/193,total:314,max:201,error:0/none,hb:193,overflow:0,underflow:0 ssdp=fd:1,active:1,oldest:select/26,total:994,max:102,error:0/none,hb:26,overflow:0,underflow:0 dlna-http=fd:1,active:1,oldest:select/44,total:1005,max:256,error:0/none,hb:44,overflow:0,underflow:0 airplay-control=fd:1,active:1,oldest:select/22,total:491,max:238,error:0/none,hb:22,overflow:0,underflow:0 iptv-background=fd:0,active:0,oldest:none/0,total:0,max:0,error:0/none,hb:0,overflow:0,underflow:0
[INFO] [runtime-heartbeat] t_ms=91884570 frame=4385 view=home player_state=stopped media=1 return_home_pending=0 protocol_state=ready owner=none generation=0 resource_desired=home resource_applied=home resource_transition=0 resource_failed=0 resource_age_ms=0 iptv_background=0,0 discovery_suspended=0 service_workers=0,0,0 service_age_ms=75771,75767,12237 media_queue=0 media_high=1 media_command=0 media_kind=0 media_producer=0 media_token=0 media_generation=0 media_command_age_ms=0 media_heartbeat_age_ms=3 media_full=0 media_stale=0 media_timeout=0 media_coalesced=0 media_accepting=1 media_lifecycle=0,1,0,1 log_queue=0 enqueued=649 processed=649 log_high=51 log_heartbeat_age_ms=1999 log_waiting=1 queue_dropped=0 mirror_dropped=0 mirror_failures=0 mirror=1 worker=1 mdns_phase=waiting mdns_mode=0 mdns_running=1 mdns_suspended=0 ssdp_suspended=0 mdns_socket=1 mdns_heartbeat_age_ms=120 mdns_select=66 mdns_recv=8 mdns_sent=8
[INFO] [network-heartbeat] threshold_ms=1500 mdns=fd:1,active:1,oldest:select/120,total:328,max:201,error:0/none,hb:120,overflow:0,underflow:0 ssdp=fd:1,active:1,oldest:select/25,total:1014,max:102,error:0/none,hb:25,overflow:0,underflow:0 dlna-http=fd:1,active:1,oldest:select/43,total:1025,max:256,error:0/none,hb:43,overflow:0,underflow:0 airplay-control=fd:1,active:1,oldest:select/19,total:511,max:238,error:0/none,hb:19,overflow:0,underflow:0 iptv-background=fd:0,active:0,oldest:none/0,total:0,max:0,error:0/none,hb:0,overflow:0,underflow:0
[INFO] [airplay] t_ms=91886343 control accepted peer=<IP_REDACTED>:62897 fd=7
[INFO] [airplay] t_ms=91886344 control client-worker entered slot=0 fd=7
[INFO] [airplay] t_ms=91886344 control request session=3 method=GET uri=<URL_REDACTED> body=70
[INFO] [airplay] session=3 request=1 method=GET uri=<URL_REDACTED> bytes=70 state=connected
[INFO] [airplay] t_ms=91886344 control response session=3 request=1 status=200 body=274 headers=4 sent=1 close=0
[INFO] [airplay] t_ms=91886359 control request session=3 method=POST uri=<URL_REDACTED> body=68
[INFO] [airplay-pairing] t_ms=91886370 session=3 uri=<URL_REDACTED> bytes=68 state=idle->verify-challenge result=ok status=200 close=0
[INFO] [airplay] t_ms=91886371 control response session=3 request=2 status=200 body=96 headers=4 sent=1 close=0
[INFO] [airplay] t_ms=91886381 control request session=3 method=POST uri=<URL_REDACTED> body=68
[INFO] [airplay-pairing] t_ms=91886382 session=3 uri=<URL_REDACTED> bytes=68 state=verify-challenge->verified result=ok status=200 close=0
[INFO] [airplay] t_ms=91886382 control response session=3 request=3 status=200 body=0 headers=4 sent=1 close=0
[INFO] [airplay] t_ms=91886391 control request session=3 method=POST uri=<URL_REDACTED> body=16
[INFO] [airplay] session=3 request=4 method=POST uri=<URL_REDACTED> bytes=16 state=connected
[INFO] [airplay] endpoint=fp-setup bytes=16 result=ok
[INFO] [airplay] t_ms=91886391 control response session=3 request=4 status=200 body=142 headers=4 sent=1 close=0
[INFO] [airplay] t_ms=91886399 control request session=3 method=POST uri=<URL_REDACTED> body=164
[INFO] [airplay] session=3 request=5 method=POST uri=<URL_REDACTED> bytes=164 state=connected
[INFO] [airplay] endpoint=fp-setup bytes=164 result=ok
[INFO] [airplay] t_ms=91886400 control response session=3 request=5 status=200 body=32 headers=4 sent=1 close=0
[INFO] [airplay] t_ms=91886406 control request session=3 method=SETUP uri=<URL_REDACTED> body=697
[INFO] [airplay] session=3 request=6 method=SETUP uri=<URL_REDACTED> bytes=697 state=connected
[INFO] [airplay] t_ms=91886407 setup metadata session=3 keys=19 initial=1 timing=NTP timing_port=61718 remote_control=0 streams=0 mirror=0 audio=0
[INFO] [airplay-timing] session=3 protocol=NTP local=40583 remote=61718
[INFO] [airplay] session=3 method=SETUP initial=1 mirror=0 record=0 result=ok
[INFO] [airplay] t_ms=91886407 control response session=3 request=6 status=200 body=76 headers=4 sent=1 close=0
[INFO] [airplay] t_ms=91886426 control request session=3 method=GET uri=<URL_REDACTED> body=0
[INFO] [airplay] session=3 request=7 method=GET uri=<URL_REDACTED> bytes=0 state=setup
[INFO] [airplay] t_ms=91886427 control response session=3 request=7 status=200 body=1105 headers=4 sent=1 close=0
[INFO] [airplay-timing] first NTP response received
[INFO] [airplay] t_ms=91886433 control request session=3 method=RECORD uri=<URL_REDACTED> body=0
[INFO] [airplay] session=3 request=8 method=RECORD uri=<URL_REDACTED> bytes=0 state=setup
[INFO] [airplay] session=3 method=RECORD mirror=0 deferred=1
[INFO] [airplay] t_ms=91886433 control response session=3 request=8 status=200 body=0 headers=4 sent=1 close=0
[INFO] [airplay] t_ms=91886542 control request session=3 method=SETUP uri=<URL_REDACTED> body=243
[INFO] [airplay] session=3 request=9 method=SETUP uri=<URL_REDACTED> bytes=243 state=recording
[INFO] [airplay] t_ms=91886542 setup metadata session=3 keys=1 initial=0 timing=missing timing_port=0 remote_control=0 streams=1 mirror=0 audio=1
[INFO] [airplay] session=3 method=SETUP initial=1 mirror=0 record=1 result=failed
[INFO] [runtime-heartbeat] t_ms=91886570 frame=4505 view=home player_state=stopped media=1 return_home_pending=0 protocol_state=ready owner=none generation=0 resource_desired=home resource_applied=home resource_transition=0 resource_failed=0 resource_age_ms=0 iptv_background=0,0 discovery_suspended=0 service_workers=0,0,0 service_age_ms=77771,77767,14237 media_queue=0 media_high=1 media_command=0 media_kind=0 media_producer=0 media_token=0 media_generation=0 media_command_age_ms=0 media_heartbeat_age_ms=9 media_full=0 media_stale=0 media_timeout=0 media_coalesced=0 media_accepting=1 media_lifecycle=0,1,0,1 log_queue=0 enqueued=688 processed=688 log_high=51 log_heartbeat_age_ms=28 log_waiting=1 queue_dropped=0 mirror_dropped=0 mirror_failures=0 mirror=1 worker=1 mdns_phase=waiting mdns_mode=0 mdns_running=1 mdns_suspended=0 ssdp_suspended=0 mdns_socket=1 mdns_heartbeat_age_ms=132 mdns_select=76 mdns_recv=9 mdns_sent=8
[INFO] [network-heartbeat] threshold_ms=1500 mdns=fd:1,active:1,oldest:select/132,total:339,max:201,error:0/none,hb:132,overflow:0,underflow:0 ssdp=fd:1,active:1,oldest:select/24,total:1034,max:102,error:0/none,hb:24,overflow:0,underflow:0 dlna-http=fd:1,active:1,oldest:select/42,total:1045,max:256,error:0/none,hb:42,overflow:0,underflow:0 airplay-control=fd:2,active:1,oldest:select/26,total:549,max:238,error:0/none,hb:26,overflow:0,underflow:0 iptv-background=fd:0,active:0,oldest:none/0,total:0,max:0,error:0/none,hb:0,overflow:0,underflow:0
[INFO] [airplay] t_ms=91886627 control response session=3 request=9 status=461 body=0 headers=3 sent=1 close=0
[INFO] [airplay] t_ms=91886719 control request session=3 method=SETUP uri=<URL_REDACTED> body=243
[INFO] [airplay] session=3 request=10 method=SETUP uri=<URL_REDACTED> bytes=243 state=recording
[INFO] [airplay] t_ms=91886719 setup metadata session=3 keys=1 initial=0 timing=missing timing_port=0 remote_control=0 streams=1 mirror=0 audio=1
[INFO] [airplay] session=3 method=SETUP initial=0 mirror=0 record=0 result=failed
[INFO] [airplay] t_ms=91886719 control response session=3 request=10 status=461 body=0 headers=3 sent=1 close=0
[INFO] [airplay] t_ms=91886814 control request session=3 method=TEARDOWN uri=<URL_REDACTED> body=42
[INFO] [airplay] session=3 request=11 method=TEARDOWN uri=<URL_REDACTED> bytes=42 state=recording
[INFO] [airplay] t_ms=91886814 control response session=3 request=11 status=200 body=0 headers=3 sent=1 close=1
[INFO] [airplay] t_ms=91886814 control closed session=3 requests=11 reason=response-close errno=0
[INFO] [runtime-heartbeat] t_ms=91888570 frame=4625 view=home player_state=stopped media=1 return_home_pending=0 protocol_state=ready owner=none generation=0 resource_desired=home resource_applied=home resource_transition=0 resource_failed=0 resource_age_ms=0 iptv_background=0,0 discovery_suspended=0 service_workers=0,0,0 service_age_ms=79771,79767,16237 media_queue=0 media_high=1 media_command=0 media_kind=0 media_producer=0 media_token=0 media_generation=0 media_command_age_ms=0 media_heartbeat_age_ms=8 media_full=0 media_stale=0 media_timeout=0 media_coalesced=0 media_accepting=1 media_lifecycle=0,1,0,1 log_queue=0 enqueued=700 processed=700 log_high=51 log_heartbeat_age_ms=1755 log_waiting=1 queue_dropped=0 mirror_dropped=0 mirror_failures=0 mirror=1 worker=1 mdns_phase=waiting mdns_mode=0 mdns_running=1 mdns_suspended=0 ssdp_suspended=0 mdns_socket=1 mdns_heartbeat_age_ms=20 mdns_select=88 mdns_recv=11 mdns_sent=8
[INFO] [network-heartbeat] threshold_ms=1500 mdns=fd:1,active:1,oldest:select/20,total:353,max:201,error:0/none,hb:20,overflow:0,underflow:0 ssdp=fd:1,active:1,oldest:select/23,total:1054,max:102,error:0/none,hb:23,overflow:0,underflow:0 dlna-http=fd:1,active:1,oldest:select/41,total:1065,max:256,error:0/none,hb:41,overflow:0,underflow:0 airplay-control=fd:1,active:1,oldest:select/25,total:574,max:238,error:0/none,hb:25,overflow:0,underflow:0 iptv-background=fd:0,active:0,oldest:none/0,total:0,max:0,error:0/none,hb:0,overflow:0,underflow:0
[INFO] [airplay] t_ms=91889379 control accepted peer=<IP_REDACTED>:62925 fd=7
[INFO] [airplay] t_ms=91889380 control client-worker entered slot=0 fd=7
[INFO] [airplay] t_ms=91889383 control request session=4 method=GET uri=<URL_REDACTED> body=70
[INFO] [airplay] session=4 request=1 method=GET uri=<URL_REDACTED> bytes=70 state=connected
[INFO] [airplay] t_ms=91889384 control response session=4 request=1 status=200 body=274 headers=4 sent=1 close=0
[INFO] [airplay] t_ms=91889395 control request session=4 method=POST uri=<URL_REDACTED> body=68
[INFO] [airplay-pairing] t_ms=91889406 session=4 uri=<URL_REDACTED> bytes=68 state=idle->verify-challenge result=ok status=200 close=0
[INFO] [airplay] t_ms=91889407 control response session=4 request=2 status=200 body=96 headers=4 sent=1 close=0
[INFO] [airplay] t_ms=91889416 control request session=4 method=POST uri=<URL_REDACTED> body=68
[INFO] [airplay-pairing] t_ms=91889416 session=4 uri=<URL_REDACTED> bytes=68 state=verify-challenge->verified result=ok status=200 close=0
[INFO] [airplay] t_ms=91889416 control response session=4 request=3 status=200 body=0 headers=4 sent=1 close=0
[INFO] [airplay] t_ms=91889422 control request session=4 method=POST uri=<URL_REDACTED> body=16
[INFO] [airplay] session=4 request=4 method=POST uri=<URL_REDACTED> bytes=16 state=connected
[INFO] [airplay] endpoint=fp-setup bytes=16 result=ok
[INFO] [airplay] t_ms=91889423 control response session=4 request=4 status=200 body=142 headers=4 sent=1 close=0
[INFO] [airplay] t_ms=91889430 control request session=4 method=POST uri=<URL_REDACTED> body=164
[INFO] [airplay] session=4 request=5 method=POST uri=<URL_REDACTED> bytes=164 state=connected
[INFO] [airplay] endpoint=fp-setup bytes=164 result=ok
[INFO] [airplay] t_ms=91889430 control response session=4 request=5 status=200 body=32 headers=4 sent=1 close=0
[INFO] [airplay] t_ms=91889438 control request session=4 method=SETUP uri=<URL_REDACTED> body=697
[INFO] [airplay] session=4 request=6 method=SETUP uri=<URL_REDACTED> bytes=697 state=connected
[INFO] [airplay] t_ms=91889438 setup metadata session=4 keys=19 initial=1 timing=NTP timing_port=64528 remote_control=0 streams=0 mirror=0 audio=0
[INFO] [airplay-timing] session=4 protocol=NTP local=18044 remote=64528
[INFO] [airplay] session=4 method=SETUP initial=1 mirror=0 record=0 result=ok
[INFO] [airplay] t_ms=91889438 control response session=4 request=6 status=200 body=76 headers=4 sent=1 close=0
[INFO] [airplay-timing] first NTP response received
[INFO] [airplay] t_ms=91889446 control request session=4 method=GET uri=<URL_REDACTED> body=0
[INFO] [airplay] session=4 request=7 method=GET uri=<URL_REDACTED> bytes=0 state=setup
[INFO] [airplay] t_ms=91889446 control response session=4 request=7 status=200 body=1105 headers=4 sent=1 close=0
[INFO] [airplay] t_ms=91889455 control request session=4 method=RECORD uri=<URL_REDACTED> body=0
[INFO] [airplay] session=4 request=8 method=RECORD uri=<URL_REDACTED> bytes=0 state=setup
[INFO] [airplay] session=4 method=RECORD mirror=0 deferred=1
[INFO] [airplay] t_ms=91889455 control response session=4 request=8 status=200 body=0 headers=4 sent=1 close=0
[INFO] [airplay] t_ms=91889825 control request session=4 method=SETUP uri=<URL_REDACTED> body=243
[INFO] [airplay] session=4 request=9 method=SETUP uri=<URL_REDACTED> bytes=243 state=recording
[INFO] [airplay] t_ms=91889825 setup metadata session=4 keys=1 initial=0 timing=missing timing_port=0 remote_control=0 streams=1 mirror=0 audio=1
[INFO] [airplay] session=4 method=SETUP initial=1 mirror=0 record=1 result=failed
[INFO] [airplay] t_ms=91889845 control response session=4 request=9 status=461 body=0 headers=3 sent=1 close=0
[INFO] [airplay] t_ms=91889862 control request session=4 method=TEARDOWN uri=<URL_REDACTED> body=42
[INFO] [airplay] session=4 request=10 method=TEARDOWN uri=<URL_REDACTED> bytes=42 state=recording
[INFO] [airplay] t_ms=91889862 control response session=4 request=10 status=200 body=0 headers=3 sent=1 close=1
[INFO] [airplay] t_ms=91889862 control closed session=4 requests=10 reason=response-close errno=0
[INFO] [runtime-heartbeat] t_ms=91890570 frame=4745 view=home player_state=stopped media=1 return_home_pending=0 protocol_state=ready owner=none generation=0 resource_desired=home resource_applied=home resource_transition=0 resource_failed=0 resource_age_ms=0 iptv_background=0,0 discovery_suspended=0 service_workers=0,0,0 service_age_ms=81771,81767,18237 media_queue=0 media_high=1 media_command=0 media_kind=0 media_producer=0 media_token=0 media_generation=0 media_command_age_ms=0 media_heartbeat_age_ms=3 media_full=0 media_stale=0 media_timeout=0 media_coalesced=0 media_accepting=1 media_lifecycle=0,1,0,1 log_queue=0 enqueued=744 processed=744 log_high=51 log_heartbeat_age_ms=708 log_waiting=1 queue_dropped=0 mirror_dropped=0 mirror_failures=0 mirror=1 worker=1 mdns_phase=waiting mdns_mode=0 mdns_running=1 mdns_suspended=0 ssdp_suspended=0 mdns_socket=1 mdns_heartbeat_age_ms=50 mdns_select=99 mdns_recv=13 mdns_sent=8
[INFO] [network-heartbeat] threshold_ms=1500 mdns=fd:1,active:1,oldest:select/50,total:366,max:201,error:0/none,hb:50,overflow:0,underflow:0 ssdp=fd:1,active:1,oldest:select/41,total:1156,max:102,error:0/none,hb:41,overflow:0,underflow:0 dlna-http=fd:1,active:1,oldest:select/40,total:1085,max:256,error:0/none,hb:40,overflow:0,underflow:0 airplay-control=fd:1,active:1,oldest:select/89,total:616,max:238,error:11/recv,hb:89,overflow:0,underflow:0 iptv-background=fd:0,active:0,oldest:none/0,total:0,max:0,error:0/none,hb:0,overflow:0,underflow:0
[INFO] [airplay] t_ms=91891569 control accepted peer=<IP_REDACTED>:62954 fd=7
[INFO] [airplay] t_ms=91891569 control client-worker entered slot=0 fd=7
[INFO] [airplay] t_ms=91891569 control request session=5 method=GET uri=<URL_REDACTED> body=70
[INFO] [airplay] session=5 request=1 method=GET uri=<URL_REDACTED> bytes=70 state=connected
[INFO] [airplay] t_ms=91891571 control response session=5 request=1 status=200 body=274 headers=4 sent=1 close=0
[INFO] [airplay] t_ms=91891579 control request session=5 method=POST uri=<URL_REDACTED> body=68
[INFO] [airplay-pairing] t_ms=91891592 session=5 uri=<URL_REDACTED> bytes=68 state=idle->verify-challenge result=ok status=200 close=0
[INFO] [airplay] t_ms=91891592 control response session=5 request=2 status=200 body=96 headers=4 sent=1 close=0
[INFO] [airplay] t_ms=91891599 control request session=5 method=POST uri=<URL_REDACTED> body=68
[INFO] [airplay-pairing] t_ms=91891599 session=5 uri=<URL_REDACTED> bytes=68 state=verify-challenge->verified result=ok status=200 close=0
[INFO] [airplay] t_ms=91891599 control response session=5 request=3 status=200 body=0 headers=4 sent=1 close=0
[INFO] [airplay] t_ms=91891606 control request session=5 method=POST uri=<URL_REDACTED> body=16
[INFO] [airplay] session=5 request=4 method=POST uri=<URL_REDACTED> bytes=16 state=connected
[INFO] [airplay] endpoint=fp-setup bytes=16 result=ok
[INFO] [airplay] t_ms=91891606 control response session=5 request=4 status=200 body=142 headers=4 sent=1 close=0
[INFO] [airplay] t_ms=91891613 control request session=5 method=POST uri=<URL_REDACTED> body=164
[INFO] [airplay] session=5 request=5 method=POST uri=<URL_REDACTED> bytes=164 state=connected
[INFO] [airplay] endpoint=fp-setup bytes=164 result=ok
[INFO] [airplay] t_ms=91891613 control response session=5 request=5 status=200 body=32 headers=4 sent=1 close=0
[INFO] [airplay] t_ms=91891619 control request session=5 method=SETUP uri=<URL_REDACTED> body=697
[INFO] [airplay] session=5 request=6 method=SETUP uri=<URL_REDACTED> bytes=697 state=connected
[INFO] [airplay] t_ms=91891619 setup metadata session=5 keys=19 initial=1 timing=NTP timing_port=52280 remote_control=0 streams=0 mirror=0 audio=0
[INFO] [airplay-timing] session=5 protocol=NTP local=15726 remote=52280
[INFO] [airplay] session=5 method=SETUP initial=1 mirror=0 record=0 result=ok
[INFO] [airplay] t_ms=91891621 control response session=5 request=6 status=200 body=76 headers=4 sent=1 close=0
[INFO] [airplay-timing] first NTP response received
[INFO] [airplay] t_ms=91891629 control request session=5 method=GET uri=<URL_REDACTED> body=0
[INFO] [airplay] session=5 request=7 method=GET uri=<URL_REDACTED> bytes=0 state=setup
[INFO] [airplay] t_ms=91891629 control response session=5 request=7 status=200 body=1105 headers=4 sent=1 close=0
[INFO] [airplay] t_ms=91891636 control request session=5 method=RECORD uri=<URL_REDACTED> body=0
[INFO] [airplay] session=5 request=8 method=RECORD uri=<URL_REDACTED> bytes=0 state=setup
[INFO] [airplay] session=5 method=RECORD mirror=0 deferred=1
[INFO] [airplay] t_ms=91891637 control response session=5 request=8 status=200 body=0 headers=4 sent=1 close=0
[INFO] [airplay] t_ms=91891956 control request session=5 method=SETUP uri=<URL_REDACTED> body=243
[INFO] [airplay] session=5 request=9 method=SETUP uri=<URL_REDACTED> bytes=243 state=recording
[INFO] [airplay] t_ms=91891956 setup metadata session=5 keys=1 initial=0 timing=missing timing_port=0 remote_control=0 streams=1 mirror=0 audio=1
[INFO] [airplay] session=5 method=SETUP initial=1 mirror=0 record=1 result=failed
[INFO] [airplay] t_ms=91892028 control response session=5 request=9 status=461 body=0 headers=3 sent=1 close=0
[INFO] [airplay] t_ms=91892042 control request session=5 method=TEARDOWN uri=<URL_REDACTED> body=42
[INFO] [airplay] session=5 request=10 method=TEARDOWN uri=<URL_REDACTED> bytes=42 state=recording
[INFO] [airplay] t_ms=91892042 control response session=5 request=10 status=200 body=0 headers=3 sent=1 close=1
[INFO] [airplay] t_ms=91892042 control closed session=5 requests=10 reason=response-close errno=0
[INFO] [runtime-heartbeat] t_ms=91892570 frame=4865 view=home player_state=stopped media=1 return_home_pending=0 protocol_state=ready owner=none generation=0 resource_desired=home resource_applied=home resource_transition=0 resource_failed=0 resource_age_ms=0 iptv_background=0,0 discovery_suspended=0 service_workers=0,0,0 service_age_ms=83771,83767,20237 media_queue=0 media_high=1 media_command=0 media_kind=0 media_producer=0 media_token=0 media_generation=0 media_command_age_ms=0 media_heartbeat_age_ms=8 media_full=0 media_stale=0 media_timeout=0 media_coalesced=0 media_accepting=1 media_lifecycle=0,1,0,1 log_queue=0 enqueued=788 processed=788 log_high=51 log_heartbeat_age_ms=528 log_waiting=1 queue_dropped=0 mirror_dropped=0 mirror_failures=0 mirror=1 worker=1 mdns_phase=waiting mdns_mode=0 mdns_running=1 mdns_suspended=0 ssdp_suspended=0 mdns_socket=1 mdns_heartbeat_age_ms=99 mdns_select=110 mdns_recv=15 mdns_sent=8
[INFO] [network-heartbeat] threshold_ms=1500 mdns=fd:1,active:1,oldest:select/99,total:379,max:201,error:0/none,hb:99,overflow:0,underflow:0 ssdp=fd:1,active:1,oldest:select/40,total:1176,max:102,error:0/none,hb:40,overflow:0,underflow:0 dlna-http=fd:1,active:1,oldest:select/39,total:1105,max:256,error:0/none,hb:39,overflow:0,underflow:0 airplay-control=fd:1,active:1,oldest:select/99,total:658,max:238,error:11/recv,hb:99,overflow:0,underflow:0 iptv-background=fd:0,active:0,oldest:none/0,total:0,max:0,error:0/none,hb:0,overflow:0,underflow:0
[INFO] [runtime-heartbeat] t_ms=91894570 frame=4985 view=home player_state=stopped media=1 return_home_pending=0 protocol_state=ready owner=none generation=0 resource_desired=home resource_applied=home resource_transition=0 resource_failed=0 resource_age_ms=0 iptv_background=0,0 discovery_suspended=0 service_workers=0,0,0 service_age_ms=85771,85767,22237 media_queue=0 media_high=1 media_command=0 media_kind=0 media_producer=0 media_token=0 media_generation=0 media_command_age_ms=0 media_heartbeat_age_ms=6 media_full=0 media_stale=0 media_timeout=0 media_coalesced=0 media_accepting=1 media_lifecycle=0,1,0,1 log_queue=0 enqueued=790 processed=790 log_high=51 log_heartbeat_age_ms=1999 log_waiting=1 queue_dropped=0 mirror_dropped=0 mirror_failures=0 mirror=1 worker=1 mdns_phase=waiting mdns_mode=0 mdns_running=1 mdns_suspended=0 ssdp_suspended=0 mdns_socket=1 mdns_heartbeat_age_ms=98 mdns_select=120 mdns_recv=15 mdns_sent=8
[INFO] [network-heartbeat] threshold_ms=1500 mdns=fd:1,active:1,oldest:select/98,total:389,max:201,error:0/none,hb:98,overflow:0,underflow:0 ssdp=fd:1,active:1,oldest:select/38,total:1196,max:102,error:0/none,hb:38,overflow:0,underflow:0 dlna-http=fd:1,active:1,oldest:select/38,total:1125,max:256,error:0/none,hb:38,overflow:0,underflow:0 airplay-control=fd:1,active:1,oldest:select/98,total:678,max:238,error:11/recv,hb:98,overflow:0,underflow:0 iptv-background=fd:0,active:0,oldest:none/0,total:0,max:0,error:0/none,hb:0,overflow:0,underflow:0
[INFO] [airplay] t_ms=91896174 control accepted peer=<IP_REDACTED>:62978 fd=7
[INFO] [airplay] t_ms=91896174 control client-worker entered slot=0 fd=7
[INFO] [airplay] t_ms=91896174 control request session=6 method=GET uri=<URL_REDACTED> body=70
[INFO] [airplay] session=6 request=1 method=GET uri=<URL_REDACTED> bytes=70 state=connected
[INFO] [airplay] t_ms=91896175 control response session=6 request=1 status=200 body=274 headers=4 sent=1 close=0
[INFO] [airplay] t_ms=91896187 control request session=6 method=POST uri=<URL_REDACTED> body=68
[INFO] [airplay-pairing] t_ms=91896199 session=6 uri=<URL_REDACTED> bytes=68 state=idle->verify-challenge result=ok status=200 close=0
[INFO] [airplay] t_ms=91896200 control response session=6 request=2 status=200 body=96 headers=4 sent=1 close=0
[INFO] [airplay] t_ms=91896206 control request session=6 method=POST uri=<URL_REDACTED> body=68
[INFO] [airplay-pairing] t_ms=91896207 session=6 uri=<URL_REDACTED> bytes=68 state=verify-challenge->verified result=ok status=200 close=0
[INFO] [airplay] t_ms=91896207 control response session=6 request=3 status=200 body=0 headers=4 sent=1 close=0
[INFO] [airplay] t_ms=91896214 control request session=6 method=POST uri=<URL_REDACTED> body=16
[INFO] [airplay] session=6 request=4 method=POST uri=<URL_REDACTED> bytes=16 state=connected
[INFO] [airplay] endpoint=fp-setup bytes=16 result=ok
[INFO] [airplay] t_ms=91896214 control response session=6 request=4 status=200 body=142 headers=4 sent=1 close=0
[INFO] [airplay] t_ms=91896221 control request session=6 method=POST uri=<URL_REDACTED> body=164
[INFO] [airplay] session=6 request=5 method=POST uri=<URL_REDACTED> bytes=164 state=connected
[INFO] [airplay] endpoint=fp-setup bytes=164 result=ok
[INFO] [airplay] t_ms=91896221 control response session=6 request=5 status=200 body=32 headers=4 sent=1 close=0
[INFO] [airplay] t_ms=91896227 control request session=6 method=SETUP uri=<URL_REDACTED> body=697
[INFO] [airplay] session=6 request=6 method=SETUP uri=<URL_REDACTED> bytes=697 state=connected
[INFO] [airplay] t_ms=91896227 setup metadata session=6 keys=19 initial=1 timing=NTP timing_port=54987 remote_control=0 streams=0 mirror=0 audio=0
[INFO] [airplay-timing] session=6 protocol=NTP local=47411 remote=54987
[INFO] [airplay] session=6 method=SETUP initial=1 mirror=0 record=0 result=ok
[INFO] [airplay] t_ms=91896228 control response session=6 request=6 status=200 body=76 headers=4 sent=1 close=0
[INFO] [airplay-timing] first NTP response received
[INFO] [airplay] t_ms=91896237 control request session=6 method=GET uri=<URL_REDACTED> body=0
[INFO] [airplay] session=6 request=7 method=GET uri=<URL_REDACTED> bytes=0 state=setup
[INFO] [airplay] t_ms=91896238 control response session=6 request=7 status=200 body=1105 headers=4 sent=1 close=0
[INFO] [airplay] t_ms=91896244 control request session=6 method=RECORD uri=<URL_REDACTED> body=0
[INFO] [airplay] session=6 request=8 method=RECORD uri=<URL_REDACTED> bytes=0 state=setup
[INFO] [airplay] session=6 method=RECORD mirror=0 deferred=1
[INFO] [airplay] t_ms=91896244 control response session=6 request=8 status=200 body=0 headers=4 sent=1 close=0
[INFO] [runtime-heartbeat] t_ms=91896570 frame=5105 view=home player_state=stopped media=1 return_home_pending=0 protocol_state=ready owner=none generation=0 resource_desired=home resource_applied=home resource_transition=0 resource_failed=0 resource_age_ms=0 iptv_background=0,0 discovery_suspended=0 service_workers=0,0,0 service_age_ms=87771,87767,24237 media_queue=0 media_high=1 media_command=0 media_kind=0 media_producer=0 media_token=0 media_generation=0 media_command_age_ms=0 media_heartbeat_age_ms=0 media_full=0 media_stale=0 media_timeout=0 media_coalesced=0 media_accepting=1 media_lifecycle=0,1,0,1 log_queue=0 enqueued=825 processed=825 log_high=51 log_heartbeat_age_ms=326 log_waiting=1 queue_dropped=0 mirror_dropped=0 mirror_failures=0 mirror=1 worker=1 mdns_phase=waiting mdns_mode=0 mdns_running=1 mdns_suspended=0 ssdp_suspended=0 mdns_socket=1 mdns_heartbeat_age_ms=199 mdns_select=130 mdns_recv=16 mdns_sent=8
[INFO] [network-heartbeat] threshold_ms=1500 mdns=fd:1,active:1,oldest:select/199,total:400,max:201,error:0/none,hb:199,overflow:0,underflow:0 ssdp=fd:1,active:1,oldest:select/37,total:1216,max:102,error:0/none,hb:37,overflow:0,underflow:0 dlna-http=fd:1,active:1,oldest:select/37,total:1145,max:256,error:0/none,hb:37,overflow:0,underflow:0 airplay-control=fd:2,active:2,oldest:recv/127,total:717,max:238,error:11/recv,hb:96,overflow:0,underflow:0 iptv-background=fd:0,active:0,oldest:none/0,total:0,max:0,error:0/none,hb:0,overflow:0,underflow:0
[INFO] [airplay] t_ms=91896665 control request session=6 method=SETUP uri=<URL_REDACTED> body=243
[INFO] [airplay] session=6 request=9 method=SETUP uri=<URL_REDACTED> bytes=243 state=recording
[INFO] [airplay] t_ms=91896665 setup metadata session=6 keys=1 initial=0 timing=missing timing_port=0 remote_control=0 streams=1 mirror=0 audio=1
[INFO] [airplay] session=6 method=SETUP initial=1 mirror=0 record=1 result=failed
[INFO] [airplay] t_ms=91896736 control response session=6 request=9 status=461 body=0 headers=3 sent=1 close=0
[INFO] [airplay] t_ms=91896747 control request session=6 method=TEARDOWN uri=<URL_REDACTED> body=42
[INFO] [airplay] session=6 request=10 method=TEARDOWN uri=<URL_REDACTED> bytes=42 state=recording
[INFO] [airplay] t_ms=91896748 control response session=6 request=10 status=200 body=0 headers=3 sent=1 close=1
[INFO] [airplay] t_ms=91896748 control closed session=6 requests=10 reason=response-close errno=0
[INFO] [runtime-heartbeat] t_ms=91898570 frame=5225 view=home player_state=stopped media=1 return_home_pending=0 protocol_state=ready owner=none generation=0 resource_desired=home resource_applied=home resource_transition=0 resource_failed=0 resource_age_ms=0 iptv_background=0,0 discovery_suspended=0 service_workers=0,0,0 service_age_ms=89771,89767,26237 media_queue=0 media_high=1 media_command=0 media_kind=0 media_producer=0 media_token=0 media_generation=0 media_command_age_ms=0 media_heartbeat_age_ms=9 media_full=0 media_stale=0 media_timeout=0 media_coalesced=0 media_accepting=1 media_lifecycle=0,1,0,1 log_queue=0 enqueued=836 processed=836 log_high=51 log_heartbeat_age_ms=1822 log_waiting=1 queue_dropped=0 mirror_dropped=0 mirror_failures=0 mirror=1 worker=1 mdns_phase=waiting mdns_mode=0 mdns_running=1 mdns_suspended=0 ssdp_suspended=0 mdns_socket=1 mdns_heartbeat_age_ms=190 mdns_select=142 mdns_recv=18 mdns_sent=8
[INFO] [network-heartbeat] threshold_ms=1500 mdns=fd:1,active:1,oldest:select/190,total:414,max:201,error:0/none,hb:190,overflow:0,underflow:0 ssdp=fd:1,active:1,oldest:select/36,total:1236,max:102,error:0/none,hb:36,overflow:0,underflow:0 dlna-http=fd:1,active:1,oldest:select/36,total:1165,max:256,error:0/none,hb:36,overflow:0,underflow:0 airplay-control=fd:1,active:1,oldest:select/95,total:741,max:238,error:11/recv,hb:95,overflow:0,underflow:0 iptv-background=fd:0,active:0,oldest:none/0,total:0,max:0,error:0/none,hb:0,overflow:0,underflow:0
[INFO] [runtime-heartbeat] t_ms=91900570 frame=5345 view=home player_state=stopped media=1 return_home_pending=0 protocol_state=ready owner=none generation=0 resource_desired=home resource_applied=home resource_transition=0 resource_failed=0 resource_age_ms=0 iptv_background=0,0 discovery_suspended=0 service_workers=0,0,0 service_age_ms=91771,91767,28237 media_queue=0 media_high=1 media_command=0 media_kind=0 media_producer=0 media_token=0 media_generation=0 media_command_age_ms=0 media_heartbeat_age_ms=8 media_full=0 media_stale=0 media_timeout=0 media_coalesced=0 media_accepting=1 media_lifecycle=0,1,0,1 log_queue=0 enqueued=838 processed=838 log_high=51 log_heartbeat_age_ms=1999 log_waiting=1 queue_dropped=0 mirror_dropped=0 mirror_failures=0 mirror=1 worker=1 mdns_phase=waiting mdns_mode=0 mdns_running=1 mdns_suspended=0 ssdp_suspended=0 mdns_socket=1 mdns_heartbeat_age_ms=189 mdns_select=152 mdns_recv=18 mdns_sent=8
[INFO] [network-heartbeat] threshold_ms=1500 mdns=fd:1,active:1,oldest:select/189,total:424,max:201,error:0/none,hb:189,overflow:0,underflow:0 ssdp=fd:1,active:1,oldest:select/32,total:1268,max:102,error:0/none,hb:32,overflow:0,underflow:0 dlna-http=fd:1,active:1,oldest:select/35,total:1185,max:256,error:0/none,hb:35,overflow:0,underflow:0 airplay-control=fd:1,active:1,oldest:select/93,total:761,max:238,error:11/recv,hb:93,overflow:0,underflow:0 iptv-background=fd:0,active:0,oldest:none/0,total:0,max:0,error:0/none,hb:0,overflow:0,underflow:0
[INFO] [ssdp] send packet to <IP_REDACTED>:2215 st=upnp:rootdevice bytes=283
[INFO] [ssdp] send packet to <IP_REDACTED>:2215 st=upnp:rootdevice bytes=283
[INFO] [ssdp] send packet to <IP_REDACTED>:2215 st=upnp:rootdevice bytes=283
[INFO] [runtime-heartbeat] t_ms=91902570 frame=5465 view=home player_state=stopped media=1 return_home_pending=0 protocol_state=ready owner=none generation=0 resource_desired=home resource_applied=home resource_transition=0 resource_failed=0 resource_age_ms=0 iptv_background=0,0 discovery_suspended=0 service_workers=0,0,0 service_age_ms=93771,93767,30237 media_queue=0 media_high=1 media_command=0 media_kind=0 media_producer=0 media_token=0 media_generation=0 media_command_age_ms=0 media_heartbeat_age_ms=7 media_full=0 media_stale=0 media_timeout=0 media_coalesced=0 media_accepting=1 media_lifecycle=0,1,0,1 log_queue=0 enqueued=843 processed=843 log_high=51 log_heartbeat_age_ms=1385 log_waiting=1 queue_dropped=0 mirror_dropped=0 mirror_failures=0 mirror=1 worker=1 mdns_phase=waiting mdns_mode=0 mdns_running=1 mdns_suspended=0 ssdp_suspended=0 mdns_socket=1 mdns_heartbeat_age_ms=188 mdns_select=162 mdns_recv=18 mdns_sent=8
[INFO] [network-heartbeat] threshold_ms=1500 mdns=fd:1,active:1,oldest:select/188,total:434,max:201,error:0/none,hb:188,overflow:0,underflow:0 ssdp=fd:1,active:1,oldest:select/83,total:1296,max:102,error:0/none,hb:83,overflow:0,underflow:0 dlna-http=fd:1,active:1,oldest:select/33,total:1205,max:256,error:0/none,hb:33,overflow:0,underflow:0 airplay-control=fd:1,active:1,oldest:select/92,total:781,max:238,error:11/recv,hb:92,overflow:0,underflow:0 iptv-background=fd:0,active:0,oldest:none/0,total:0,max:0,error:0/none,hb:0,overflow:0,underflow:0
[INFO] [soap] soap_call "AVTransport" "SetAVTransportURI" <InstanceID>0</InstanceID> <CurrentURI><URL_REDACTED></CurrentURI>
[INFO] [media-trace] seq=3 t_ms=0 action=SetAVTransportURI phase=begin url_hash=8d80ed28 metadata_bytes=2084 url=<URL_REDACTED>
[INFO] [media-trace] seq=3 t_ms=0 layer=soap action=SetAVTransportURI phase=dispatch instance=0 url_hash=8d80ed28 url=<URL_REDACTED>
[INFO] [protocol-coordinator] event=claim previous_owner=none previous_token=0 previous_generation=0 owner=dlna token=1 generation=4
[INFO] [protocol-coordinator] revision=32->35 state=ready->media-active iptv=running->running dlna=running->running airplay=running->running owner=none->dlna token=1 generation=4 pin_visible=0 resource=home->home desired=dlna-exclusive transition=1 failed=0 discovery_suspended=0->0 airplay_running=1 airplay_starting=0 status=Ready for AirPlay video
[INFO] [iptv] background-network suspended=1 quiesced=1
[INFO] [protocol-coordinator] event=reject action=validate owner=none token=0 generation=0 current_owner=dlna current_token=1 current_generation=4 reason=stale-lease
[INFO] [protocol-coordinator] event=reject action=validate owner=none token=0 generation=0 current_owner=dlna current_token=1 current_generation=4 reason=stale-lease
[INFO] [media-trace] seq=3 t_ms=6 layer=player action=set_media phase=begin url_hash=8d80ed28 url=<URL_REDACTED>
[INFO] [media-trace] seq=3 t_ms=7 layer=libmpv action=set_media phase=begin url_hash=8d80ed28 detail=- url=<URL_REDACTED>
[INFO] [media-trace] seq=3 t_ms=7 layer=libmpv action=set_media phase=mutex-wait url_hash=8d80ed28 detail=- url=<URL_REDACTED>
[INFO] [media-trace] seq=3 t_ms=7 layer=libmpv action=set_media phase=mutex-acquired url_hash=8d80ed28 detail=- url=<URL_REDACTED>
[INFO] [media-trace] seq=3 t_ms=7 layer=libmpv action=loadfile phase=dispatch url_hash=8d80ed28 detail=paused=1 profile=direct-mp4-fast url=<URL_REDACTED>
[INFO] [media-trace] seq=3 t_ms=7 layer=libmpv action=loadfile phase=queued url_hash=8d80ed28 detail=paused=1 profile=direct-mp4-fast url=<URL_REDACTED>
[INFO] [media-trace] seq=3 t_ms=7 layer=libmpv action=set_media phase=done url_hash=8d80ed28 detail=- url=<URL_REDACTED>
[INFO] [media-trace] seq=3 t_ms=7 layer=player action=set_media phase=done url_hash=8d80ed28 url=<URL_REDACTED>
[INFO] [media-trace] seq=3 t_ms=7 layer=libmpv action=mpv-start-file phase=event url_hash=8d80ed28 detail=- url=<URL_REDACTED>
[INFO] [player-libmpv] start-file uri=<URL_REDACTED>
[INFO] [media-trace] seq=3 t_ms=7 layer=soap action=SetAVTransportURI phase=done url_hash=8d80ed28 url=<URL_REDACTED>
[INFO] [soap] assert_http_200 service=AVTransport action=SetAVTransportURI handler=avtransport_set_uri
[INFO] [protocol-coordinator] revision=35->38 state=media-active->media-active iptv=running->running dlna=running->running airplay=running->stopped owner=dlna->dlna token=1 generation=4 pin_visible=0 resource=home->dlna-exclusive desired=dlna-exclusive transition=0 failed=0 discovery_suspended=0->0 airplay_running=0 airplay_starting=0 status=none
[INFO] [player-view] desired_view=video state=LOADING has_media=1 uri=<URL_REDACTED>
[INFO] [player-view] active_view=video frame=5473
[INFO] [input] active_view=video state=loading media=1 snapshot=1
[INFO] [soap] soap_call "AVTransport" "Play" <InstanceID>0</InstanceID> <Speed>1</Speed>
[INFO] [media-trace] seq=3 t_ms=26 layer=soap action=Play phase=begin url_hash=8d80ed28 detail=1 url=<URL_REDACTED>
[INFO] [media-trace] seq=3 t_ms=26 layer=player action=Play phase=backend-call-begin url_hash=8d80ed28 detail=-
[INFO] [media-trace] seq=3 t_ms=26 layer=libmpv action=Play phase=mutex-wait url_hash=8d80ed28 detail=- url=<URL_REDACTED>
[INFO] [media-trace] seq=3 t_ms=26 layer=libmpv action=Play phase=mutex-acquired url_hash=8d80ed28 detail=- url=<URL_REDACTED>
[INFO] [media-trace] seq=3 t_ms=26 layer=libmpv action=Play phase=deferred url_hash=8d80ed28 detail=waiting-file-loaded url=<URL_REDACTED>
[INFO] [media-trace] seq=3 t_ms=26 layer=player action=Play phase=backend-call-done url_hash=8d80ed28 detail=ok
[INFO] [media-trace] seq=3 t_ms=26 layer=player action=Play phase=snapshot-refresh-begin url_hash=8d80ed28 detail=-
[INFO] [media-trace] seq=3 t_ms=27 layer=player action=Play phase=snapshot-refresh-done url_hash=8d80ed28 detail=-
[INFO] [media-trace] seq=3 t_ms=27 layer=player action=Play phase=backend-wakeup-begin url_hash=8d80ed28 detail=-
[INFO] [media-trace] seq=3 t_ms=27 layer=player action=Play phase=backend-wakeup-done url_hash=8d80ed28 detail=-
[INFO] [media-trace] seq=3 t_ms=27 layer=soap action=Play phase=done url_hash=8d80ed28 detail=1 url=<URL_REDACTED>
[INFO] [soap] assert_http_200 service=AVTransport action=Play handler=avtransport_play
[INFO] [soap] soap_call "AVTransport" "GetPositionInfo" <InstanceID>0</InstanceID>
[INFO] [soap] assert_http_200 service=AVTransport action=GetPositionInfo handler=avtransport_get_position_info
[INFO] [soap] soap_call "AVTransport" "GetTransportInfo" <InstanceID>0</InstanceID>
[INFO] [soap] assert_http_200 service=AVTransport action=GetTransportInfo handler=avtransport_get_transport_info
[INFO] [player-libmpv][cplayer]  (+) Video --vid=1 (*) (h264 1280x720 30.000fps)
[INFO] [player-libmpv][cplayer]  (+) Audio --aid=1 (*) (aac 2ch 44100Hz)
[INFO] [player-libmpv][display-tags] File tags:
[INFO] [player-libmpv][display-tags]  Description: Bilibili VXCode Swarm Transcoder v1.3.38
[INFO] [media-trace] seq=3 t_ms=625 layer=libmpv action=mpv-file-loaded phase=event url_hash=8d80ed28 detail=- url=<URL_REDACTED>
[INFO] [player-libmpv] file-loaded uri=<URL_REDACTED>
[INFO] [media-trace] seq=3 t_ms=626 layer=libmpv action=Play phase=dispatch url_hash=8d80ed28 detail=file-loaded-autoplay url=<URL_REDACTED>
[INFO] [player-libmpv][vd] Using hardware decoding (nvtegra).
[INFO] [player-libmpv][cplayer] AO: [hos] 44100Hz stereo 2ch s16
[INFO] [player-libmpv][cplayer] VO: [libmpv] 1280x720 nvtegra[nv12]
[INFO] [media-trace] seq=3 t_ms=858 layer=libmpv action=mpv-playback-restart phase=event url_hash=8d80ed28 detail=- url=<URL_REDACTED>
[INFO] [media-trace] seq=3 t_ms=858 layer=libmpv action=startup-gate phase=seek-window url_hash=8d80ed28 detail=open url=<URL_REDACTED>
[INFO] [soap] soap_call "AVTransport" "GetTransportInfo" <InstanceID>0</InstanceID>
[INFO] [soap] assert_http_200 service=AVTransport action=GetTransportInfo handler=avtransport_get_transport_info
[INFO] [soap] soap_call "AVTransport" "GetPositionInfo" <InstanceID>0</InstanceID>
[INFO] [dlna-control] event=session-armed polls=4 last_poll_ms=91903742
[INFO] [soap] assert_http_200 service=AVTransport action=GetPositionInfo handler=avtransport_get_position_info
[INFO] [media-trace] seq=3 t_ms=1212 layer=libmpv action=startup-gate phase=released url_hash=8d80ed28 detail=initial-seek-window-expired url=<URL_REDACTED>
[INFO] [media-trace] seq=3 t_ms=1257 layer=render action=first-frame phase=presented url_hash=8d80ed28 frame=5545 presented=5545
[INFO] [runtime-heartbeat] t_ms=91904570 frame=5572 view=video player_state=playing media=1 return_home_pending=0 protocol_state=media-active owner=dlna generation=4 resource_desired=dlna-exclusive resource_applied=dlna-exclusive resource_transition=0 resource_failed=0 resource_age_ms=0 iptv_background=1,0 discovery_suspended=0 service_workers=0,0,0 service_age_ms=95771,95767,1865 media_queue=0 media_high=1 media_command=0 media_kind=0 media_producer=0 media_token=0 media_generation=0 media_command_age_ms=0 media_heartbeat_age_ms=5 media_full=0 media_stale=0 media_timeout=0 media_coalesced=0 media_accepting=1 media_lifecycle=0,1,0,1 log_queue=0 enqueued=905 processed=905 log_high=51 log_heartbeat_age_ms=611 log_waiting=1 queue_dropped=0 mirror_dropped=0 mirror_failures=0 mirror=1 worker=1 mdns_phase=stopped mdns_mode=0 mdns_running=0 mdns_suspended=0 ssdp_suspended=0 mdns_socket=0 mdns_heartbeat_age_ms=1866 mdns_select=164 mdns_recv=18 mdns_sent=10
[INFO] [network-heartbeat] threshold_ms=1500 mdns=fd:0,active:0,oldest:none/0,total:437,max:201,error:0/none,hb:1865,overflow:0,underflow:0 ssdp=fd:1,active:1,oldest:select/72,total:1316,max:104,error:0/none,hb:72,overflow:0,underflow:0 dlna-http=fd:1,active:1,oldest:select/16,total:1248,max:256,error:0/none,hb:16,overflow:0,underflow:0 airplay-control=fd:0,active:0,oldest:none/0,total:783,max:238,error:11/recv,hb:1865,overflow:0,underflow:0 iptv-background=fd:0,active:0,oldest:none/0,total:0,max:0,error:0/none,hb:0,overflow:0,underflow:0
[INFO] [soap] soap_call "AVTransport" "GetTransportInfo" <InstanceID>0</InstanceID>
[INFO] [soap] assert_http_200 service=AVTransport action=GetTransportInfo handler=avtransport_get_transport_info
[INFO] [soap] soap_call "AVTransport" "GetPositionInfo" <InstanceID>0</InstanceID>
[INFO] [soap] assert_http_200 service=AVTransport action=GetPositionInfo handler=avtransport_get_position_info
[INFO] [soap] soap_call "AVTransport" "Seek" <InstanceID>0</InstanceID> <Unit>REL_TIME</Unit> <Target>0:00:05</Target>
[INFO] [media-trace] seq=3 t_ms=2063 layer=soap action=Seek phase=begin url_hash=8d80ed28 detail=00:00:05 url=<URL_REDACTED>
[INFO] [media-trace] seq=3 t_ms=2063 layer=libmpv action=Seek phase=dispatch url_hash=8d80ed28 detail=5.000 url=<URL_REDACTED>
[INFO] [media-trace] seq=3 t_ms=2063 layer=soap action=Seek phase=done url_hash=8d80ed28 detail=00:00:05 url=<URL_REDACTED>
[INFO] [soap] assert_http_200 service=AVTransport action=Seek handler=avtransport_seek
[INFO] [media-trace] seq=3 t_ms=2094 layer=libmpv action=mpv-playback-restart phase=event url_hash=8d80ed28 detail=- url=<URL_REDACTED>
[INFO] [soap] soap_call "AVTransport" "GetPositionInfo" <InstanceID>0</InstanceID>
[INFO] [soap] assert_http_200 service=AVTransport action=GetPositionInfo handler=avtransport_get_position_info
[INFO] [soap] soap_call "AVTransport" "GetTransportInfo" <InstanceID>0</InstanceID>
[INFO] [soap] assert_http_200 service=AVTransport action=GetTransportInfo handler=avtransport_get_transport_info
[INFO] [runtime-heartbeat] t_ms=91906597 frame=5644 view=video player_state=playing media=1 return_home_pending=0 protocol_state=media-active owner=dlna generation=4 resource_desired=dlna-exclusive resource_applied=dlna-exclusive resource_transition=0 resource_failed=0 resource_age_ms=0 iptv_background=1,0 discovery_suspended=0 service_workers=0,0,0 service_age_ms=97799,97795,3893 media_queue=0 media_high=1 media_command=0 media_kind=0 media_producer=0 media_token=0 media_generation=0 media_command_age_ms=0 media_heartbeat_age_ms=6 media_full=0 media_stale=0 media_timeout=0 media_coalesced=0 media_accepting=1 media_lifecycle=0,1,0,1 log_queue=0 enqueued=921 processed=921 log_high=51 log_heartbeat_age_ms=851 log_waiting=1 queue_dropped=0 mirror_dropped=0 mirror_failures=0 mirror=1 worker=1 mdns_phase=stopped mdns_mode=0 mdns_running=0 mdns_suspended=0 ssdp_suspended=0 mdns_socket=0 mdns_heartbeat_age_ms=3894 mdns_select=164 mdns_recv=18 mdns_sent=10
[INFO] [network-heartbeat] threshold_ms=1500 mdns=fd:0,active:0,oldest:none/0,total:437,max:201,error:0/none,hb:3893,overflow:0,underflow:0 ssdp=fd:1,active:1,oldest:select/97,total:1336,max:104,error:0/none,hb:97,overflow:0,underflow:0 dlna-http=fd:1,active:1,oldest:select/50,total:1286,max:256,error:0/none,hb:50,overflow:0,underflow:0 airplay-control=fd:0,active:0,oldest:none/0,total:783,max:238,error:11/recv,hb:3893,overflow:0,underflow:0 iptv-background=fd:0,active:0,oldest:none/0,total:0,max:0,error:0/none,hb:0,overflow:0,underflow:0
[INFO] [soap] soap_call "AVTransport" "GetPositionInfo" <InstanceID>0</InstanceID>
[INFO] [soap] assert_http_200 service=AVTransport action=GetPositionInfo handler=avtransport_get_position_info
[INFO] [soap] soap_call "AVTransport" "GetTransportInfo" <InstanceID>0</InstanceID>
[INFO] [soap] assert_http_200 service=AVTransport action=GetTransportInfo handler=avtransport_get_transport_info
[INFO] [soap] soap_call "AVTransport" "GetTransportInfo" <InstanceID>0</InstanceID>
[INFO] [soap] assert_http_200 service=AVTransport action=GetTransportInfo handler=avtransport_get_transport_info
[INFO] [soap] soap_call "AVTransport" "GetPositionInfo" <InstanceID>0</InstanceID>
[INFO] [soap] assert_http_200 service=AVTransport action=GetPositionInfo handler=avtransport_get_position_info
[INFO] [runtime-heartbeat] t_ms=91908599 frame=5711 view=video player_state=playing media=1 return_home_pending=0 protocol_state=media-active owner=dlna generation=4 resource_desired=dlna-exclusive resource_applied=dlna-exclusive resource_transition=0 resource_failed=0 resource_age_ms=0 iptv_background=1,0 discovery_suspended=0 service_workers=0,0,0 service_age_ms=99800,99796,5894 media_queue=0 media_high=1 media_command=0 media_kind=0 media_producer=0 media_token=0 media_generation=0 media_command_age_ms=0 media_heartbeat_age_ms=6 media_full=0 media_stale=0 media_timeout=0 media_coalesced=0 media_accepting=1 media_lifecycle=0,1,0,1 log_queue=0 enqueued=931 processed=931 log_high=51 log_heartbeat_age_ms=854 log_waiting=1 queue_dropped=0 mirror_dropped=0 mirror_failures=0 mirror=1 worker=1 mdns_phase=stopped mdns_mode=0 mdns_running=0 mdns_suspended=0 ssdp_suspended=0 mdns_socket=0 mdns_heartbeat_age_ms=5896 mdns_select=164 mdns_recv=18 mdns_sent=10
[INFO] [network-heartbeat] threshold_ms=1500 mdns=fd:0,active:0,oldest:none/0,total:437,max:201,error:0/none,hb:5895,overflow:0,underflow:0 ssdp=fd:1,active:1,oldest:select/94,total:1356,max:104,error:0/none,hb:94,overflow:0,underflow:0 dlna-http=fd:1,active:1,oldest:select/54,total:1320,max:256,error:0/none,hb:54,overflow:0,underflow:0 airplay-control=fd:0,active:0,oldest:none/0,total:783,max:238,error:11/recv,hb:5895,overflow:0,underflow:0 iptv-background=fd:0,active:0,oldest:none/0,total:0,max:0,error:0/none,hb:0,overflow:0,underflow:0
[INFO] [soap] soap_call "AVTransport" "GetTransportInfo" <InstanceID>0</InstanceID>
[INFO] [soap] assert_http_200 service=AVTransport action=GetTransportInfo handler=avtransport_get_transport_info
[INFO] [soap] soap_call "AVTransport" "GetPositionInfo" <InstanceID>0</InstanceID>
[INFO] [soap] assert_http_200 service=AVTransport action=GetPositionInfo handler=avtransport_get_position_info
[INFO] [soap] soap_call "AVTransport" "GetTransportInfo" <InstanceID>0</InstanceID>
[INFO] [soap] assert_http_200 service=AVTransport action=GetTransportInfo handler=avtransport_get_transport_info
[INFO] [soap] soap_call "AVTransport" "GetPositionInfo" <InstanceID>0</InstanceID>
[INFO] [soap] assert_http_200 service=AVTransport action=GetPositionInfo handler=avtransport_get_position_info
[INFO] [runtime-heartbeat] t_ms=91910603 frame=5779 view=video player_state=playing media=1 return_home_pending=0 protocol_state=media-active owner=dlna generation=4 resource_desired=dlna-exclusive resource_applied=dlna-exclusive resource_transition=0 resource_failed=0 resource_age_ms=0 iptv_background=1,0 discovery_suspended=0 service_workers=0,0,0 service_age_ms=101804,101800,7898 media_queue=0 media_high=1 media_command=0 media_kind=0 media_producer=0 media_token=0 media_generation=0 media_command_age_ms=0 media_heartbeat_age_ms=7 media_full=0 media_stale=0 media_timeout=0 media_coalesced=0 media_accepting=1 media_lifecycle=0,1,0,1 log_queue=0 enqueued=941 processed=941 log_high=51 log_heartbeat_age_ms=811 log_waiting=1 queue_dropped=0 mirror_dropped=0 mirror_failures=0 mirror=1 worker=1 mdns_phase=stopped mdns_mode=0 mdns_running=0 mdns_suspended=0 ssdp_suspended=0 mdns_socket=0 mdns_heartbeat_age_ms=7900 mdns_select=164 mdns_recv=18 mdns_sent=10
[INFO] [network-heartbeat] threshold_ms=1500 mdns=fd:0,active:0,oldest:none/0,total:437,max:201,error:0/none,hb:7899,overflow:0,underflow:0 ssdp=fd:1,active:1,oldest:select/93,total:1376,max:104,error:0/none,hb:93,overflow:0,underflow:0 dlna-http=fd:1,active:1,oldest:select/10,total:1355,max:256,error:0/none,hb:10,overflow:0,underflow:0 airplay-control=fd:0,active:0,oldest:none/0,total:783,max:238,error:11/recv,hb:7899,overflow:0,underflow:0 iptv-background=fd:0,active:0,oldest:none/0,total:0,max:0,error:0/none,hb:0,overflow:0,underflow:0
[INFO] [soap] soap_call "AVTransport" "GetTransportInfo" <InstanceID>0</InstanceID>
[INFO] [soap] assert_http_200 service=AVTransport action=GetTransportInfo handler=avtransport_get_transport_info
[INFO] [soap] soap_call "AVTransport" "GetPositionInfo" <InstanceID>0</InstanceID>
[INFO] [soap] assert_http_200 service=AVTransport action=GetPositionInfo handler=avtransport_get_position_info
[INFO] [soap] soap_call "AVTransport" "GetTransportInfo" <InstanceID>0</InstanceID>
[INFO] [soap] assert_http_200 service=AVTransport action=GetTransportInfo handler=avtransport_get_transport_info
[INFO] [soap] soap_call "AVTransport" "GetPositionInfo" <InstanceID>0</InstanceID>
[INFO] [soap] assert_http_200 service=AVTransport action=GetPositionInfo handler=avtransport_get_position_info
[INFO] [soap] soap_call "AVTransport" "Stop" <InstanceID>0</InstanceID>
[INFO] [media-trace] seq=3 t_ms=9644 layer=soap action=Stop phase=begin url_hash=8d80ed28 detail=- url=<URL_REDACTED>
[INFO] [media-trace] seq=3 t_ms=9644 layer=player action=Stop phase=backend-call-begin url_hash=8d80ed28 detail=-
[INFO] [media-trace] seq=3 t_ms=9644 layer=libmpv action=Stop phase=mutex-wait url_hash=8d80ed28 detail=- url=<URL_REDACTED>
[INFO] [media-trace] seq=3 t_ms=9644 layer=libmpv action=Stop phase=mutex-acquired url_hash=8d80ed28 detail=- url=<URL_REDACTED>
[INFO] [media-trace] seq=3 t_ms=9644 layer=libmpv action=Stop phase=dispatch url_hash=8d80ed28 detail=- url=<URL_REDACTED>
[INFO] [media-trace] seq=3 t_ms=9644 layer=player action=Stop phase=backend-call-done url_hash=8d80ed28 detail=ok
[INFO] [media-trace] seq=3 t_ms=9644 layer=player action=Stop phase=snapshot-refresh-begin url_hash=8d80ed28 detail=-
[INFO] [media-trace] seq=3 t_ms=9644 layer=player action=Stop phase=snapshot-refresh-done url_hash=8d80ed28 detail=-
[INFO] [media-trace] seq=3 t_ms=9644 layer=player action=Stop phase=backend-wakeup-begin url_hash=8d80ed28 detail=-
[INFO] [media-trace] seq=3 t_ms=9644 layer=player action=Stop phase=backend-wakeup-done url_hash=8d80ed28 detail=-
[INFO] [protocol-coordinator] event=release action=release owner=dlna token=1 generation=4 reason=completed
[INFO] [media-trace] seq=3 t_ms=9645 layer=soap action=Stop phase=done url_hash=8d80ed28 detail=- url=<URL_REDACTED>
[INFO] [soap] assert_http_200 service=AVTransport action=Stop handler=avtransport_stop
[INFO] [protocol-coordinator] revision=38->41 state=media-active->ready iptv=running->running dlna=running->running airplay=stopped->stopped owner=dlna->none token=0 generation=0 pin_visible=0 resource=dlna-exclusive->dlna-exclusive desired=home transition=1 failed=0 discovery_suspended=0->0 airplay_running=0 airplay_starting=0 status=none
[INFO] [return-home] phase=request t_ms=91912363 playback_active=0 state=stopped media=1
[INFO] [return-home] phase=show-home begin reason=no-active-media
[INFO] [player-view] manual navigation target=home state=PLAYING
[INFO] [return-home] phase=show-home done ok=1 reason=no-active-media
[INFO] [dlna-control] event=return-home reason=explicit-stop ok=1 stop=0 polls=0 poll_age_ms=91912363 state=stopped
[INFO] [player-view] active_view=home frame=5835
[INFO] [input] active_view=home state=stopped media=1 snapshot=1
[INFO] [airplay] t_ms=91912364 integration stage=ed25519 begin
[INFO] [airplay] t_ms=91912364 integration stage=ed25519 done
[INFO] [airplay] t_ms=91912364 integration stage=mirror-runtime begin
[INFO] [airplay] t_ms=91912364 integration stage=mirror-runtime done
[INFO] [airplay] t_ms=91912364 integration stage=remote-video begin
[INFO] [airplay] t_ms=91912364 integration stage=remote-video done
[INFO] [airplay] t_ms=91912364 integration stage=receiver begin
[INFO] [airplay] t_ms=91912364 receiver stage=pairing-identity begin
[INFO] [protocol-coordinator] revision=41->42 state=ready->ready iptv=running->running dlna=running->running airplay=stopped->starting owner=none->none token=0 generation=0 pin_visible=0 resource=dlna-exclusive->dlna-exclusive desired=home transition=1 failed=0 discovery_suspended=0->0 airplay_running=0 airplay_starting=0 status=none
[INFO] [airplay] t_ms=91912374 receiver stage=pairing-identity done
[INFO] [airplay] t_ms=91912374 receiver stage=dns-sd-txt begin
[INFO] [airplay] t_ms=91912374 receiver stage=dns-sd-txt done
[INFO] [airplay] t_ms=91912374 receiver stage=handlers begin
[INFO] [airplay] t_ms=91912374 handlers stage=validate begin
[INFO] [airplay] t_ms=91912374 handlers stage=validate done
[INFO] [airplay] t_ms=91912374 handlers stage=allocate begin bytes=792
[INFO] [airplay] t_ms=91912374 handlers stage=allocate done
[INFO] [airplay] t_ms=91912374 handlers stage=copy begin txt_bytes=214
[INFO] [airplay] t_ms=91912374 handlers stage=copy done
[INFO] [airplay] t_ms=91912374 receiver stage=handlers done
[INFO] [airplay] t_ms=91912374 receiver stage=control-server begin
[INFO] [airplay-server] listening on :7000
[INFO] [airplay] t_ms=91912374 receiver stage=control-server done port=7000
[INFO] [airplay] t_ms=91912374 receiver stage=lifecycle begin
[INFO] [airplay] t_ms=91912374 receiver stage=lifecycle done
[INFO] [airplay] t_ms=91912374 receiver stage=mdns begin
[INFO] [airplay] t_ms=91912374 mdns stage=local-address begin
[INFO] [airplay] t_ms=91912375 mdns stage=local-address done
[INFO] [airplay-mdns] local-address=<IP_REDACTED>
[INFO] [airplay] t_ms=91912375 mdns stage=service-record begin
[INFO] [airplay] t_ms=91912375 mdns stage=service-record done
[INFO] [airplay] t_ms=91912375 mdns stage=socket begin
[INFO] [airplay] t_ms=91912375 mdns socket stage=create begin
[INFO] [airplay] t_ms=91912375 mdns socket stage=create done fd=8
[INFO] [airplay] t_ms=91912375 mdns socket stage=bind begin port=5353
[INFO] [airplay] t_ms=91912375 mdns socket stage=bind done
[INFO] [airplay] t_ms=91912375 mdns socket stage=multicast-join begin
[INFO] [airplay] t_ms=91912375 mdns socket stage=multicast-join done
[INFO] [airplay] t_ms=91912375 mdns stage=socket done
[INFO] [airplay] t_ms=91912375 mdns stage=thread begin
[INFO] [airplay] t_ms=91912375 mdns thread-create begin stack=65536
[INFO] [airplay] t_ms=91912375 mdns thread-create done rc=0x00000000
[INFO] [airplay] t_ms=91912375 mdns thread-start begin
[INFO] [airplay] t_ms=91912375 mdns worker entered
[INFO] [airplay] t_ms=91912376 mdns worker mode=0 priority=0x2b
[INFO] [airplay] t_ms=91912376 mdns worker announce begin
[INFO] [airplay] t_ms=91912376 mdns thread-start done rc=0x00000000
[INFO] [airplay] t_ms=91912376 mdns stage=thread done
[INFO] [airplay-mdns] started airplay=NX-Cast raop=<IDENTIFIER_REDACTED>@NX-Cast port=7000 features=0x5A7FFEE6,0x0
[INFO] [airplay-mdns] started airplay=NX-Cast raop=<IDENTIFIER_REDACTED>@NX-Cast port=7000 features=0x5A7FFEE6,0x0
[INFO] [airplay] t_ms=91912376 receiver stage=mdns done
[INFO] [airplay] t_ms=91912376 integration stage=receiver done
[INFO] [airplay] integration started port=7000 discovery=1
[INFO] [iptv] background-network suspended=0 quiesced=1
[INFO] [airplay] t_ms=91912376 mdns worker announce done
[INFO] [protocol-coordinator] revision=42->45 state=ready->ready iptv=running->running dlna=running->running airplay=starting->running owner=none->none token=0 generation=0 pin_visible=0 resource=dlna-exclusive->home desired=home transition=0 failed=0 discovery_suspended=0->0 airplay_running=1 airplay_starting=0 status=Ready for AirPlay video
[WARN] [player-libmpv][ffmpeg/demuxer] mov,mp4,m4a,3gp,3g2,mj2: Packet corrupt (stream = 0, dts = 653867).
[ERROR] [player-libmpv][ffmpeg] NULL: Invalid NAL unit size (16126 > 12793).
[ERROR] [player-libmpv][ffmpeg] NULL: missing picture in access unit with size 12797
[INFO] [player-libmpv] end-file uri=<URL_REDACTED> reason=stop error=success
[INFO] [media-trace] seq=3 t_ms=9826 layer=libmpv action=mpv-end-file phase=event url_hash=8d80ed28 detail=stop url=<URL_REDACTED>
[INFO] [runtime-heartbeat] t_ms=91912603 frame=5852 view=home player_state=stopped media=1 return_home_pending=0 protocol_state=ready owner=none generation=0 resource_desired=home resource_applied=home resource_transition=0 resource_failed=0 resource_age_ms=0 iptv_background=0,0 discovery_suspended=0 service_workers=0,0,0 service_age_ms=103804,103800,227 media_queue=0 media_high=1 media_command=0 media_kind=0 media_producer=0 media_token=0 media_generation=0 media_command_age_ms=0 media_heartbeat_age_ms=0 media_full=0 media_stale=0 media_timeout=0 media_coalesced=0 media_accepting=1 media_lifecycle=0,1,0,1 log_queue=0 enqueued=1034 processed=1034 log_high=51 log_heartbeat_age_ms=78 log_waiting=1 queue_dropped=0 mirror_dropped=0 mirror_failures=0 mirror=1 worker=1 mdns_phase=waiting mdns_mode=0 mdns_running=1 mdns_suspended=0 ssdp_suspended=0 mdns_socket=1 mdns_heartbeat_age_ms=27 mdns_select=1 mdns_recv=0 mdns_sent=2
[INFO] [network-heartbeat] threshold_ms=1500 mdns=fd:1,active:1,oldest:select/28,total:444,max:201,error:0/none,hb:28,overflow:0,underflow:0 ssdp=fd:1,active:1,oldest:select/88,total:1396,max:104,error:0/none,hb:88,overflow:0,underflow:0 dlna-http=fd:1,active:1,oldest:select/60,total:1392,max:256,error:0/none,hb:60,overflow:0,underflow:0 airplay-control=fd:1,active:1,oldest:select/30,total:787,max:238,error:11/recv,hb:30,overflow:0,underflow:0 iptv-background=fd:0,active:0,oldest:none/0,total:0,max:0,error:0/none,hb:0,overflow:0,underflow:0
[INFO] [runtime-heartbeat] t_ms=91914603 frame=5972 view=home player_state=stopped media=1 return_home_pending=0 protocol_state=ready owner=none generation=0 resource_desired=home resource_applied=home resource_transition=0 resource_failed=0 resource_age_ms=0 iptv_background=0,0 discovery_suspended=0 service_workers=0,0,0 service_age_ms=105804,105800,2227 media_queue=0 media_high=1 media_command=0 media_kind=0 media_producer=0 media_token=0 media_generation=0 media_command_age_ms=0 media_heartbeat_age_ms=9 media_full=0 media_stale=0 media_timeout=0 media_coalesced=0 media_accepting=1 media_lifecycle=0,1,0,1 log_queue=0 enqueued=1036 processed=1036 log_high=51 log_heartbeat_age_ms=1999 log_waiting=1 queue_dropped=0 mirror_dropped=0 mirror_failures=0 mirror=1 worker=1 mdns_phase=waiting mdns_mode=0 mdns_running=1 mdns_suspended=0 ssdp_suspended=0 mdns_socket=1 mdns_heartbeat_age_ms=26 mdns_select=11 mdns_recv=0 mdns_sent=2
[INFO] [network-heartbeat] threshold_ms=1500 mdns=fd:1,active:1,oldest:select/26,total:454,max:201,error:0/none,hb:26,overflow:0,underflow:0 ssdp=fd:1,active:1,oldest:select/84,total:1416,max:104,error:0/none,hb:84,overflow:0,underflow:0 dlna-http=fd:1,active:1,oldest:select/58,total:1412,max:256,error:0/none,hb:58,overflow:0,underflow:0 airplay-control=fd:1,active:1,oldest:select/28,total:807,max:238,error:11/recv,hb:28,overflow:0,underflow:0 iptv-background=fd:0,active:0,oldest:none/0,total:0,max:0,error:0/none,hb:0,overflow:0,underflow:0
[INFO] [runtime-heartbeat] t_ms=91916603 frame=6092 view=home player_state=stopped media=1 return_home_pending=0 protocol_state=ready owner=none generation=0 resource_desired=home resource_applied=home resource_transition=0 resource_failed=0 resource_age_ms=0 iptv_background=0,0 discovery_suspended=0 service_workers=0,0,0 service_age_ms=107804,107800,4227 media_queue=0 media_high=1 media_command=0 media_kind=0 media_producer=0 media_token=0 media_generation=0 media_command_age_ms=0 media_heartbeat_age_ms=8 media_full=0 media_stale=0 media_timeout=0 media_coalesced=0 media_accepting=1 media_lifecycle=0,1,0,1 log_queue=0 enqueued=1038 processed=1038 log_high=51 log_heartbeat_age_ms=1999 log_waiting=1 queue_dropped=0 mirror_dropped=0 mirror_failures=0 mirror=1 worker=1 mdns_phase=waiting mdns_mode=0 mdns_running=1 mdns_suspended=0 ssdp_suspended=0 mdns_socket=1 mdns_heartbeat_age_ms=26 mdns_select=21 mdns_recv=0 mdns_sent=2
[INFO] [network-heartbeat] threshold_ms=1500 mdns=fd:1,active:1,oldest:select/26,total:464,max:201,error:0/none,hb:26,overflow:0,underflow:0 ssdp=fd:1,active:1,oldest:select/80,total:1436,max:104,error:0/none,hb:80,overflow:0,underflow:0 dlna-http=fd:1,active:1,oldest:select/57,total:1432,max:256,error:0/none,hb:57,overflow:0,underflow:0 airplay-control=fd:1,active:1,oldest:select/26,total:827,max:238,error:11/recv,hb:26,overflow:0,underflow:0 iptv-background=fd:0,active:0,oldest:none/0,total:0,max:0,error:0/none,hb:0,overflow:0,underflow:0
[INFO] [runtime-heartbeat] t_ms=91918603 frame=6212 view=home player_state=stopped media=1 return_home_pending=0 protocol_state=ready owner=none generation=0 resource_desired=home resource_applied=home resource_transition=0 resource_failed=0 resource_age_ms=0 iptv_background=0,0 discovery_suspended=0 service_workers=0,0,0 service_age_ms=109804,109800,6227 media_queue=0 media_high=1 media_command=0 media_kind=0 media_producer=0 media_token=0 media_generation=0 media_command_age_ms=0 media_heartbeat_age_ms=6 media_full=0 media_stale=0 media_timeout=0 media_coalesced=0 media_accepting=1 media_lifecycle=0,1,0,1 log_queue=0 enqueued=1040 processed=1040 log_high=51 log_heartbeat_age_ms=1999 log_waiting=1 queue_dropped=0 mirror_dropped=0 mirror_failures=0 mirror=1 worker=1 mdns_phase=waiting mdns_mode=0 mdns_running=1 mdns_suspended=0 ssdp_suspended=0 mdns_socket=1 mdns_heartbeat_age_ms=26 mdns_select=31 mdns_recv=0 mdns_sent=2
[INFO] [network-heartbeat] threshold_ms=1500 mdns=fd:1,active:1,oldest:select/27,total:474,max:201,error:0/none,hb:27,overflow:0,underflow:0 ssdp=fd:1,active:1,oldest:select/12,total:1458,max:104,error:0/none,hb:12,overflow:0,underflow:0 dlna-http=fd:1,active:1,oldest:select/57,total:1452,max:256,error:0/none,hb:57,overflow:0,underflow:0 airplay-control=fd:1,active:1,oldest:select/26,total:847,max:238,error:11/recv,hb:26,overflow:0,underflow:0 iptv-background=fd:0,active:0,oldest:none/0,total:0,max:0,error:0/none,hb:0,overflow:0,underflow:0
[INFO] [runtime-heartbeat] t_ms=91920603 frame=6332 view=home player_state=stopped media=1 return_home_pending=0 protocol_state=ready owner=none generation=0 resource_desired=home resource_applied=home resource_transition=0 resource_failed=0 resource_age_ms=0 iptv_background=0,0 discovery_suspended=0 service_workers=0,0,0 service_age_ms=111804,111800,8227 media_queue=0 media_high=1 media_command=0 media_kind=0 media_producer=0 media_token=0 media_generation=0 media_command_age_ms=0 media_heartbeat_age_ms=5 media_full=0 media_stale=0 media_timeout=0 media_coalesced=0 media_accepting=1 media_lifecycle=0,1,0,1 log_queue=0 enqueued=1042 processed=1042 log_high=51 log_heartbeat_age_ms=1999 log_waiting=1 queue_dropped=0 mirror_dropped=0 mirror_failures=0 mirror=1 worker=1 mdns_phase=waiting mdns_mode=0 mdns_running=1 mdns_suspended=0 ssdp_suspended=0 mdns_socket=1 mdns_heartbeat_age_ms=25 mdns_select=41 mdns_recv=0 mdns_sent=2
[INFO] [network-heartbeat] threshold_ms=1500 mdns=fd:1,active:1,oldest:select/25,total:484,max:201,error:0/none,hb:25,overflow:0,underflow:0 ssdp=fd:1,active:1,oldest:select/68,total:1566,max:104,error:0/none,hb:68,overflow:0,underflow:0 dlna-http=fd:1,active:1,oldest:select/55,total:1472,max:256,error:0/none,hb:55,overflow:0,underflow:0 airplay-control=fd:1,active:1,oldest:select/25,total:867,max:238,error:11/recv,hb:25,overflow:0,underflow:0 iptv-background=fd:0,active:0,oldest:none/0,total:0,max:0,error:0/none,hb:0,overflow:0,underflow:0
[INFO] [runtime-heartbeat] t_ms=91922603 frame=6452 view=home player_state=stopped media=1 return_home_pending=0 protocol_state=ready owner=none generation=0 resource_desired=home resource_applied=home resource_transition=0 resource_failed=0 resource_age_ms=0 iptv_background=0,0 discovery_suspended=0 service_workers=0,0,0 service_age_ms=113804,113800,10227 media_queue=0 media_high=1 media_command=0 media_kind=0 media_producer=0 media_token=0 media_generation=0 media_command_age_ms=0 media_heartbeat_age_ms=4 media_full=0 media_stale=0 media_timeout=0 media_coalesced=0 media_accepting=1 media_lifecycle=0,1,0,1 log_queue=0 enqueued=1044 processed=1044 log_high=51 log_heartbeat_age_ms=1999 log_waiting=1 queue_dropped=0 mirror_dropped=0 mirror_failures=0 mirror=1 worker=1 mdns_phase=waiting mdns_mode=0 mdns_running=1 mdns_suspended=0 ssdp_suspended=0 mdns_socket=1 mdns_heartbeat_age_ms=28 mdns_select=58 mdns_recv=10 mdns_sent=2
[INFO] [network-heartbeat] threshold_ms=1500 mdns=fd:1,active:1,oldest:select/28,total:511,max:201,error:0/none,hb:28,overflow:0,underflow:0 ssdp=fd:1,active:1,oldest:select/66,total:1586,max:104,error:0/none,hb:66,overflow:0,underflow:0 dlna-http=fd:1,active:1,oldest:select/54,total:1492,max:256,error:0/none,hb:54,overflow:0,underflow:0 airplay-control=fd:1,active:1,oldest:select/24,total:887,max:238,error:11/recv,hb:24,overflow:0,underflow:0 iptv-background=fd:0,active:0,oldest:none/0,total:0,max:0,error:0/none,hb:0,overflow:0,underflow:0
[INFO] [runtime-heartbeat] t_ms=91924603 frame=6572 view=home player_state=stopped media=1 return_home_pending=0 protocol_state=ready owner=none generation=0 resource_desired=home resource_applied=home resource_transition=0 resource_failed=0 resource_age_ms=0 iptv_background=0,0 discovery_suspended=0 service_workers=0,0,0 service_age_ms=115804,115800,12227 media_queue=0 media_high=1 media_command=0 media_kind=0 media_producer=0 media_token=0 media_generation=0 media_command_age_ms=0 media_heartbeat_age_ms=3 media_full=0 media_stale=0 media_timeout=0 media_coalesced=0 media_accepting=1 media_lifecycle=0,1,0,1 log_queue=0 enqueued=1046 processed=1046 log_high=51 log_heartbeat_age_ms=1999 log_waiting=1 queue_dropped=0 mirror_dropped=0 mirror_failures=0 mirror=1 worker=1 mdns_phase=waiting mdns_mode=0 mdns_running=1 mdns_suspended=0 ssdp_suspended=0 mdns_socket=1 mdns_heartbeat_age_ms=91 mdns_select=70 mdns_recv=13 mdns_sent=2
[INFO] [network-heartbeat] threshold_ms=1500 mdns=fd:1,active:1,oldest:select/91,total:526,max:201,error:0/none,hb:91,overflow:0,underflow:0 ssdp=fd:1,active:1,oldest:select/65,total:1606,max:104,error:0/none,hb:65,overflow:0,underflow:0 dlna-http=fd:1,active:1,oldest:select/53,total:1512,max:256,error:0/none,hb:53,overflow:0,underflow:0 airplay-control=fd:1,active:1,oldest:select/23,total:907,max:238,error:11/recv,hb:23,overflow:0,underflow:0 iptv-background=fd:0,active:0,oldest:none/0,total:0,max:0,error:0/none,hb:0,overflow:0,underflow:0
[INFO] [runtime-heartbeat] t_ms=91926603 frame=6692 view=home player_state=stopped media=1 return_home_pending=0 protocol_state=ready owner=none generation=0 resource_desired=home resource_applied=home resource_transition=0 resource_failed=0 resource_age_ms=0 iptv_background=0,0 discovery_suspended=0 service_workers=0,0,0 service_age_ms=117804,117800,14227 media_queue=0 media_high=1 media_command=0 media_kind=0 media_producer=0 media_token=0 media_generation=0 media_command_age_ms=0 media_heartbeat_age_ms=2 media_full=0 media_stale=0 media_timeout=0 media_coalesced=0 media_accepting=1 media_lifecycle=0,1,0,1 log_queue=0 enqueued=1048 processed=1048 log_high=51 log_heartbeat_age_ms=1999 log_waiting=1 queue_dropped=0 mirror_dropped=0 mirror_failures=0 mirror=1 worker=1 mdns_phase=waiting mdns_mode=0 mdns_running=1 mdns_suspended=0 ssdp_suspended=0 mdns_socket=1 mdns_heartbeat_age_ms=57 mdns_select=83 mdns_recv=17 mdns_sent=2
[INFO] [network-heartbeat] threshold_ms=1500 mdns=fd:1,active:1,oldest:select/57,total:543,max:201,error:0/none,hb:57,overflow:0,underflow:0 ssdp=fd:1,active:1,oldest:select/63,total:1626,max:104,error:0/none,hb:63,overflow:0,underflow:0 dlna-http=fd:1,active:1,oldest:select/52,total:1532,max:256,error:0/none,hb:52,overflow:0,underflow:0 airplay-control=fd:1,active:1,oldest:select/21,total:927,max:238,error:11/recv,hb:21,overflow:0,underflow:0 iptv-background=fd:0,active:0,oldest:none/0,total:0,max:0,error:0/none,hb:0,overflow:0,underflow:0
[INFO] [runtime-heartbeat] t_ms=91928603 frame=6812 view=home player_state=stopped media=1 return_home_pending=0 protocol_state=ready owner=none generation=0 resource_desired=home resource_applied=home resource_transition=0 resource_failed=0 resource_age_ms=0 iptv_background=0,0 discovery_suspended=0 service_workers=0,0,0 service_age_ms=119804,119800,16227 media_queue=0 media_high=1 media_command=0 media_kind=0 media_producer=0 media_token=0 media_generation=0 media_command_age_ms=0 media_heartbeat_age_ms=1 media_full=0 media_stale=0 media_timeout=0 media_coalesced=0 media_accepting=1 media_lifecycle=0,1,0,1 log_queue=0 enqueued=1050 processed=1050 log_high=51 log_heartbeat_age_ms=1999 log_waiting=1 queue_dropped=0 mirror_dropped=0 mirror_failures=0 mirror=1 worker=1 mdns_phase=waiting mdns_mode=0 mdns_running=1 mdns_suspended=0 ssdp_suspended=0 mdns_socket=1 mdns_heartbeat_age_ms=56 mdns_select=93 mdns_recv=17 mdns_sent=2
[INFO] [network-heartbeat] threshold_ms=1500 mdns=fd:1,active:1,oldest:select/56,total:553,max:201,error:0/none,hb:56,overflow:0,underflow:0 ssdp=fd:1,active:1,oldest:select/60,total:1646,max:104,error:0/none,hb:60,overflow:0,underflow:0 dlna-http=fd:1,active:1,oldest:select/51,total:1552,max:256,error:0/none,hb:51,overflow:0,underflow:0 airplay-control=fd:1,active:1,oldest:select/20,total:947,max:238,error:11/recv,hb:20,overflow:0,underflow:0 iptv-background=fd:0,active:0,oldest:none/0,total:0,max:0,error:0/none,hb:0,overflow:0,underflow:0
[INFO] [runtime-heartbeat] t_ms=91930603 frame=6932 view=home player_state=stopped media=1 return_home_pending=0 protocol_state=ready owner=none generation=0 resource_desired=home resource_applied=home resource_transition=0 resource_failed=0 resource_age_ms=0 iptv_background=0,0 discovery_suspended=0 service_workers=0,0,0 service_age_ms=121804,121800,18227 media_queue=0 media_high=1 media_command=0 media_kind=0 media_producer=0 media_token=0 media_generation=0 media_command_age_ms=0 media_heartbeat_age_ms=9 media_full=0 media_stale=0 media_timeout=0 media_coalesced=0 media_accepting=1 media_lifecycle=0,1,0,1 log_queue=0 enqueued=1052 processed=1052 log_high=51 log_heartbeat_age_ms=1999 log_waiting=1 queue_dropped=0 mirror_dropped=0 mirror_failures=0 mirror=1 worker=1 mdns_phase=waiting mdns_mode=0 mdns_running=1 mdns_suspended=0 ssdp_suspended=0 mdns_socket=1 mdns_heartbeat_age_ms=56 mdns_select=103 mdns_recv=17 mdns_sent=2
[INFO] [network-heartbeat] threshold_ms=1500 mdns=fd:1,active:1,oldest:select/56,total:563,max:201,error:0/none,hb:56,overflow:0,underflow:0 ssdp=fd:1,active:1,oldest:select/56,total:1678,max:104,error:0/none,hb:56,overflow:0,underflow:0 dlna-http=fd:1,active:1,oldest:select/50,total:1572,max:256,error:0/none,hb:50,overflow:0,underflow:0 airplay-control=fd:1,active:1,oldest:select/19,total:967,max:238,error:11/recv,hb:19,overflow:0,underflow:0 iptv-background=fd:0,active:0,oldest:none/0,total:0,max:0,error:0/none,hb:0,overflow:0,underflow:0
[INFO] [runtime-heartbeat] t_ms=91932603 frame=7052 view=home player_state=stopped media=1 return_home_pending=0 protocol_state=ready owner=none generation=0 resource_desired=home resource_applied=home resource_transition=0 resource_failed=0 resource_age_ms=0 iptv_background=0,0 discovery_suspended=0 service_workers=0,0,0 service_age_ms=123804,123800,20227 media_queue=0 media_high=1 media_command=0 media_kind=0 media_producer=0 media_token=0 media_generation=0 media_command_age_ms=0 media_heartbeat_age_ms=8 media_full=0 media_stale=0 media_timeout=0 media_coalesced=0 media_accepting=1 media_lifecycle=0,1,0,1 log_queue=0 enqueued=1054 processed=1054 log_high=51 log_heartbeat_age_ms=1999 log_waiting=1 queue_dropped=0 mirror_dropped=0 mirror_failures=0 mirror=1 worker=1 mdns_phase=waiting mdns_mode=0 mdns_running=1 mdns_suspended=0 ssdp_suspended=0 mdns_socket=1 mdns_heartbeat_age_ms=55 mdns_select=113 mdns_recv=17 mdns_sent=2
[INFO] [network-heartbeat] threshold_ms=1500 mdns=fd:1,active:1,oldest:select/56,total:573,max:201,error:0/none,hb:56,overflow:0,underflow:0 ssdp=fd:1,active:1,oldest:select/55,total:1698,max:104,error:0/none,hb:55,overflow:0,underflow:0 dlna-http=fd:1,active:1,oldest:select/50,total:1592,max:256,error:0/none,hb:50,overflow:0,underflow:0 airplay-control=fd:1,active:1,oldest:select/20,total:987,max:238,error:11/recv,hb:20,overflow:0,underflow:0 iptv-background=fd:0,active:0,oldest:none/0,total:0,max:0,error:0/none,hb:0,overflow:0,underflow:0
[INFO] [runtime-heartbeat] t_ms=91934603 frame=7172 view=home player_state=stopped media=1 return_home_pending=0 protocol_state=ready owner=none generation=0 resource_desired=home resource_applied=home resource_transition=0 resource_failed=0 resource_age_ms=0 iptv_background=0,0 discovery_suspended=0 service_workers=0,0,0 service_age_ms=125804,125800,22227 media_queue=0 media_high=1 media_command=0 media_kind=0 media_producer=0 media_token=0 media_generation=0 media_command_age_ms=0 media_heartbeat_age_ms=7 media_full=0 media_stale=0 media_timeout=0 media_coalesced=0 media_accepting=1 media_lifecycle=0,1,0,1 log_queue=0 enqueued=1056 processed=1056 log_high=51 log_heartbeat_age_ms=1999 log_waiting=1 queue_dropped=0 mirror_dropped=0 mirror_failures=0 mirror=1 worker=1 mdns_phase=waiting mdns_mode=0 mdns_running=1 mdns_suspended=0 ssdp_suspended=0 mdns_socket=1 mdns_heartbeat_age_ms=55 mdns_select=123 mdns_recv=17 mdns_sent=2
[INFO] [network-heartbeat] threshold_ms=1500 mdns=fd:1,active:1,oldest:select/55,total:583,max:201,error:0/none,hb:55,overflow:0,underflow:0 ssdp=fd:1,active:1,oldest:select/50,total:1718,max:104,error:0/none,hb:50,overflow:0,underflow:0 dlna-http=fd:1,active:1,oldest:select/48,total:1612,max:256,error:0/none,hb:48,overflow:0,underflow:0 airplay-control=fd:1,active:1,oldest:select/18,total:1007,max:238,error:11/recv,hb:18,overflow:0,underflow:0 iptv-background=fd:0,active:0,oldest:none/0,total:0,max:0,error:0/none,hb:0,overflow:0,underflow:0
[INFO] [runtime-heartbeat] t_ms=91936603 frame=7292 view=home player_state=stopped media=1 return_home_pending=0 protocol_state=ready owner=none generation=0 resource_desired=home resource_applied=home resource_transition=0 resource_failed=0 resource_age_ms=0 iptv_background=0,0 discovery_suspended=0 service_workers=0,0,0 service_age_ms=127804,127800,24227 media_queue=0 media_high=1 media_command=0 media_kind=0 media_producer=0 media_token=0 media_generation=0 media_command_age_ms=0 media_heartbeat_age_ms=6 media_full=0 media_stale=0 media_timeout=0 media_coalesced=0 media_accepting=1 media_lifecycle=0,1,0,1 log_queue=0 enqueued=1058 processed=1058 log_high=51 log_heartbeat_age_ms=1999 log_waiting=1 queue_dropped=0 mirror_dropped=0 mirror_failures=0 mirror=1 worker=1 mdns_phase=waiting mdns_mode=0 mdns_running=1 mdns_suspended=0 ssdp_suspended=0 mdns_socket=1 mdns_heartbeat_age_ms=111 mdns_select=135 mdns_recv=20 mdns_sent=4
[INFO] [network-heartbeat] threshold_ms=1500 mdns=fd:1,active:1,oldest:select/112,total:600,max:201,error:0/none,hb:112,overflow:0,underflow:0 ssdp=fd:1,active:1,oldest:select/97,total:1751,max:104,error:0/none,hb:97,overflow:0,underflow:0 dlna-http=fd:1,active:1,oldest:select/47,total:1632,max:256,error:0/none,hb:47,overflow:0,underflow:0 airplay-control=fd:1,active:1,oldest:select/16,total:1027,max:238,error:11/recv,hb:16,overflow:0,underflow:0 iptv-background=fd:0,active:0,oldest:none/0,total:0,max:0,error:0/none,hb:0,overflow:0,underflow:0
[INFO] [runtime-heartbeat] t_ms=91938603 frame=7412 view=home player_state=stopped media=1 return_home_pending=0 protocol_state=ready owner=none generation=0 resource_desired=home resource_applied=home resource_transition=0 resource_failed=0 resource_age_ms=0 iptv_background=0,0 discovery_suspended=0 service_workers=0,0,0 service_age_ms=129804,129800,26227 media_queue=0 media_high=1 media_command=0 media_kind=0 media_producer=0 media_token=0 media_generation=0 media_command_age_ms=0 media_heartbeat_age_ms=5 media_full=0 media_stale=0 media_timeout=0 media_coalesced=0 media_accepting=1 media_lifecycle=0,1,0,1 log_queue=0 enqueued=1060 processed=1060 log_high=51 log_heartbeat_age_ms=1999 log_waiting=1 queue_dropped=0 mirror_dropped=0 mirror_failures=0 mirror=1 worker=1 mdns_phase=waiting mdns_mode=0 mdns_running=1 mdns_suspended=0 ssdp_suspended=0 mdns_socket=1 mdns_heartbeat_age_ms=110 mdns_select=145 mdns_recv=20 mdns_sent=4
[INFO] [network-heartbeat] threshold_ms=1500 mdns=fd:1,active:1,oldest:select/110,total:610,max:201,error:0/none,hb:110,overflow:0,underflow:0 ssdp=fd:1,active:1,oldest:select/95,total:1771,max:104,error:0/none,hb:95,overflow:0,underflow:0 dlna-http=fd:1,active:1,oldest:select/43,total:1652,max:256,error:0/none,hb:43,overflow:0,underflow:0 airplay-control=fd:1,active:1,oldest:select/15,total:1047,max:238,error:11/recv,hb:15,overflow:0,underflow:0 iptv-background=fd:0,active:0,oldest:none/0,total:0,max:0,error:0/none,hb:0,overflow:0,underflow:0
[INFO] [runtime-heartbeat] t_ms=91940603 frame=7532 view=home player_state=stopped media=1 return_home_pending=0 protocol_state=ready owner=none generation=0 resource_desired=home resource_applied=home resource_transition=0 resource_failed=0 resource_age_ms=0 iptv_background=0,0 discovery_suspended=0 service_workers=0,0,0 service_age_ms=131804,131800,28227 media_queue=0 media_high=1 media_command=0 media_kind=0 media_producer=0 media_token=0 media_generation=0 media_command_age_ms=0 media_heartbeat_age_ms=4 media_full=0 media_stale=0 media_timeout=0 media_coalesced=0 media_accepting=1 media_lifecycle=0,1,0,1 log_queue=0 enqueued=1062 processed=1062 log_high=51 log_heartbeat_age_ms=1999 log_waiting=1 queue_dropped=0 mirror_dropped=0 mirror_failures=0 mirror=1 worker=1 mdns_phase=waiting mdns_mode=0 mdns_running=1 mdns_suspended=0 ssdp_suspended=0 mdns_socket=1 mdns_heartbeat_age_ms=110 mdns_select=155 mdns_recv=20 mdns_sent=4
[INFO] [network-heartbeat] threshold_ms=1500 mdns=fd:1,active:1,oldest:select/111,total:620,max:201,error:0/none,hb:111,overflow:0,underflow:0 ssdp=fd:1,active:1,oldest:select/95,total:1791,max:104,error:0/none,hb:95,overflow:0,underflow:0 dlna-http=fd:1,active:1,oldest:select/41,total:1672,max:256,error:0/none,hb:41,overflow:0,underflow:0 airplay-control=fd:1,active:1,oldest:select/14,total:1067,max:238,error:11/recv,hb:14,overflow:0,underflow:0 iptv-background=fd:0,active:0,oldest:none/0,total:0,max:0,error:0/none,hb:0,overflow:0,underflow:0
[INFO] [runtime-heartbeat] t_ms=91942603 frame=7652 view=home player_state=stopped media=1 return_home_pending=0 protocol_state=ready owner=none generation=0 resource_desired=home resource_applied=home resource_transition=0 resource_failed=0 resource_age_ms=0 iptv_background=0,0 discovery_suspended=0 service_workers=0,0,0 service_age_ms=133804,133800,30227 media_queue=0 media_high=1 media_command=0 media_kind=0 media_producer=0 media_token=0 media_generation=0 media_command_age_ms=0 media_heartbeat_age_ms=2 media_full=0 media_stale=0 media_timeout=0 media_coalesced=0 media_accepting=1 media_lifecycle=0,1,0,1 log_queue=0 enqueued=1064 processed=1064 log_high=51 log_heartbeat_age_ms=1999 log_waiting=1 queue_dropped=0 mirror_dropped=0 mirror_failures=0 mirror=1 worker=1 mdns_phase=waiting mdns_mode=0 mdns_running=1 mdns_suspended=0 ssdp_suspended=0 mdns_socket=1 mdns_heartbeat_age_ms=152 mdns_select=166 mdns_recv=22 mdns_sent=8
[INFO] [network-heartbeat] threshold_ms=1500 mdns=fd:1,active:1,oldest:select/153,total:637,max:201,error:0/none,hb:153,overflow:0,underflow:0 ssdp=fd:1,active:1,oldest:select/94,total:1811,max:104,error:0/none,hb:94,overflow:0,underflow:0 dlna-http=fd:1,active:1,oldest:select/38,total:1692,max:256,error:0/none,hb:38,overflow:0,underflow:0 airplay-control=fd:1,active:1,oldest:select/13,total:1087,max:238,error:11/recv,hb:13,overflow:0,underflow:0 iptv-background=fd:0,active:0,oldest:none/0,total:0,max:0,error:0/none,hb:0,overflow:0,underflow:0
[INFO] [airplay] t_ms=91942972 control accepted peer=<IP_REDACTED>:63059 fd=4
[INFO] [airplay] t_ms=91942973 control client-worker entered slot=0 fd=4
[INFO] [airplay] t_ms=91942973 control request session=1 method=GET uri=<URL_REDACTED> body=70
[INFO] [airplay] session=1 request=1 method=GET uri=<URL_REDACTED> bytes=70 state=connected
[INFO] [airplay] t_ms=91942973 control response session=1 request=1 status=200 body=274 headers=4 sent=1 close=0
[INFO] [airplay] t_ms=91942987 control request session=1 method=POST uri=<URL_REDACTED> body=68
[INFO] [airplay-pairing] t_ms=91942999 session=1 uri=<URL_REDACTED> bytes=68 state=idle->verify-challenge result=ok status=200 close=0
[INFO] [airplay] t_ms=91943000 control response session=1 request=2 status=200 body=96 headers=4 sent=1 close=0
[INFO] [airplay] t_ms=91943008 control request session=1 method=POST uri=<URL_REDACTED> body=68
[INFO] [airplay-pairing] t_ms=91943009 session=1 uri=<URL_REDACTED> bytes=68 state=verify-challenge->verified result=ok status=200 close=0
[INFO] [airplay] t_ms=91943009 control response session=1 request=3 status=200 body=0 headers=4 sent=1 close=0
[INFO] [airplay] t_ms=91943015 control request session=1 method=POST uri=<URL_REDACTED> body=16
[INFO] [airplay] session=1 request=4 method=POST uri=<URL_REDACTED> bytes=16 state=connected
[INFO] [airplay] endpoint=fp-setup bytes=16 result=ok
[INFO] [airplay] t_ms=91943016 control response session=1 request=4 status=200 body=142 headers=4 sent=1 close=0
[INFO] [airplay] t_ms=91943024 control request session=1 method=POST uri=<URL_REDACTED> body=164
[INFO] [airplay] session=1 request=5 method=POST uri=<URL_REDACTED> bytes=164 state=connected
[INFO] [airplay] endpoint=fp-setup bytes=164 result=ok
[INFO] [airplay] t_ms=91943024 control response session=1 request=5 status=200 body=32 headers=4 sent=1 close=0
[INFO] [airplay] t_ms=91943030 control request session=1 method=SETUP uri=<URL_REDACTED> body=697
[INFO] [airplay] session=1 request=6 method=SETUP uri=<URL_REDACTED> bytes=697 state=connected
[INFO] [airplay] t_ms=91943030 setup metadata session=1 keys=19 initial=1 timing=NTP timing_port=56291 remote_control=0 streams=0 mirror=0 audio=0
[INFO] [airplay-timing] session=1 protocol=NTP local=57037 remote=56291
[INFO] [airplay] session=1 method=SETUP initial=1 mirror=0 record=0 result=ok
[INFO] [airplay] t_ms=91943030 control response session=1 request=6 status=200 body=76 headers=4 sent=1 close=0
[INFO] [airplay-timing] first NTP response received
[INFO] [airplay] t_ms=91943038 control request session=1 method=GET uri=<URL_REDACTED> body=0
[INFO] [airplay] session=1 request=7 method=GET uri=<URL_REDACTED> bytes=0 state=setup
[INFO] [airplay] t_ms=91943038 control response session=1 request=7 status=200 body=1105 headers=4 sent=1 close=0
[INFO] [airplay] t_ms=91943043 control request session=1 method=RECORD uri=<URL_REDACTED> body=0
[INFO] [airplay] session=1 request=8 method=RECORD uri=<URL_REDACTED> bytes=0 state=setup
[INFO] [airplay] session=1 method=RECORD mirror=0 deferred=1
[INFO] [airplay] t_ms=91943044 control response session=1 request=8 status=200 body=0 headers=4 sent=1 close=0
[INFO] [runtime-heartbeat] t_ms=91944603 frame=7772 view=home player_state=stopped media=1 return_home_pending=0 protocol_state=ready owner=none generation=0 resource_desired=home resource_applied=home resource_transition=0 resource_failed=0 resource_age_ms=0 iptv_background=0,0 discovery_suspended=0 service_workers=0,0,0 service_age_ms=135804,135800,32227 media_queue=0 media_high=1 media_command=0 media_kind=0 media_producer=0 media_token=0 media_generation=0 media_command_age_ms=0 media_heartbeat_age_ms=3 media_full=0 media_stale=0 media_timeout=0 media_coalesced=0 media_accepting=1 media_lifecycle=0,1,0,1 log_queue=0 enqueued=1099 processed=1099 log_high=51 log_heartbeat_age_ms=1559 log_waiting=1 queue_dropped=0 mirror_dropped=0 mirror_failures=0 mirror=1 worker=1 mdns_phase=waiting mdns_mode=0 mdns_running=1 mdns_suspended=0 ssdp_suspended=0 mdns_socket=1 mdns_heartbeat_age_ms=21 mdns_select=180 mdns_recv=26 mdns_sent=10
[INFO] [network-heartbeat] threshold_ms=1500 mdns=fd:1,active:1,oldest:select/22,total:657,max:201,error:0/none,hb:22,overflow:0,underflow:0 ssdp=fd:1,active:1,oldest:select/93,total:1831,max:104,error:0/none,hb:93,overflow:0,underflow:0 dlna-http=fd:1,active:1,oldest:select/34,total:1712,max:256,error:0/none,hb:34,overflow:0,underflow:0 airplay-control=fd:2,active:2,oldest:recv/167,total:1132,max:238,error:11/recv,hb:31,overflow:0,underflow:0 iptv-background=fd:0,active:0,oldest:none/0,total:0,max:0,error:0/none,hb:0,overflow:0,underflow:0
[INFO] [airplay] t_ms=91945217 control request session=1 method=POST uri=<URL_REDACTED> body=0
[INFO] [airplay] session=1 request=9 method=POST uri=<URL_REDACTED> bytes=0 state=recording
[INFO] [airplay] t_ms=91945217 control response session=1 request=9 status=200 body=0 headers=3 sent=1 close=0
[INFO] [runtime-heartbeat] t_ms=91946603 frame=7892 view=home player_state=stopped media=1 return_home_pending=0 protocol_state=ready owner=none generation=0 resource_desired=home resource_applied=home resource_transition=0 resource_failed=0 resource_age_ms=0 iptv_background=0,0 discovery_suspended=0 service_workers=0,0,0 service_age_ms=137804,137800,34227 media_queue=0 media_high=1 media_command=0 media_kind=0 media_producer=0 media_token=0 media_generation=0 media_command_age_ms=0 media_heartbeat_age_ms=1 media_full=0 media_stale=0 media_timeout=0 media_coalesced=0 media_accepting=1 media_lifecycle=0,1,0,1 log_queue=0 enqueued=1104 processed=1104 log_high=51 log_heartbeat_age_ms=1386 log_waiting=1 queue_dropped=0 mirror_dropped=0 mirror_failures=0 mirror=1 worker=1 mdns_phase=waiting mdns_mode=0 mdns_running=1 mdns_suspended=0 ssdp_suspended=0 mdns_socket=1 mdns_heartbeat_age_ms=168 mdns_select=191 mdns_recv=28 mdns_sent=12
[INFO] [network-heartbeat] threshold_ms=1500 mdns=fd:1,active:1,oldest:select/169,total:672,max:201,error:0/none,hb:169,overflow:0,underflow:0 ssdp=fd:1,active:1,oldest:select/76,total:1860,max:104,error:0/none,hb:76,overflow:0,underflow:0 dlna-http=fd:1,active:1,oldest:select/30,total:1732,max:256,error:0/none,hb:30,overflow:0,underflow:0 airplay-control=fd:2,active:2,oldest:recv/192,total:1163,max:238,error:11/recv,hb:30,overflow:0,underflow:0 iptv-background=fd:0,active:0,oldest:none/0,total:0,max:0,error:0/none,hb:0,overflow:0,underflow:0
[INFO] [airplay] t_ms=91947264 control request session=1 method=POST uri=<URL_REDACTED> body=0
[INFO] [airplay] session=1 request=10 method=POST uri=<URL_REDACTED> bytes=0 state=recording
[INFO] [airplay] t_ms=91947265 control response session=1 request=10 status=200 body=0 headers=3 sent=1 close=0
[INFO] [runtime-heartbeat] t_ms=91948603 frame=8012 view=home player_state=stopped media=1 return_home_pending=0 protocol_state=ready owner=none generation=0 resource_desired=home resource_applied=home resource_transition=0 resource_failed=0 resource_age_ms=0 iptv_background=0,0 discovery_suspended=0 service_workers=0,0,0 service_age_ms=139804,139800,36227 media_queue=0 media_high=1 media_command=0 media_kind=0 media_producer=0 media_token=0 media_generation=0 media_command_age_ms=0 media_heartbeat_age_ms=1 media_full=0 media_stale=0 media_timeout=0 media_coalesced=0 media_accepting=1 media_lifecycle=0,1,0,1 log_queue=0 enqueued=1109 processed=1109 log_high=51 log_heartbeat_age_ms=1339 log_waiting=1 queue_dropped=0 mirror_dropped=0 mirror_failures=0 mirror=1 worker=1 mdns_phase=waiting mdns_mode=0 mdns_running=1 mdns_suspended=0 ssdp_suspended=0 mdns_socket=1 mdns_heartbeat_age_ms=149 mdns_select=202 mdns_recv=29 mdns_sent=12
[INFO] [network-heartbeat] threshold_ms=1500 mdns=fd:1,active:1,oldest:select/149,total:684,max:201,error:0/none,hb:149,overflow:0,underflow:0 ssdp=fd:1,active:1,oldest:select/9,total:1882,max:104,error:0/none,hb:9,overflow:0,underflow:0 dlna-http=fd:1,active:1,oldest:select/26,total:1752,max:256,error:0/none,hb:26,overflow:0,underflow:0 airplay-control=fd:2,active:2,oldest:recv/145,total:1195,max:238,error:11/recv,hb:26,overflow:0,underflow:0 iptv-background=fd:0,active:0,oldest:none/0,total:0,max:0,error:0/none,hb:0,overflow:0,underflow:0
[INFO] [airplay] t_ms=91949201 control request session=1 method=POST uri=<URL_REDACTED> body=0
[INFO] [airplay] session=1 request=11 method=POST uri=<URL_REDACTED> bytes=0 state=recording
[INFO] [airplay] t_ms=91949201 control response session=1 request=11 status=200 body=0 headers=3 sent=1 close=0
[INFO] [airplay] t_ms=91949535 control request session=1 method=SETUP uri=<URL_REDACTED> body=243
[INFO] [airplay] session=1 request=12 method=SETUP uri=<URL_REDACTED> bytes=243 state=recording
[INFO] [airplay] t_ms=91949535 setup metadata session=1 keys=1 initial=0 timing=missing timing_port=0 remote_control=0 streams=1 mirror=0 audio=1
[INFO] [airplay] session=1 method=SETUP initial=1 mirror=0 record=1 result=failed
[INFO] [airplay] t_ms=91949613 control response session=1 request=12 status=461 body=0 headers=3 sent=1 close=0
[INFO] [airplay] t_ms=91949637 control request session=1 method=TEARDOWN uri=<URL_REDACTED> body=42
[INFO] [airplay] session=1 request=13 method=TEARDOWN uri=<URL_REDACTED> bytes=42 state=recording
[INFO] [airplay] t_ms=91949637 control response session=1 request=13 status=200 body=0 headers=3 sent=1 close=1
[INFO] [airplay] t_ms=91949638 control closed session=1 requests=13 reason=response-close errno=0
[INFO] [runtime-heartbeat] t_ms=91950603 frame=8132 view=home player_state=stopped media=1 return_home_pending=0 protocol_state=ready owner=none generation=0 resource_desired=home resource_applied=home resource_transition=0 resource_failed=0 resource_age_ms=0 iptv_background=0,0 discovery_suspended=0 service_workers=0,0,0 service_age_ms=141804,141800,38227 media_queue=0 media_high=1 media_command=0 media_kind=0 media_producer=0 media_token=0 media_generation=0 media_command_age_ms=0 media_heartbeat_age_ms=9 media_full=0 media_stale=0 media_timeout=0 media_coalesced=0 media_accepting=1 media_lifecycle=0,1,0,1 log_queue=0 enqueued=1123 processed=1123 log_high=51 log_heartbeat_age_ms=965 log_waiting=1 queue_dropped=0 mirror_dropped=0 mirror_failures=0 mirror=1 worker=1 mdns_phase=waiting mdns_mode=0 mdns_running=1 mdns_suspended=0 ssdp_suspended=0 mdns_socket=1 mdns_heartbeat_age_ms=179 mdns_select=212 mdns_recv=30 mdns_sent=12
[INFO] [network-heartbeat] threshold_ms=1500 mdns=fd:1,active:1,oldest:select/180,total:695,max:201,error:0/none,hb:180,overflow:0,underflow:0 ssdp=fd:1,active:1,oldest:select/67,total:1984,max:104,error:0/none,hb:67,overflow:0,underflow:0 dlna-http=fd:1,active:1,oldest:select/22,total:1772,max:256,error:0/none,hb:22,overflow:0,underflow:0 airplay-control=fd:1,active:1,oldest:select/22,total:1224,max:238,error:11/recv,hb:22,overflow:0,underflow:0 iptv-background=fd:0,active:0,oldest:none/0,total:0,max:0,error:0/none,hb:0,overflow:0,underflow:0
[INFO] [runtime-heartbeat] t_ms=91952603 frame=8252 view=home player_state=stopped media=1 return_home_pending=0 protocol_state=ready owner=none generation=0 resource_desired=home resource_applied=home resource_transition=0 resource_failed=0 resource_age_ms=0 iptv_background=0,0 discovery_suspended=0 service_workers=0,0,0 service_age_ms=143804,143800,40227 media_queue=0 media_high=1 media_command=0 media_kind=0 media_producer=0 media_token=0 media_generation=0 media_command_age_ms=0 media_heartbeat_age_ms=8 media_full=0 media_stale=0 media_timeout=0 media_coalesced=0 media_accepting=1 media_lifecycle=0,1,0,1 log_queue=0 enqueued=1125 processed=1125 log_high=51 log_heartbeat_age_ms=1999 log_waiting=1 queue_dropped=0 mirror_dropped=0 mirror_failures=0 mirror=1 worker=1 mdns_phase=waiting mdns_mode=0 mdns_running=1 mdns_suspended=0 ssdp_suspended=0 mdns_socket=1 mdns_heartbeat_age_ms=131 mdns_select=223 mdns_recv=32 mdns_sent=14
[INFO] [network-heartbeat] threshold_ms=1500 mdns=fd:1,active:1,oldest:select/132,total:710,max:201,error:0/none,hb:132,overflow:0,underflow:0 ssdp=fd:1,active:1,oldest:select/20,total:2010,max:104,error:0/none,hb:20,overflow:0,underflow:0 dlna-http=fd:1,active:1,oldest:select/19,total:1792,max:256,error:0/none,hb:19,overflow:0,underflow:0 airplay-control=fd:1,active:1,oldest:select/19,total:1244,max:238,error:11/recv,hb:19,overflow:0,underflow:0 iptv-background=fd:0,active:0,oldest:none/0,total:0,max:0,error:0/none,hb:0,overflow:0,underflow:0
[INFO] [airplay] t_ms=91954438 control accepted peer=<IP_REDACTED>:63070 fd=4
[INFO] [airplay] t_ms=91954438 control client-worker entered slot=0 fd=4
[INFO] [airplay] t_ms=91954438 control request session=2 method=GET uri=<URL_REDACTED> body=70
[INFO] [airplay] session=2 request=1 method=GET uri=<URL_REDACTED> bytes=70 state=connected
[INFO] [airplay] t_ms=91954439 control response session=2 request=1 status=200 body=274 headers=4 sent=1 close=0
[INFO] [airplay] t_ms=91954450 control request session=2 method=POST uri=<URL_REDACTED> body=68
[INFO] [airplay-pairing] t_ms=91954462 session=2 uri=<URL_REDACTED> bytes=68 state=idle->verify-challenge result=ok status=200 close=0
[INFO] [airplay] t_ms=91954463 control response session=2 request=2 status=200 body=96 headers=4 sent=1 close=0
[INFO] [airplay] t_ms=91954471 control request session=2 method=POST uri=<URL_REDACTED> body=68
[INFO] [airplay-pairing] t_ms=91954471 session=2 uri=<URL_REDACTED> bytes=68 state=verify-challenge->verified result=ok status=200 close=0
[INFO] [airplay] t_ms=91954472 control response session=2 request=3 status=200 body=0 headers=4 sent=1 close=0
[INFO] [airplay] t_ms=91954478 control request session=2 method=POST uri=<URL_REDACTED> body=16
[INFO] [airplay] session=2 request=4 method=POST uri=<URL_REDACTED> bytes=16 state=connected
[INFO] [airplay] endpoint=fp-setup bytes=16 result=ok
[INFO] [airplay] t_ms=91954478 control response session=2 request=4 status=200 body=142 headers=4 sent=1 close=0
[INFO] [airplay] t_ms=91954578 control request session=2 method=POST uri=<URL_REDACTED> body=164
[INFO] [airplay] session=2 request=5 method=POST uri=<URL_REDACTED> bytes=164 state=connected
[INFO] [airplay] endpoint=fp-setup bytes=164 result=ok
[INFO] [airplay] t_ms=91954578 control response session=2 request=5 status=200 body=32 headers=4 sent=1 close=0
[INFO] [airplay] t_ms=91954585 control request session=2 method=SETUP uri=<URL_REDACTED> body=697
[INFO] [airplay] session=2 request=6 method=SETUP uri=<URL_REDACTED> bytes=697 state=connected
[INFO] [airplay] t_ms=91954585 setup metadata session=2 keys=19 initial=1 timing=NTP timing_port=64808 remote_control=0 streams=0 mirror=0 audio=0
[INFO] [airplay-timing] session=2 protocol=NTP local=55815 remote=64808
[INFO] [airplay] session=2 method=SETUP initial=1 mirror=0 record=0 result=ok
[INFO] [airplay] t_ms=91954587 control response session=2 request=6 status=200 body=76 headers=4 sent=1 close=0
[INFO] [airplay] t_ms=91954592 control request session=2 method=GET uri=<URL_REDACTED> body=0
[INFO] [airplay] session=2 request=7 method=GET uri=<URL_REDACTED> bytes=0 state=setup
[INFO] [airplay-timing] first NTP response received
[INFO] [airplay] t_ms=91954592 control response session=2 request=7 status=200 body=1105 headers=4 sent=1 close=0
[INFO] [airplay] t_ms=91954599 control request session=2 method=RECORD uri=<URL_REDACTED> body=0
[INFO] [airplay] session=2 request=8 method=RECORD uri=<URL_REDACTED> bytes=0 state=setup
[INFO] [airplay] session=2 method=RECORD mirror=0 deferred=1
[INFO] [airplay] t_ms=91954600 control response session=2 request=8 status=200 body=0 headers=4 sent=1 close=0
[INFO] [runtime-heartbeat] t_ms=91954604 frame=8372 view=home player_state=stopped media=1 return_home_pending=0 protocol_state=ready owner=none generation=0 resource_desired=home resource_applied=home resource_transition=0 resource_failed=0 resource_age_ms=0 iptv_background=0,0 discovery_suspended=0 service_workers=0,0,0 service_age_ms=145805,145801,42228 media_queue=0 media_high=1 media_command=0 media_kind=0 media_producer=0 media_token=0 media_generation=0 media_command_age_ms=0 media_heartbeat_age_ms=1 media_full=0 media_stale=0 media_timeout=0 media_coalesced=0 media_accepting=1 media_lifecycle=0,1,0,1 log_queue=0 enqueued=1160 processed=1160 log_high=51 log_heartbeat_age_ms=4 log_waiting=1 queue_dropped=0 mirror_dropped=0 mirror_failures=0 mirror=1 worker=1 mdns_phase=waiting mdns_mode=0 mdns_running=1 mdns_suspended=0 ssdp_suspended=0 mdns_socket=1 mdns_heartbeat_age_ms=187 mdns_select=233 mdns_recv=33 mdns_sent=14
[INFO] [network-heartbeat] threshold_ms=1500 mdns=fd:1,active:1,oldest:select/187,total:721,max:201,error:0/none,hb:187,overflow:0,underflow:0 ssdp=fd:1,active:1,oldest:select/19,total:2030,max:104,error:0/none,hb:19,overflow:0,underflow:0 dlna-http=fd:1,active:1,oldest:select/15,total:1812,max:256,error:0/none,hb:15,overflow:0,underflow:0 airplay-control=fd:2,active:2,oldest:select/66,total:1282,max:238,error:11/recv,hb:4,overflow:0,underflow:0 iptv-background=fd:0,active:0,oldest:none/0,total:0,max:0,error:0/none,hb:0,overflow:0,underflow:0
[INFO] [airplay] t_ms=91954809 control request session=2 method=SETUP uri=<URL_REDACTED> body=243
[INFO] [airplay] session=2 request=9 method=SETUP uri=<URL_REDACTED> bytes=243 state=recording
[INFO] [airplay] t_ms=91954809 setup metadata session=2 keys=1 initial=0 timing=missing timing_port=0 remote_control=0 streams=1 mirror=0 audio=1
[INFO] [airplay] session=2 method=SETUP initial=1 mirror=0 record=1 result=failed
[INFO] [airplay] t_ms=91954893 control response session=2 request=9 status=461 body=0 headers=3 sent=1 close=0
[INFO] [airplay] t_ms=91954915 control request session=2 method=TEARDOWN uri=<URL_REDACTED> body=42
[INFO] [airplay] session=2 request=10 method=TEARDOWN uri=<URL_REDACTED> bytes=42 state=recording
[INFO] [airplay] t_ms=91954916 control response session=2 request=10 status=200 body=0 headers=3 sent=1 close=1
[INFO] [airplay] t_ms=91954916 control closed session=2 requests=10 reason=response-close errno=0
[INFO] [airplay] t_ms=91956283 control accepted peer=<IP_REDACTED>:63072 fd=4
[INFO] [airplay] t_ms=91956283 control client-worker entered slot=0 fd=4
[INFO] [airplay] t_ms=91956283 control request session=3 method=GET uri=<URL_REDACTED> body=70
[INFO] [airplay] session=3 request=1 method=GET uri=<URL_REDACTED> bytes=70 state=connected
[INFO] [airplay] t_ms=91956283 control response session=3 request=1 status=200 body=274 headers=4 sent=1 close=0
[INFO] [airplay] t_ms=91956291 control request session=3 method=POST uri=<URL_REDACTED> body=68
[INFO] [airplay-pairing] t_ms=91956303 session=3 uri=<URL_REDACTED> bytes=68 state=idle->verify-challenge result=ok status=200 close=0
[INFO] [airplay] t_ms=91956304 control response session=3 request=2 status=200 body=96 headers=4 sent=1 close=0
[INFO] [airplay] t_ms=91956310 control request session=3 method=POST uri=<URL_REDACTED> body=68
[INFO] [airplay-pairing] t_ms=91956310 session=3 uri=<URL_REDACTED> bytes=68 state=verify-challenge->verified result=ok status=200 close=0
[INFO] [airplay] t_ms=91956311 control response session=3 request=3 status=200 body=0 headers=4 sent=1 close=0
[INFO] [airplay] t_ms=91956316 control request session=3 method=POST uri=<URL_REDACTED> body=16
[INFO] [airplay] session=3 request=4 method=POST uri=<URL_REDACTED> bytes=16 state=connected
[INFO] [airplay] endpoint=fp-setup bytes=16 result=ok
[INFO] [airplay] t_ms=91956316 control response session=3 request=4 status=200 body=142 headers=4 sent=1 close=0
[INFO] [airplay] t_ms=91956324 control request session=3 method=POST uri=<URL_REDACTED> body=164
[INFO] [airplay] session=3 request=5 method=POST uri=<URL_REDACTED> bytes=164 state=connected
[INFO] [airplay] endpoint=fp-setup bytes=164 result=ok
[INFO] [airplay] t_ms=91956324 control response session=3 request=5 status=200 body=32 headers=4 sent=1 close=0
[INFO] [airplay] t_ms=91956332 control request session=3 method=SETUP uri=<URL_REDACTED> body=697
[INFO] [airplay] session=3 request=6 method=SETUP uri=<URL_REDACTED> bytes=697 state=connected
[INFO] [airplay] t_ms=91956332 setup metadata session=3 keys=19 initial=1 timing=NTP timing_port=50166 remote_control=0 streams=0 mirror=0 audio=0
[INFO] [airplay-timing] session=3 protocol=NTP local=10483 remote=50166
[INFO] [airplay] session=3 method=SETUP initial=1 mirror=0 record=0 result=ok
[INFO] [airplay] t_ms=91956333 control response session=3 request=6 status=200 body=76 headers=4 sent=1 close=0
[INFO] [airplay-timing] first NTP response received
[INFO] [airplay] t_ms=91956341 control request session=3 method=GET uri=<URL_REDACTED> body=0
[INFO] [airplay] session=3 request=7 method=GET uri=<URL_REDACTED> bytes=0 state=setup
[INFO] [airplay] t_ms=91956342 control response session=3 request=7 status=200 body=1105 headers=4 sent=1 close=0
[INFO] [airplay] t_ms=91956347 control request session=3 method=RECORD uri=<URL_REDACTED> body=0
[INFO] [airplay] session=3 request=8 method=RECORD uri=<URL_REDACTED> bytes=0 state=setup
[INFO] [airplay] session=3 method=RECORD mirror=0 deferred=1
[INFO] [airplay] t_ms=91956347 control response session=3 request=8 status=200 body=0 headers=4 sent=1 close=0
[INFO] [runtime-heartbeat] t_ms=91956620 frame=8493 view=home player_state=stopped media=1 return_home_pending=0 protocol_state=ready owner=none generation=0 resource_desired=home resource_applied=home resource_transition=0 resource_failed=0 resource_age_ms=0 iptv_background=0,0 discovery_suspended=0 service_workers=0,0,0 service_age_ms=147821,147817,44244 media_queue=0 media_high=1 media_command=0 media_kind=0 media_producer=0 media_token=0 media_generation=0 media_command_age_ms=0 media_heartbeat_age_ms=7 media_full=0 media_stale=0 media_timeout=0 media_coalesced=0 media_accepting=1 media_lifecycle=0,1,0,1 log_queue=0 enqueued=1204 processed=1204 log_high=51 log_heartbeat_age_ms=273 log_waiting=1 queue_dropped=0 mirror_dropped=0 mirror_failures=0 mirror=1 worker=1 mdns_phase=waiting mdns_mode=0 mdns_running=1 mdns_suspended=0 ssdp_suspended=0 mdns_socket=1 mdns_heartbeat_age_ms=43 mdns_select=246 mdns_recv=36 mdns_sent=14
[INFO] [network-heartbeat] threshold_ms=1500 mdns=fd:1,active:1,oldest:select/43,total:737,max:201,error:0/none,hb:43,overflow:0,underflow:0 ssdp=fd:1,active:1,oldest:select/76,total:2055,max:104,error:0/none,hb:76,overflow:0,underflow:0 dlna-http=fd:1,active:1,oldest:select/16,total:1832,max:256,error:0/none,hb:16,overflow:0,underflow:0 airplay-control=fd:2,active:2,oldest:recv/74,total:1326,max:238,error:11/recv,hb:37,overflow:0,underflow:0 iptv-background=fd:0,active:0,oldest:none/0,total:0,max:0,error:0/none,hb:0,overflow:0,underflow:0
[INFO] [airplay] t_ms=91958529 control request session=3 method=POST uri=<URL_REDACTED> body=0
[INFO] [airplay] session=3 request=9 method=POST uri=<URL_REDACTED> bytes=0 state=recording
[INFO] [airplay] t_ms=91958529 control response session=3 request=9 status=200 body=0 headers=3 sent=1 close=0
[INFO] [runtime-heartbeat] t_ms=91958620 frame=8613 view=home player_state=stopped media=1 return_home_pending=0 protocol_state=ready owner=none generation=0 resource_desired=home resource_applied=home resource_transition=0 resource_failed=0 resource_age_ms=0 iptv_background=0,0 discovery_suspended=0 service_workers=0,0,0 service_age_ms=149821,149817,46244 media_queue=0 media_high=1 media_command=0 media_kind=0 media_producer=0 media_token=0 media_generation=0 media_command_age_ms=0 media_heartbeat_age_ms=5 media_full=0 media_stale=0 media_timeout=0 media_coalesced=0 media_accepting=1 media_lifecycle=0,1,0,1 log_queue=0 enqueued=1209 processed=1209 log_high=51 log_heartbeat_age_ms=91 log_waiting=1 queue_dropped=0 mirror_dropped=0 mirror_failures=0 mirror=1 worker=1 mdns_phase=waiting mdns_mode=0 mdns_running=1 mdns_suspended=0 ssdp_suspended=0 mdns_socket=1 mdns_heartbeat_age_ms=102 mdns_select=258 mdns_recv=40 mdns_sent=14
[INFO] [network-heartbeat] threshold_ms=1500 mdns=fd:1,active:1,oldest:select/102,total:753,max:201,error:0/none,hb:102,overflow:0,underflow:0 ssdp=fd:1,active:1,oldest:select/75,total:2075,max:104,error:0/none,hb:75,overflow:0,underflow:0 dlna-http=fd:1,active:1,oldest:select/15,total:1852,max:256,error:0/none,hb:15,overflow:0,underflow:0 airplay-control=fd:2,active:2,oldest:recv/91,total:1357,max:238,error:11/recv,hb:36,overflow:0,underflow:0 iptv-background=fd:0,active:0,oldest:none/0,total:0,max:0,error:0/none,hb:0,overflow:0,underflow:0
[INFO] [airplay] t_ms=91960576 control request session=3 method=POST uri=<URL_REDACTED> body=0
[INFO] [airplay] session=3 request=10 method=POST uri=<URL_REDACTED> bytes=0 state=recording
[INFO] [airplay] t_ms=91960577 control response session=3 request=10 status=200 body=0 headers=3 sent=1 close=0
[INFO] [runtime-heartbeat] t_ms=91960620 frame=8733 view=home player_state=stopped media=1 return_home_pending=0 protocol_state=ready owner=none generation=0 resource_desired=home resource_applied=home resource_transition=0 resource_failed=0 resource_age_ms=0 iptv_background=0,0 discovery_suspended=0 service_workers=0,0,0 service_age_ms=151821,151817,48244 media_queue=0 media_high=1 media_command=0 media_kind=0 media_producer=0 media_token=0 media_generation=0 media_command_age_ms=0 media_heartbeat_age_ms=4 media_full=0 media_stale=0 media_timeout=0 media_coalesced=0 media_accepting=1 media_lifecycle=0,1,0,1 log_queue=0 enqueued=1214 processed=1214 log_high=51 log_heartbeat_age_ms=43 log_waiting=1 queue_dropped=0 mirror_dropped=0 mirror_failures=0 mirror=1 worker=1 mdns_phase=waiting mdns_mode=0 mdns_running=1 mdns_suspended=0 ssdp_suspended=0 mdns_socket=1 mdns_heartbeat_age_ms=54 mdns_select=269 mdns_recv=41 mdns_sent=14
[INFO] [network-heartbeat] threshold_ms=1500 mdns=fd:1,active:1,oldest:select/54,total:765,max:201,error:0/none,hb:54,overflow:0,underflow:0 ssdp=fd:1,active:1,oldest:select/81,total:2110,max:104,error:0/none,hb:81,overflow:0,underflow:0 dlna-http=fd:1,active:1,oldest:select/14,total:1872,max:256,error:0/none,hb:14,overflow:0,underflow:0 airplay-control=fd:2,active:2,oldest:recv/43,total:1389,max:238,error:11/recv,hb:35,overflow:0,underflow:0 iptv-background=fd:0,active:0,oldest:none/0,total:0,max:0,error:0/none,hb:0,overflow:0,underflow:0
[INFO] [airplay] t_ms=91960762 control request session=3 method=SETUP uri=<URL_REDACTED> body=243
[INFO] [airplay] session=3 request=11 method=SETUP uri=<URL_REDACTED> bytes=243 state=recording
[INFO] [airplay] t_ms=91960762 setup metadata session=3 keys=1 initial=0 timing=missing timing_port=0 remote_control=0 streams=1 mirror=0 audio=1
[INFO] [airplay] session=3 method=SETUP initial=1 mirror=0 record=1 result=failed
[INFO] [airplay] t_ms=91960851 control response session=3 request=11 status=461 body=0 headers=3 sent=1 close=0
[INFO] [airplay] t_ms=91960884 control request session=3 method=TEARDOWN uri=<URL_REDACTED> body=42
[INFO] [airplay] session=3 request=12 method=TEARDOWN uri=<URL_REDACTED> bytes=42 state=recording
[INFO] [airplay] t_ms=91960884 control response session=3 request=12 status=200 body=0 headers=3 sent=1 close=1
[INFO] [airplay] t_ms=91960884 control closed session=3 requests=12 reason=response-close errno=0
[INFO] [runtime-heartbeat] t_ms=91962620 frame=8853 view=home player_state=stopped media=1 return_home_pending=0 protocol_state=ready owner=none generation=0 resource_desired=home resource_applied=home resource_transition=0 resource_failed=0 resource_age_ms=0 iptv_background=0,0 discovery_suspended=0 service_workers=0,0,0 service_age_ms=153821,153817,50244 media_queue=0 media_high=1 media_command=0 media_kind=0 media_producer=0 media_token=0 media_generation=0 media_command_age_ms=0 media_heartbeat_age_ms=3 media_full=0 media_stale=0 media_timeout=0 media_coalesced=0 media_accepting=1 media_lifecycle=0,1,0,1 log_queue=0 enqueued=1225 processed=1225 log_high=51 log_heartbeat_age_ms=1735 log_waiting=1 queue_dropped=0 mirror_dropped=0 mirror_failures=0 mirror=1 worker=1 mdns_phase=waiting mdns_mode=0 mdns_running=1 mdns_suspended=0 ssdp_suspended=0 mdns_socket=1 mdns_heartbeat_age_ms=132 mdns_select=279 mdns_recv=42 mdns_sent=14
[INFO] [network-heartbeat] threshold_ms=1500 mdns=fd:1,active:1,oldest:select/132,total:776,max:201,error:0/none,hb:132,overflow:0,underflow:0 ssdp=fd:1,active:1,oldest:select/80,total:2130,max:104,error:0/none,hb:80,overflow:0,underflow:0 dlna-http=fd:1,active:1,oldest:select/13,total:1892,max:256,error:0/none,hb:13,overflow:0,underflow:0 airplay-control=fd:1,active:1,oldest:select/33,total:1412,max:238,error:11/recv,hb:33,overflow:0,underflow:0 iptv-background=fd:0,active:0,oldest:none/0,total:0,max:0,error:0/none,hb:0,overflow:0,underflow:0
[INFO] [runtime-heartbeat] t_ms=91964620 frame=8973 view=home player_state=stopped media=1 return_home_pending=0 protocol_state=ready owner=none generation=0 resource_desired=home resource_applied=home resource_transition=0 resource_failed=0 resource_age_ms=0 iptv_background=0,0 discovery_suspended=0 service_workers=0,0,0 service_age_ms=155821,155817,52244 media_queue=0 media_high=1 media_command=0 media_kind=0 media_producer=0 media_token=0 media_generation=0 media_command_age_ms=0 media_heartbeat_age_ms=2 media_full=0 media_stale=0 media_timeout=0 media_coalesced=0 media_accepting=1 media_lifecycle=0,1,0,1 log_queue=0 enqueued=1227 processed=1227 log_high=51 log_heartbeat_age_ms=1999 log_waiting=1 queue_dropped=0 mirror_dropped=0 mirror_failures=0 mirror=1 worker=1 mdns_phase=waiting mdns_mode=0 mdns_running=1 mdns_suspended=0 ssdp_suspended=0 mdns_socket=1 mdns_heartbeat_age_ms=83 mdns_select=290 mdns_recv=43 mdns_sent=14
[INFO] [network-heartbeat] threshold_ms=1500 mdns=fd:1,active:1,oldest:select/83,total:788,max:201,error:0/none,hb:83,overflow:0,underflow:0 ssdp=fd:1,active:1,oldest:select/74,total:2154,max:104,error:0/none,hb:74,overflow:0,underflow:0 dlna-http=fd:1,active:1,oldest:select/12,total:1912,max:256,error:0/none,hb:12,overflow:0,underflow:0 airplay-control=fd:1,active:1,oldest:select/32,total:1432,max:238,error:11/recv,hb:32,overflow:0,underflow:0 iptv-background=fd:0,active:0,oldest:none/0,total:0,max:0,error:0/none,hb:0,overflow:0,underflow:0
[INFO] [runtime-heartbeat] t_ms=91966620 frame=9093 view=home player_state=stopped media=1 return_home_pending=0 protocol_state=ready owner=none generation=0 resource_desired=home resource_applied=home resource_transition=0 resource_failed=0 resource_age_ms=0 iptv_background=0,0 discovery_suspended=0 service_workers=0,0,0 service_age_ms=157821,157817,54244 media_queue=0 media_high=1 media_command=0 media_kind=0 media_producer=0 media_token=0 media_generation=0 media_command_age_ms=0 media_heartbeat_age_ms=1 media_full=0 media_stale=0 media_timeout=0 media_coalesced=0 media_accepting=1 media_lifecycle=0,1,0,1 log_queue=0 enqueued=1229 processed=1229 log_high=51 log_heartbeat_age_ms=1999 log_waiting=1 queue_dropped=0 mirror_dropped=0 mirror_failures=0 mirror=1 worker=1 mdns_phase=waiting mdns_mode=0 mdns_running=1 mdns_suspended=0 ssdp_suspended=0 mdns_socket=1 mdns_heartbeat_age_ms=124 mdns_select=301 mdns_recv=45 mdns_sent=14
[INFO] [network-heartbeat] threshold_ms=1500 mdns=fd:1,active:1,oldest:select/124,total:801,max:201,error:0/none,hb:124,overflow:0,underflow:0 ssdp=fd:1,active:1,oldest:select/40,total:2180,max:104,error:0/none,hb:40,overflow:0,underflow:0 dlna-http=fd:1,active:1,oldest:select/9,total:1932,max:256,error:0/none,hb:9,overflow:0,underflow:0 airplay-control=fd:1,active:1,oldest:select/31,total:1452,max:238,error:11/recv,hb:31,overflow:0,underflow:0 iptv-background=fd:0,active:0,oldest:none/0,total:0,max:0,error:0/none,hb:0,overflow:0,underflow:0
[INFO] [runtime-heartbeat] t_ms=91968620 frame=9213 view=home player_state=stopped media=1 return_home_pending=0 protocol_state=ready owner=none generation=0 resource_desired=home resource_applied=home resource_transition=0 resource_failed=0 resource_age_ms=0 iptv_background=0,0 discovery_suspended=0 service_workers=0,0,0 service_age_ms=159821,159817,56244 media_queue=0 media_high=1 media_command=0 media_kind=0 media_producer=0 media_token=0 media_generation=0 media_command_age_ms=0 media_heartbeat_age_ms=9 media_full=0 media_stale=0 media_timeout=0 media_coalesced=0 media_accepting=1 media_lifecycle=0,1,0,1 log_queue=0 enqueued=1231 processed=1231 log_high=51 log_heartbeat_age_ms=1999 log_waiting=1 queue_dropped=0 mirror_dropped=0 mirror_failures=0 mirror=1 worker=1 mdns_phase=waiting mdns_mode=0 mdns_running=1 mdns_suspended=0 ssdp_suspended=0 mdns_socket=1 mdns_heartbeat_age_ms=123 mdns_select=311 mdns_recv=45 mdns_sent=14
[INFO] [network-heartbeat] threshold_ms=1500 mdns=fd:1,active:1,oldest:select/123,total:811,max:201,error:0/none,hb:123,overflow:0,underflow:0 ssdp=fd:1,active:1,oldest:select/39,total:2200,max:104,error:0/none,hb:39,overflow:0,underflow:0 dlna-http=fd:1,active:1,oldest:select/6,total:1952,max:256,error:0/none,hb:6,overflow:0,underflow:0 airplay-control=fd:1,active:1,oldest:select/30,total:1472,max:238,error:11/recv,hb:30,overflow:0,underflow:0 iptv-background=fd:0,active:0,oldest:none/0,total:0,max:0,error:0/none,hb:0,overflow:0,underflow:0
[INFO] [input] buttons_down=0x140 view=home state=stopped media=1
[INFO] [input] buttons_down=0x80 view=home state=stopped media=1
[INFO] [runtime-heartbeat] t_ms=91970620 frame=9333 view=home player_state=stopped media=1 return_home_pending=0 protocol_state=ready owner=none generation=0 resource_desired=home resource_applied=home resource_transition=0 resource_failed=0 resource_age_ms=0 iptv_background=0,0 discovery_suspended=0 service_workers=0,0,0 service_age_ms=161821,161817,58244 media_queue=0 media_high=1 media_command=0 media_kind=0 media_producer=0 media_token=0 media_generation=0 media_command_age_ms=0 media_heartbeat_age_ms=8 media_full=0 media_stale=0 media_timeout=0 media_coalesced=0 media_accepting=1 media_lifecycle=0,1,0,1 log_queue=0 enqueued=1235 processed=1235 log_high=51 log_heartbeat_age_ms=583 log_waiting=1 queue_dropped=0 mirror_dropped=0 mirror_failures=0 mirror=1 worker=1 mdns_phase=waiting mdns_mode=0 mdns_running=1 mdns_suspended=0 ssdp_suspended=0 mdns_socket=1 mdns_heartbeat_age_ms=123 mdns_select=321 mdns_recv=45 mdns_sent=14
[INFO] [network-heartbeat] threshold_ms=1500 mdns=fd:1,active:1,oldest:select/123,total:821,max:201,error:0/none,hb:123,overflow:0,underflow:0 ssdp=fd:1,active:1,oldest:select/38,total:2220,max:104,error:0/none,hb:38,overflow:0,underflow:0 dlna-http=fd:1,active:1,oldest:select/3,total:1972,max:256,error:0/none,hb:3,overflow:0,underflow:0 airplay-control=fd:1,active:1,oldest:select/28,total:1492,max:238,error:11/recv,hb:28,overflow:0,underflow:0 iptv-background=fd:0,active:0,oldest:none/0,total:0,max:0,error:0/none,hb:0,overflow:0,underflow:0
[INFO] [runtime-heartbeat] t_ms=91972620 frame=9453 view=home player_state=stopped media=1 return_home_pending=0 protocol_state=ready owner=none generation=0 resource_desired=home resource_applied=home resource_transition=0 resource_failed=0 resource_age_ms=0 iptv_background=0,0 discovery_suspended=0 service_workers=0,0,0 service_age_ms=163821,163817,60244 media_queue=0 media_high=1 media_command=0 media_kind=0 media_producer=0 media_token=0 media_generation=0 media_command_age_ms=0 media_heartbeat_age_ms=7 media_full=0 media_stale=0 media_timeout=0 media_coalesced=0 media_accepting=1 media_lifecycle=0,1,0,1 log_queue=0 enqueued=1237 processed=1237 log_high=51 log_heartbeat_age_ms=1999 log_waiting=1 queue_dropped=0 mirror_dropped=0 mirror_failures=0 mirror=1 worker=1 mdns_phase=waiting mdns_mode=0 mdns_running=1 mdns_suspended=0 ssdp_suspended=0 mdns_socket=1 mdns_heartbeat_age_ms=122 mdns_select=331 mdns_recv=45 mdns_sent=16
[INFO] [network-heartbeat] threshold_ms=1500 mdns=fd:1,active:1,oldest:select/122,total:833,max:201,error:0/none,hb:122,overflow:0,underflow:0 ssdp=fd:1,active:1,oldest:select/37,total:2240,max:104,error:0/none,hb:37,overflow:0,underflow:0 dlna-http=fd:1,active:1,oldest:select/98,total:1991,max:256,error:0/none,hb:98,overflow:0,underflow:0 airplay-control=fd:1,active:1,oldest:select/27,total:1512,max:238,error:11/recv,hb:27,overflow:0,underflow:0 iptv-background=fd:0,active:0,oldest:none/0,total:0,max:0,error:0/none,hb:0,overflow:0,underflow:0
[INFO] [input] buttons_down=0x4 view=home state=stopped media=1
[INFO] [input] action=iptv-panel open=1 page=channels
[WARN] [player-imgui] failed to decode IPTV logo path=sdmc:/switch/NX-Cast/iptv/cache/logos/4a7088d3.img
[WARN] [player-imgui] failed to decode IPTV logo path=sdmc:/switch/NX-Cast/iptv/cache/logos/9efc58f1.img
[WARN] [player-imgui] failed to decode IPTV logo path=sdmc:/switch/NX-Cast/iptv/cache/logos/52e0194c.img
[WARN] [player-imgui] failed to decode IPTV logo path=sdmc:/switch/NX-Cast/iptv/cache/logos/a08eed09.img
[WARN] [player-imgui] failed to decode IPTV logo path=sdmc:/switch/NX-Cast/iptv/cache/logos/6cb00861.img
[WARN] [player-imgui] failed to decode IPTV logo path=sdmc:/switch/NX-Cast/iptv/cache/logos/f169131a.img
[WARN] [player-imgui] failed to decode IPTV logo path=sdmc:/switch/NX-Cast/iptv/cache/logos/4f2e344b.img
[INFO] [input] buttons_down=0x80000 view=home state=stopped media=1
[INFO] [input] buttons_down=0x8000 view=home state=stopped media=1
[INFO] [runtime-heartbeat] t_ms=91974620 frame=9573 view=home player_state=stopped media=1 return_home_pending=0 protocol_state=ready owner=none generation=0 resource_desired=home resource_applied=home resource_transition=0 resource_failed=0 resource_age_ms=0 iptv_background=0,0 discovery_suspended=0 service_workers=0,0,0 service_age_ms=165821,165817,62244 media_queue=0 media_high=1 media_command=0 media_kind=0 media_producer=0 media_token=0 media_generation=0 media_command_age_ms=0 media_heartbeat_age_ms=6 media_full=0 media_stale=0 media_timeout=0 media_coalesced=0 media_accepting=1 media_lifecycle=0,1,0,1 log_queue=0 enqueued=1250 processed=1250 log_high=51 log_heartbeat_age_ms=183 log_waiting=1 queue_dropped=0 mirror_dropped=0 mirror_failures=0 mirror=1 worker=1 mdns_phase=waiting mdns_mode=0 mdns_running=1 mdns_suspended=0 ssdp_suspended=0 mdns_socket=1 mdns_heartbeat_age_ms=122 mdns_select=341 mdns_recv=45 mdns_sent=16
[INFO] [network-heartbeat] threshold_ms=1500 mdns=fd:1,active:1,oldest:select/122,total:843,max:201,error:0/none,hb:122,overflow:0,underflow:0 ssdp=fd:1,active:1,oldest:select/36,total:2260,max:104,error:0/none,hb:36,overflow:0,underflow:0 dlna-http=fd:1,active:1,oldest:select/94,total:2011,max:256,error:0/none,hb:94,overflow:0,underflow:0 airplay-control=fd:1,active:1,oldest:select/26,total:1532,max:238,error:11/recv,hb:26,overflow:0,underflow:0 iptv-background=fd:0,active:0,oldest:none/0,total:0,max:0,error:0/none,hb:0,overflow:0,underflow:0
[INFO] [input] buttons_down=0x8000 view=home state=stopped media=1
[INFO] [input] buttons_down=0x8000 view=home state=stopped media=1
[INFO] [input] buttons_down=0x8000 view=home state=stopped media=1
[INFO] [input] buttons_down=0x8000 view=home state=stopped media=1
[INFO] [input] buttons_down=0x8000 view=home state=stopped media=1
[INFO] [input] buttons_down=0x8000 view=home state=stopped media=1
[WARN] [player-imgui] failed to decode IPTV logo path=sdmc:/switch/NX-Cast/iptv/cache/logos/5db69825.img
[WARN] [player-imgui] failed to decode IPTV logo path=sdmc:/switch/NX-Cast/iptv/cache/logos/9f213a16.img
[WARN] [player-imgui] failed to decode IPTV logo path=sdmc:/switch/NX-Cast/iptv/cache/logos/9aaf04cb.img
[WARN] [player-imgui] failed to decode IPTV logo path=sdmc:/switch/NX-Cast/iptv/cache/logos/ce9fb65a.img
[WARN] [player-imgui] failed to decode IPTV logo path=sdmc:/switch/NX-Cast/iptv/cache/logos/c125c614.img
[WARN] [player-imgui] failed to decode IPTV logo path=sdmc:/switch/NX-Cast/iptv/cache/logos/e341d217.img
[WARN] [player-imgui] failed to decode IPTV logo path=sdmc:/switch/NX-Cast/iptv/cache/logos/1f2d4256.img
[INFO] [input] buttons_down=0x8000 view=home state=stopped media=1
[INFO] [runtime-heartbeat] t_ms=91976620 frame=9693 view=home player_state=stopped media=1 return_home_pending=0 protocol_state=ready owner=none generation=0 resource_desired=home resource_applied=home resource_transition=0 resource_failed=0 resource_age_ms=0 iptv_background=0,0 discovery_suspended=0 service_workers=0,0,0 service_age_ms=167821,167817,64244 media_queue=0 media_high=1 media_command=0 media_kind=0 media_producer=0 media_token=0 media_generation=0 media_command_age_ms=0 media_heartbeat_age_ms=4 media_full=0 media_stale=0 media_timeout=0 media_coalesced=0 media_accepting=1 media_lifecycle=0,1,0,1 log_queue=0 enqueued=1266 processed=1266 log_high=51 log_heartbeat_age_ms=616 log_waiting=1 queue_dropped=0 mirror_dropped=0 mirror_failures=0 mirror=1 worker=1 mdns_phase=waiting mdns_mode=0 mdns_running=1 mdns_suspended=0 ssdp_suspended=0 mdns_socket=1 mdns_heartbeat_age_ms=121 mdns_select=351 mdns_recv=45 mdns_sent=16
[INFO] [network-heartbeat] threshold_ms=1500 mdns=fd:1,active:1,oldest:select/121,total:853,max:201,error:0/none,hb:121,overflow:0,underflow:0 ssdp=fd:1,active:1,oldest:select/36,total:2280,max:104,error:0/none,hb:36,overflow:0,underflow:0 dlna-http=fd:1,active:1,oldest:select/91,total:2031,max:256,error:0/none,hb:91,overflow:0,underflow:0 airplay-control=fd:1,active:1,oldest:select/26,total:1552,max:238,error:11/recv,hb:26,overflow:0,underflow:0 iptv-background=fd:0,active:0,oldest:none/0,total:0,max:0,error:0/none,hb:0,overflow:0,underflow:0
[WARN] [player-imgui] failed to decode IPTV logo path=sdmc:/switch/NX-Cast/iptv/cache/logos/9559bcd1.img
[WARN] [player-imgui] failed to decode IPTV logo path=sdmc:/switch/NX-Cast/iptv/cache/logos/d63f5cc0.img
[WARN] [player-imgui] failed to decode IPTV logo path=sdmc:/switch/NX-Cast/iptv/cache/logos/f5841fc2.img
[WARN] [player-imgui] failed to decode IPTV logo path=sdmc:/switch/NX-Cast/iptv/cache/logos/b6be5c32.img
[WARN] [player-imgui] failed to decode IPTV logo path=sdmc:/switch/NX-Cast/iptv/cache/logos/e87c5112.img
[WARN] [player-imgui] failed to decode IPTV logo path=sdmc:/switch/NX-Cast/iptv/cache/logos/c5a3a2b9.img
[WARN] [player-imgui] failed to decode IPTV logo path=sdmc:/switch/NX-Cast/iptv/cache/logos/9ff9071d.img
[INFO] [input] buttons_down=0x8000 view=home state=stopped media=1
[INFO] [input] buttons_down=0x8000 view=home state=stopped media=1
[INFO] [input] buttons_down=0x8000 view=home state=stopped media=1
[INFO] [input] buttons_down=0x1 view=home state=stopped media=1
[INFO] [media-trace] seq=4 t_ms=0 action=IPTVPlay phase=begin url_hash=9cc30efa metadata_bytes=14 url=<URL_REDACTED>
[INFO] [iptv-play] seq=4 phase=begin channel_id=c5a3a2b9 url_hash=9cc30efa
[INFO] [iptv-play] seq=4 phase=claim begin url_hash=9cc30efa
[INFO] [protocol-coordinator] event=claim previous_owner=none previous_token=0 previous_generation=0 owner=iptv token=1 generation=5
[INFO] [iptv-play] seq=4 phase=claim done generation=5 previous_owner=none url_hash=9cc30efa
[INFO] [iptv] background-network suspended=1 quiesced=1
[INFO] [protocol-coordinator] event=reject action=validate owner=none token=0 generation=0 current_owner=iptv current_token=1 current_generation=5 reason=stale-lease
[INFO] [protocol-coordinator] event=reject action=validate owner=none token=0 generation=0 current_owner=iptv current_token=1 current_generation=5 reason=stale-lease
[INFO] [dlna] stop begin
[INFO] [dlna] stop step=ssdp_stop begin
[INFO] [ssdp] stop begin socket_fd=6 thread_started=1
[INFO] [ssdp] stop shutting down socket fd=6
[INFO] [ssdp] stop waiting for thread exit
[INFO] [ssdp] stop thread closed
[INFO] [ssdp] Responder stopped.
[INFO] [dlna] stop step=ssdp_stop done
[INFO] [dlna] stop step=http_server_stop begin
[INFO] [http-server] stop begin listen_sock=5 thread_started=1 port=49152
[INFO] [http-server] stop shutting down listen socket fd=5
[INFO] [http-server] stop waiting for thread exit
[INFO] [http-server] stop thread closed
[INFO] [http-server] stopped.
[INFO] [dlna] stop step=http_server_stop done
[INFO] [dlna] stop step=event_server_stop begin
[INFO] [event] stop begin sync_pending=1
[INFO] [event] stop waiting for thread exit
[INFO] [event] stop thread closed and subscriptions cleared
[INFO] [event] DLNA event server stopped.
[INFO] [dlna] stop step=event_server_stop done
[INFO] [dlna] stop step=soap_server_stop begin
[INFO] [soap] stop begin
[INFO] [soap-handler] shutdown begin
[INFO] [soap-handler] shutdown step=protocol_state_reset done
[INFO] [soap] SOAP control module stopped.
[INFO] [dlna] stop step=soap_server_stop done
[INFO] [dlna] stop step=scpd_stop begin
[INFO] [scpd] stop begin
[INFO] [scpd] description templates stopped.
[INFO] [dlna] stop step=scpd_stop done
[INFO] [dlna] Control layer stopped.
[INFO] [iptv-play] seq=4 phase=enqueue-open-autoplay begin generation=5 token=1 url_hash=9cc30efa
[INFO] [media-trace] seq=4 t_ms=5 layer=player action=set_media phase=begin url_hash=9cc30efa url=<URL_REDACTED>
[INFO] [media-trace] seq=4 t_ms=5 layer=libmpv action=set_media phase=begin url_hash=9cc30efa detail=- url=<URL_REDACTED>
[INFO] [media-trace] seq=4 t_ms=5 layer=libmpv action=set_media phase=mutex-wait url_hash=9cc30efa detail=- url=<URL_REDACTED>
[INFO] [media-trace] seq=4 t_ms=5 layer=libmpv action=set_media phase=mutex-acquired url_hash=9cc30efa detail=- url=<URL_REDACTED>
[INFO] [media-trace] seq=4 t_ms=5 layer=libmpv action=loadfile phase=dispatch url_hash=9cc30efa detail=paused=1 profile=default-stable url=<URL_REDACTED>
[INFO] [media-trace] seq=4 t_ms=5 layer=libmpv action=loadfile phase=queued url_hash=9cc30efa detail=paused=1 profile=default-stable url=<URL_REDACTED>
[INFO] [media-trace] seq=4 t_ms=5 layer=libmpv action=set_media phase=done url_hash=9cc30efa detail=- url=<URL_REDACTED>
[INFO] [media-trace] seq=4 t_ms=5 layer=player action=set_media phase=done url_hash=9cc30efa url=<URL_REDACTED>
[INFO] [media-trace] seq=4 t_ms=5 layer=player action=Play phase=backend-call-begin url_hash=9cc30efa detail=-
[INFO] [iptv-play] seq=4 phase=enqueue-open-autoplay done status=accepted url_hash=9cc30efa
[INFO] [media-trace] seq=4 t_ms=5 layer=libmpv action=Play phase=mutex-wait url_hash=9cc30efa detail=- url=<URL_REDACTED>
[INFO] [media-trace] seq=4 t_ms=5 layer=libmpv action=Play phase=mutex-acquired url_hash=9cc30efa detail=- url=<URL_REDACTED>
[INFO] [media-trace] seq=4 t_ms=6 layer=libmpv action=Play phase=deferred url_hash=9cc30efa detail=waiting-file-loaded url=<URL_REDACTED>
[INFO] [media-trace] seq=4 t_ms=6 layer=player action=Play phase=backend-call-done url_hash=9cc30efa detail=ok
[INFO] [media-trace] seq=4 t_ms=6 layer=player action=Play phase=snapshot-refresh-begin url_hash=9cc30efa detail=-
[INFO] [media-trace] seq=4 t_ms=6 layer=player action=Play phase=snapshot-refresh-done url_hash=9cc30efa detail=-
[INFO] [media-trace] seq=4 t_ms=6 layer=player action=Play phase=backend-wakeup-begin url_hash=9cc30efa detail=-
[INFO] [media-trace] seq=4 t_ms=6 layer=player action=Play phase=backend-wakeup-done url_hash=9cc30efa detail=-
[INFO] [media-trace] seq=4 t_ms=6 layer=libmpv action=mpv-start-file phase=event url_hash=9cc30efa detail=- url=<URL_REDACTED>
[INFO] [player-libmpv] start-file uri=<URL_REDACTED>
[INFO] [iptv-play] seq=4 phase=done channel_id=c5a3a2b9 url_hash=9cc30efa
[INFO] [input] action=iptv-play ok=1 index=19
[INFO] [protocol-coordinator] revision=45->52 state=ready->media-active iptv=running->running dlna=running->stopped airplay=running->stopped owner=none->iptv token=1 generation=5 pin_visible=0 resource=home->iptv-exclusive desired=iptv-exclusive transition=0 failed=0 discovery_suspended=0->0 airplay_running=0 airplay_starting=0 status=none
[INFO] [player-view] desired_view=video state=LOADING has_media=1 uri=<URL_REDACTED>
[INFO] [player-view] active_view=video frame=9770
[INFO] [input] active_view=video state=loading media=1 snapshot=1
[INFO] [runtime-heartbeat] t_ms=91978620 frame=9813 view=video player_state=loading media=1 return_home_pending=0 protocol_state=media-active owner=iptv generation=5 resource_desired=iptv-exclusive resource_applied=iptv-exclusive resource_transition=0 resource_failed=0 resource_age_ms=0 iptv_background=1,0 discovery_suspended=0 service_workers=0,0,0 service_age_ms=169821,711,715 media_queue=0 media_high=1 media_command=0 media_kind=0 media_producer=0 media_token=0 media_generation=0 media_command_age_ms=0 media_heartbeat_age_ms=9 media_full=0 media_stale=0 media_timeout=0 media_coalesced=0 media_accepting=1 media_lifecycle=0,1,0,1 log_queue=0 enqueued=1346 processed=1346 log_high=51 log_heartbeat_age_ms=690 log_waiting=1 queue_dropped=0 mirror_dropped=0 mirror_failures=0 mirror=1 worker=1 mdns_phase=stopped mdns_mode=0 mdns_running=0 mdns_suspended=0 ssdp_suspended=0 mdns_socket=0 mdns_heartbeat_age_ms=716 mdns_select=359 mdns_recv=45 mdns_sent=18
[INFO] [network-heartbeat] threshold_ms=1500 mdns=fd:0,active:0,oldest:none/0,total:862,max:201,error:0/none,hb:715,overflow:0,underflow:0 ssdp=fd:0,active:0,oldest:none/0,total:2305,max:104,error:0/none,hb:712,overflow:0,underflow:0 dlna-http=fd:0,active:0,oldest:none/0,total:2044,max:256,error:0/none,hb:712,overflow:0,underflow:0 airplay-control=fd:0,active:0,oldest:none/0,total:1565,max:238,error:11/recv,hb:715,overflow:0,underflow:0 iptv-background=fd:0,active:0,oldest:none/0,total:0,max:0,error:0/none,hb:0,overflow:0,underflow:0
[INFO] [player-libmpv][cplayer]  (+) Video --vid=1 (h264 1280x720 25.000fps)
[INFO] [player-libmpv][cplayer]  (+) Audio --aid=1 (aac 2ch 48000Hz)
[INFO] [media-trace] seq=4 t_ms=2693 layer=libmpv action=mpv-file-loaded phase=event url_hash=9cc30efa detail=- url=<URL_REDACTED>
[INFO] [player-libmpv] file-loaded uri=<URL_REDACTED>
[INFO] [media-trace] seq=4 t_ms=2694 layer=libmpv action=Play phase=dispatch url_hash=9cc30efa detail=file-loaded-autoplay url=<URL_REDACTED>
[INFO] [player-libmpv][vd] Using hardware decoding (nvtegra).
[INFO] [player-libmpv][cplayer] AO: [hos] 48000Hz stereo 2ch s16
[INFO] [player-libmpv][cplayer] VO: [libmpv] 1280x720 nvtegra[nv12]
[INFO] [runtime-heartbeat] t_ms=91980620 frame=9933 view=video player_state=loading media=1 return_home_pending=0 protocol_state=media-active owner=iptv generation=5 resource_desired=iptv-exclusive resource_applied=iptv-exclusive resource_transition=0 resource_failed=0 resource_age_ms=0 iptv_background=1,0 discovery_suspended=0 service_workers=0,0,0 service_age_ms=171821,2711,2715 media_queue=0 media_high=1 media_command=0 media_kind=0 media_producer=0 media_token=0 media_generation=0 media_command_age_ms=0 media_heartbeat_age_ms=0 media_full=0 media_stale=0 media_timeout=0 media_coalesced=0 media_accepting=1 media_lifecycle=0,1,0,1 log_queue=0 enqueued=1356 processed=1356 log_high=51 log_heartbeat_age_ms=10 log_waiting=1 queue_dropped=0 mirror_dropped=0 mirror_failures=0 mirror=1 worker=1 mdns_phase=stopped mdns_mode=0 mdns_running=0 mdns_suspended=0 ssdp_suspended=0 mdns_socket=0 mdns_heartbeat_age_ms=2716 mdns_select=359 mdns_recv=45 mdns_sent=18
[INFO] [network-heartbeat] threshold_ms=1500 mdns=fd:0,active:0,oldest:none/0,total:862,max:201,error:0/none,hb:2715,overflow:0,underflow:0 ssdp=fd:0,active:0,oldest:none/0,total:2305,max:104,error:0/none,hb:2713,overflow:0,underflow:0 dlna-http=fd:0,active:0,oldest:none/0,total:2044,max:256,error:0/none,hb:2713,overflow:0,underflow:0 airplay-control=fd:0,active:0,oldest:none/0,total:1565,max:238,error:11/recv,hb:2716,overflow:0,underflow:0 iptv-background=fd:0,active:0,oldest:none/0,total:0,max:0,error:0/none,hb:0,overflow:0,underflow:0
[INFO] [media-trace] seq=4 t_ms=2912 layer=libmpv action=mpv-playback-restart phase=event url_hash=9cc30efa detail=- url=<URL_REDACTED>
[INFO] [media-trace] seq=4 t_ms=2912 layer=libmpv action=startup-gate phase=seek-window url_hash=9cc30efa detail=open url=<URL_REDACTED>
[INFO] [media-trace] seq=4 t_ms=3267 layer=libmpv action=startup-gate phase=released url_hash=9cc30efa detail=initial-seek-window-expired url=<URL_REDACTED>
[INFO] [media-trace] seq=4 t_ms=3316 layer=render action=first-frame phase=presented url_hash=9cc30efa frame=9966 presented=9966
[INFO] [runtime-heartbeat] t_ms=91982623 frame=10015 view=video player_state=playing media=1 return_home_pending=0 protocol_state=media-active owner=iptv generation=5 resource_desired=iptv-exclusive resource_applied=iptv-exclusive resource_transition=0 resource_failed=0 resource_age_ms=0 iptv_background=1,0 discovery_suspended=0 service_workers=0,0,0 service_age_ms=173824,4714,4718 media_queue=0 media_high=1 media_command=0 media_kind=0 media_producer=0 media_token=0 media_generation=0 media_command_age_ms=0 media_heartbeat_age_ms=6 media_full=0 media_stale=0 media_timeout=0 media_coalesced=0 media_accepting=1 media_lifecycle=0,1,0,1 log_queue=0 enqueued=1362 processed=1362 log_high=51 log_heartbeat_age_ms=1402 log_waiting=1 queue_dropped=0 mirror_dropped=0 mirror_failures=0 mirror=1 worker=1 mdns_phase=stopped mdns_mode=0 mdns_running=0 mdns_suspended=0 ssdp_suspended=0 mdns_socket=0 mdns_heartbeat_age_ms=4720 mdns_select=359 mdns_recv=45 mdns_sent=18
[INFO] [network-heartbeat] threshold_ms=1500 mdns=fd:0,active:0,oldest:none/0,total:862,max:201,error:0/none,hb:4719,overflow:0,underflow:0 ssdp=fd:0,active:0,oldest:none/0,total:2305,max:104,error:0/none,hb:4716,overflow:0,underflow:0 dlna-http=fd:0,active:0,oldest:none/0,total:2044,max:256,error:0/none,hb:4716,overflow:0,underflow:0 airplay-control=fd:0,active:0,oldest:none/0,total:1565,max:238,error:11/recv,hb:4719,overflow:0,underflow:0 iptv-background=fd:0,active:0,oldest:none/0,total:0,max:0,error:0/none,hb:0,overflow:0,underflow:0
[INFO] [runtime-heartbeat] t_ms=91984623 frame=10076 view=video player_state=playing media=1 return_home_pending=0 protocol_state=media-active owner=iptv generation=5 resource_desired=iptv-exclusive resource_applied=iptv-exclusive resource_transition=0 resource_failed=0 resource_age_ms=0 iptv_background=1,0 discovery_suspended=0 service_workers=0,0,0 service_age_ms=175824,6714,6718 media_queue=0 media_high=1 media_command=0 media_kind=0 media_producer=0 media_token=0 media_generation=0 media_command_age_ms=0 media_heartbeat_age_ms=4 media_full=0 media_stale=0 media_timeout=0 media_coalesced=0 media_accepting=1 media_lifecycle=0,1,0,1 log_queue=0 enqueued=1364 processed=1364 log_high=51 log_heartbeat_age_ms=1998 log_waiting=1 queue_dropped=0 mirror_dropped=0 mirror_failures=0 mirror=1 worker=1 mdns_phase=stopped mdns_mode=0 mdns_running=0 mdns_suspended=0 ssdp_suspended=0 mdns_socket=0 mdns_heartbeat_age_ms=6719 mdns_select=359 mdns_recv=45 mdns_sent=18
[INFO] [network-heartbeat] threshold_ms=1500 mdns=fd:0,active:0,oldest:none/0,total:862,max:201,error:0/none,hb:6718,overflow:0,underflow:0 ssdp=fd:0,active:0,oldest:none/0,total:2305,max:104,error:0/none,hb:6715,overflow:0,underflow:0 dlna-http=fd:0,active:0,oldest:none/0,total:2044,max:256,error:0/none,hb:6715,overflow:0,underflow:0 airplay-control=fd:0,active:0,oldest:none/0,total:1565,max:238,error:11/recv,hb:6718,overflow:0,underflow:0 iptv-background=fd:0,active:0,oldest:none/0,total:0,max:0,error:0/none,hb:0,overflow:0,underflow:0
[INFO] [runtime-heartbeat] t_ms=91986627 frame=10138 view=video player_state=playing media=1 return_home_pending=0 protocol_state=media-active owner=iptv generation=5 resource_desired=iptv-exclusive resource_applied=iptv-exclusive resource_transition=0 resource_failed=0 resource_age_ms=0 iptv_background=1,0 discovery_suspended=0 service_workers=0,0,0 service_age_ms=177828,8718,8722 media_queue=0 media_high=1 media_command=0 media_kind=0 media_producer=0 media_token=0 media_generation=0 media_command_age_ms=0 media_heartbeat_age_ms=1 media_full=0 media_stale=0 media_timeout=0 media_coalesced=0 media_accepting=1 media_lifecycle=0,1,0,1 log_queue=0 enqueued=1366 processed=1366 log_high=51 log_heartbeat_age_ms=2004 log_waiting=1 queue_dropped=0 mirror_dropped=0 mirror_failures=0 mirror=1 worker=1 mdns_phase=stopped mdns_mode=0 mdns_running=0 mdns_suspended=0 ssdp_suspended=0 mdns_socket=0 mdns_heartbeat_age_ms=8724 mdns_select=359 mdns_recv=45 mdns_sent=18
[INFO] [network-heartbeat] threshold_ms=1500 mdns=fd:0,active:0,oldest:none/0,total:862,max:201,error:0/none,hb:8723,overflow:0,underflow:0 ssdp=fd:0,active:0,oldest:none/0,total:2305,max:104,error:0/none,hb:8720,overflow:0,underflow:0 dlna-http=fd:0,active:0,oldest:none/0,total:2044,max:256,error:0/none,hb:8720,overflow:0,underflow:0 airplay-control=fd:0,active:0,oldest:none/0,total:1565,max:238,error:11/recv,hb:8723,overflow:0,underflow:0 iptv-background=fd:0,active:0,oldest:none/0,total:0,max:0,error:0/none,hb:0,overflow:0,underflow:0
[INFO] [runtime-heartbeat] t_ms=91988665 frame=10205 view=video player_state=playing media=1 return_home_pending=0 protocol_state=media-active owner=iptv generation=5 resource_desired=iptv-exclusive resource_applied=iptv-exclusive resource_transition=0 resource_failed=0 resource_age_ms=0 iptv_background=1,0 discovery_suspended=0 service_workers=0,0,0 service_age_ms=179866,10756,10760 media_queue=0 media_high=1 media_command=0 media_kind=0 media_producer=0 media_token=0 media_generation=0 media_command_age_ms=0 media_heartbeat_age_ms=1 media_full=0 media_stale=0 media_timeout=0 media_coalesced=0 media_accepting=1 media_lifecycle=0,1,0,1 log_queue=0 enqueued=1368 processed=1368 log_high=51 log_heartbeat_age_ms=2036 log_waiting=1 queue_dropped=0 mirror_dropped=0 mirror_failures=0 mirror=1 worker=1 mdns_phase=stopped mdns_mode=0 mdns_running=0 mdns_suspended=0 ssdp_suspended=0 mdns_socket=0 mdns_heartbeat_age_ms=10761 mdns_select=359 mdns_recv=45 mdns_sent=18
[INFO] [network-heartbeat] threshold_ms=1500 mdns=fd:0,active:0,oldest:none/0,total:862,max:201,error:0/none,hb:10760,overflow:0,underflow:0 ssdp=fd:0,active:0,oldest:none/0,total:2305,max:104,error:0/none,hb:10757,overflow:0,underflow:0 dlna-http=fd:0,active:0,oldest:none/0,total:2044,max:256,error:0/none,hb:10757,overflow:0,underflow:0 airplay-control=fd:0,active:0,oldest:none/0,total:1565,max:238,error:11/recv,hb:10760,overflow:0,underflow:0 iptv-background=fd:0,active:0,oldest:none/0,total:0,max:0,error:0/none,hb:0,overflow:0,underflow:0
[INFO] [runtime-heartbeat] t_ms=91990669 frame=10267 view=video player_state=playing media=1 return_home_pending=0 protocol_state=media-active owner=iptv generation=5 resource_desired=iptv-exclusive resource_applied=iptv-exclusive resource_transition=0 resource_failed=0 resource_age_ms=0 iptv_background=1,0 discovery_suspended=0 service_workers=0,0,0 service_age_ms=181870,12760,12764 media_queue=0 media_high=1 media_command=0 media_kind=0 media_producer=0 media_token=0 media_generation=0 media_command_age_ms=0 media_heartbeat_age_ms=5 media_full=0 media_stale=0 media_timeout=0 media_coalesced=0 media_accepting=1 media_lifecycle=0,1,0,1 log_queue=0 enqueued=1370 processed=1370 log_high=51 log_heartbeat_age_ms=2002 log_waiting=1 queue_dropped=0 mirror_dropped=0 mirror_failures=0 mirror=1 worker=1 mdns_phase=stopped mdns_mode=0 mdns_running=0 mdns_suspended=0 ssdp_suspended=0 mdns_socket=0 mdns_heartbeat_age_ms=12765 mdns_select=359 mdns_recv=45 mdns_sent=18
[INFO] [network-heartbeat] threshold_ms=1500 mdns=fd:0,active:0,oldest:none/0,total:862,max:201,error:0/none,hb:12765,overflow:0,underflow:0 ssdp=fd:0,active:0,oldest:none/0,total:2305,max:104,error:0/none,hb:12762,overflow:0,underflow:0 dlna-http=fd:0,active:0,oldest:none/0,total:2044,max:256,error:0/none,hb:12762,overflow:0,underflow:0 airplay-control=fd:0,active:0,oldest:none/0,total:1565,max:238,error:11/recv,hb:12765,overflow:0,underflow:0 iptv-background=fd:0,active:0,oldest:none/0,total:0,max:0,error:0/none,hb:0,overflow:0,underflow:0
[INFO] [runtime-heartbeat] t_ms=91992704 frame=10334 view=video player_state=playing media=1 return_home_pending=0 protocol_state=media-active owner=iptv generation=5 resource_desired=iptv-exclusive resource_applied=iptv-exclusive resource_transition=0 resource_failed=0 resource_age_ms=0 iptv_background=1,0 discovery_suspended=0 service_workers=0,0,0 service_age_ms=183905,14795,14799 media_queue=0 media_high=1 media_command=0 media_kind=0 media_producer=0 media_token=0 media_generation=0 media_command_age_ms=0 media_heartbeat_age_ms=5 media_full=0 media_stale=0 media_timeout=0 media_coalesced=0 media_accepting=1 media_lifecycle=0,1,0,1 log_queue=0 enqueued=1372 processed=1372 log_high=51 log_heartbeat_age_ms=2033 log_waiting=1 queue_dropped=0 mirror_dropped=0 mirror_failures=0 mirror=1 worker=1 mdns_phase=stopped mdns_mode=0 mdns_running=0 mdns_suspended=0 ssdp_suspended=0 mdns_socket=0 mdns_heartbeat_age_ms=14800 mdns_select=359 mdns_recv=45 mdns_sent=18
[INFO] [network-heartbeat] threshold_ms=1500 mdns=fd:0,active:0,oldest:none/0,total:862,max:201,error:0/none,hb:14799,overflow:0,underflow:0 ssdp=fd:0,active:0,oldest:none/0,total:2305,max:104,error:0/none,hb:14796,overflow:0,underflow:0 dlna-http=fd:0,active:0,oldest:none/0,total:2044,max:256,error:0/none,hb:14796,overflow:0,underflow:0 airplay-control=fd:0,active:0,oldest:none/0,total:1565,max:238,error:11/recv,hb:14799,overflow:0,underflow:0 iptv-background=fd:0,active:0,oldest:none/0,total:0,max:0,error:0/none,hb:0,overflow:0,underflow:0
[INFO] [runtime-heartbeat] t_ms=91994706 frame=10395 view=video player_state=playing media=1 return_home_pending=0 protocol_state=media-active owner=iptv generation=5 resource_desired=iptv-exclusive resource_applied=iptv-exclusive resource_transition=0 resource_failed=0 resource_age_ms=0 iptv_background=1,0 discovery_suspended=0 service_workers=0,0,0 service_age_ms=185907,16797,16801 media_queue=0 media_high=1 media_command=0 media_kind=0 media_producer=0 media_token=0 media_generation=0 media_command_age_ms=0 media_heartbeat_age_ms=2 media_full=0 media_stale=0 media_timeout=0 media_coalesced=0 media_accepting=1 media_lifecycle=0,1,0,1 log_queue=0 enqueued=1374 processed=1374 log_high=51 log_heartbeat_age_ms=2001 log_waiting=1 queue_dropped=0 mirror_dropped=0 mirror_failures=0 mirror=1 worker=1 mdns_phase=stopped mdns_mode=0 mdns_running=0 mdns_suspended=0 ssdp_suspended=0 mdns_socket=0 mdns_heartbeat_age_ms=16802 mdns_select=359 mdns_recv=45 mdns_sent=18
[INFO] [network-heartbeat] threshold_ms=1500 mdns=fd:0,active:0,oldest:none/0,total:862,max:201,error:0/none,hb:16801,overflow:0,underflow:0 ssdp=fd:0,active:0,oldest:none/0,total:2305,max:104,error:0/none,hb:16798,overflow:0,underflow:0 dlna-http=fd:0,active:0,oldest:none/0,total:2044,max:256,error:0/none,hb:16798,overflow:0,underflow:0 airplay-control=fd:0,active:0,oldest:none/0,total:1565,max:238,error:11/recv,hb:16801,overflow:0,underflow:0 iptv-background=fd:0,active:0,oldest:none/0,total:0,max:0,error:0/none,hb:0,overflow:0,underflow:0
[INFO] [runtime-heartbeat] t_ms=91996745 frame=10457 view=video player_state=playing media=1 return_home_pending=0 protocol_state=media-active owner=iptv generation=5 resource_desired=iptv-exclusive resource_applied=iptv-exclusive resource_transition=0 resource_failed=0 resource_age_ms=0 iptv_background=1,0 discovery_suspended=0 service_workers=0,0,0 service_age_ms=187946,18836,18840 media_queue=0 media_high=1 media_command=0 media_kind=0 media_producer=0 media_token=0 media_generation=0 media_command_age_ms=0 media_heartbeat_age_ms=1 media_full=0 media_stale=0 media_timeout=0 media_coalesced=0 media_accepting=1 media_lifecycle=0,1,0,1 log_queue=0 enqueued=1376 processed=1376 log_high=51 log_heartbeat_age_ms=2039 log_waiting=1 queue_dropped=0 mirror_dropped=0 mirror_failures=0 mirror=1 worker=1 mdns_phase=stopped mdns_mode=0 mdns_running=0 mdns_suspended=0 ssdp_suspended=0 mdns_socket=0 mdns_heartbeat_age_ms=18842 mdns_select=359 mdns_recv=45 mdns_sent=18
[INFO] [network-heartbeat] threshold_ms=1500 mdns=fd:0,active:0,oldest:none/0,total:862,max:201,error:0/none,hb:18841,overflow:0,underflow:0 ssdp=fd:0,active:0,oldest:none/0,total:2305,max:104,error:0/none,hb:18838,overflow:0,underflow:0 dlna-http=fd:0,active:0,oldest:none/0,total:2044,max:256,error:0/none,hb:18838,overflow:0,underflow:0 airplay-control=fd:0,active:0,oldest:none/0,total:1565,max:238,error:11/recv,hb:18841,overflow:0,underflow:0 iptv-background=fd:0,active:0,oldest:none/0,total:0,max:0,error:0/none,hb:0,overflow:0,underflow:0
[INFO] [runtime-heartbeat] t_ms=91998785 frame=10518 view=video player_state=playing media=1 return_home_pending=0 protocol_state=media-active owner=iptv generation=5 resource_desired=iptv-exclusive resource_applied=iptv-exclusive resource_transition=0 resource_failed=0 resource_age_ms=0 iptv_background=1,0 discovery_suspended=0 service_workers=0,0,0 service_age_ms=189986,20876,20880 media_queue=0 media_high=1 media_command=0 media_kind=0 media_producer=0 media_token=0 media_generation=0 media_command_age_ms=0 media_heartbeat_age_ms=0 media_full=0 media_stale=0 media_timeout=0 media_coalesced=0 media_accepting=1 media_lifecycle=0,1,0,1 log_queue=0 enqueued=1378 processed=1378 log_high=51 log_heartbeat_age_ms=2038 log_waiting=1 queue_dropped=0 mirror_dropped=0 mirror_failures=0 mirror=1 worker=1 mdns_phase=stopped mdns_mode=0 mdns_running=0 mdns_suspended=0 ssdp_suspended=0 mdns_socket=0 mdns_heartbeat_age_ms=20881 mdns_select=359 mdns_recv=45 mdns_sent=18
[INFO] [network-heartbeat] threshold_ms=1500 mdns=fd:0,active:0,oldest:none/0,total:862,max:201,error:0/none,hb:20880,overflow:0,underflow:0 ssdp=fd:0,active:0,oldest:none/0,total:2305,max:104,error:0/none,hb:20877,overflow:0,underflow:0 dlna-http=fd:0,active:0,oldest:none/0,total:2044,max:256,error:0/none,hb:20877,overflow:0,underflow:0 airplay-control=fd:0,active:0,oldest:none/0,total:1565,max:238,error:11/recv,hb:20880,overflow:0,underflow:0 iptv-background=fd:0,active:0,oldest:none/0,total:0,max:0,error:0/none,hb:0,overflow:0,underflow:0
[INFO] [runtime-heartbeat] t_ms=92000829 frame=10577 view=video player_state=playing media=1 return_home_pending=0 protocol_state=media-active owner=iptv generation=5 resource_desired=iptv-exclusive resource_applied=iptv-exclusive resource_transition=0 resource_failed=0 resource_age_ms=0 iptv_background=1,0 discovery_suspended=0 service_workers=0,0,0 service_age_ms=192030,22920,22924 media_queue=0 media_high=1 media_command=0 media_kind=0 media_producer=0 media_token=0 media_generation=0 media_command_age_ms=0 media_heartbeat_age_ms=5 media_full=0 media_stale=0 media_timeout=0 media_coalesced=0 media_accepting=1 media_lifecycle=0,1,0,1 log_queue=0 enqueued=1380 processed=1380 log_high=51 log_heartbeat_age_ms=2042 log_waiting=1 queue_dropped=0 mirror_dropped=0 mirror_failures=0 mirror=1 worker=1 mdns_phase=stopped mdns_mode=0 mdns_running=0 mdns_suspended=0 ssdp_suspended=0 mdns_socket=0 mdns_heartbeat_age_ms=22925 mdns_select=359 mdns_recv=45 mdns_sent=18
[INFO] [network-heartbeat] threshold_ms=1500 mdns=fd:0,active:0,oldest:none/0,total:862,max:201,error:0/none,hb:22924,overflow:0,underflow:0 ssdp=fd:0,active:0,oldest:none/0,total:2305,max:104,error:0/none,hb:22921,overflow:0,underflow:0 dlna-http=fd:0,active:0,oldest:none/0,total:2044,max:256,error:0/none,hb:22921,overflow:0,underflow:0 airplay-control=fd:0,active:0,oldest:none/0,total:1565,max:238,error:11/recv,hb:22924,overflow:0,underflow:0 iptv-background=fd:0,active:0,oldest:none/0,total:0,max:0,error:0/none,hb:0,overflow:0,underflow:0
[INFO] [runtime-heartbeat] t_ms=92002863 frame=10642 view=video player_state=playing media=1 return_home_pending=0 protocol_state=media-active owner=iptv generation=5 resource_desired=iptv-exclusive resource_applied=iptv-exclusive resource_transition=0 resource_failed=0 resource_age_ms=0 iptv_background=1,0 discovery_suspended=0 service_workers=0,0,0 service_age_ms=194064,24954,24958 media_queue=0 media_high=1 media_command=0 media_kind=0 media_producer=0 media_token=0 media_generation=0 media_command_age_ms=0 media_heartbeat_age_ms=2 media_full=0 media_stale=0 media_timeout=0 media_coalesced=0 media_accepting=1 media_lifecycle=0,1,0,1 log_queue=0 enqueued=1382 processed=1382 log_high=51 log_heartbeat_age_ms=2034 log_waiting=1 queue_dropped=0 mirror_dropped=0 mirror_failures=0 mirror=1 worker=1 mdns_phase=stopped mdns_mode=0 mdns_running=0 mdns_suspended=0 ssdp_suspended=0 mdns_socket=0 mdns_heartbeat_age_ms=24960 mdns_select=359 mdns_recv=45 mdns_sent=18
[INFO] [network-heartbeat] threshold_ms=1500 mdns=fd:0,active:0,oldest:none/0,total:862,max:201,error:0/none,hb:24959,overflow:0,underflow:0 ssdp=fd:0,active:0,oldest:none/0,total:2305,max:104,error:0/none,hb:24956,overflow:0,underflow:0 dlna-http=fd:0,active:0,oldest:none/0,total:2044,max:256,error:0/none,hb:24956,overflow:0,underflow:0 airplay-control=fd:0,active:0,oldest:none/0,total:1565,max:238,error:11/recv,hb:24959,overflow:0,underflow:0 iptv-background=fd:0,active:0,oldest:none/0,total:0,max:0,error:0/none,hb:0,overflow:0,underflow:0
[INFO] [runtime-heartbeat] t_ms=92004863 frame=10699 view=video player_state=playing media=1 return_home_pending=0 protocol_state=media-active owner=iptv generation=5 resource_desired=iptv-exclusive resource_applied=iptv-exclusive resource_transition=0 resource_failed=0 resource_age_ms=0 iptv_background=1,0 discovery_suspended=0 service_workers=0,0,0 service_age_ms=196064,26954,26958 media_queue=0 media_high=1 media_command=0 media_kind=0 media_producer=0 media_token=0 media_generation=0 media_command_age_ms=0 media_heartbeat_age_ms=4 media_full=0 media_stale=0 media_timeout=0 media_coalesced=0 media_accepting=1 media_lifecycle=0,1,0,1 log_queue=0 enqueued=1384 processed=1384 log_high=51 log_heartbeat_age_ms=1998 log_waiting=1 queue_dropped=0 mirror_dropped=0 mirror_failures=0 mirror=1 worker=1 mdns_phase=stopped mdns_mode=0 mdns_running=0 mdns_suspended=0 ssdp_suspended=0 mdns_socket=0 mdns_heartbeat_age_ms=26959 mdns_select=359 mdns_recv=45 mdns_sent=18
[INFO] [network-heartbeat] threshold_ms=1500 mdns=fd:0,active:0,oldest:none/0,total:862,max:201,error:0/none,hb:26958,overflow:0,underflow:0 ssdp=fd:0,active:0,oldest:none/0,total:2305,max:104,error:0/none,hb:26955,overflow:0,underflow:0 dlna-http=fd:0,active:0,oldest:none/0,total:2044,max:256,error:0/none,hb:26955,overflow:0,underflow:0 airplay-control=fd:0,active:0,oldest:none/0,total:1565,max:238,error:11/recv,hb:26958,overflow:0,underflow:0 iptv-background=fd:0,active:0,oldest:none/0,total:0,max:0,error:0/none,hb:0,overflow:0,underflow:0
[INFO] [runtime-heartbeat] t_ms=92006865 frame=10756 view=video player_state=playing media=1 return_home_pending=0 protocol_state=media-active owner=iptv generation=5 resource_desired=iptv-exclusive resource_applied=iptv-exclusive resource_transition=0 resource_failed=0 resource_age_ms=0 iptv_background=1,0 discovery_suspended=0 service_workers=0,0,0 service_age_ms=198066,28956,28960 media_queue=0 media_high=1 media_command=0 media_kind=0 media_producer=0 media_token=0 media_generation=0 media_command_age_ms=0 media_heartbeat_age_ms=5 media_full=0 media_stale=0 media_timeout=0 media_coalesced=0 media_accepting=1 media_lifecycle=0,1,0,1 log_queue=0 enqueued=1386 processed=1386 log_high=51 log_heartbeat_age_ms=2001 log_waiting=1 queue_dropped=0 mirror_dropped=0 mirror_failures=0 mirror=1 worker=1 mdns_phase=stopped mdns_mode=0 mdns_running=0 mdns_suspended=0 ssdp_suspended=0 mdns_socket=0 mdns_heartbeat_age_ms=28961 mdns_select=359 mdns_recv=45 mdns_sent=18
[INFO] [network-heartbeat] threshold_ms=1500 mdns=fd:0,active:0,oldest:none/0,total:862,max:201,error:0/none,hb:28960,overflow:0,underflow:0 ssdp=fd:0,active:0,oldest:none/0,total:2305,max:104,error:0/none,hb:28957,overflow:0,underflow:0 dlna-http=fd:0,active:0,oldest:none/0,total:2044,max:256,error:0/none,hb:28957,overflow:0,underflow:0 airplay-control=fd:0,active:0,oldest:none/0,total:1565,max:238,error:11/recv,hb:28960,overflow:0,underflow:0 iptv-background=fd:0,active:0,oldest:none/0,total:0,max:0,error:0/none,hb:0,overflow:0,underflow:0
[INFO] [runtime-heartbeat] t_ms=92008909 frame=10814 view=video player_state=playing media=1 return_home_pending=0 protocol_state=media-active owner=iptv generation=5 resource_desired=iptv-exclusive resource_applied=iptv-exclusive resource_transition=0 resource_failed=0 resource_age_ms=0 iptv_background=1,0 discovery_suspended=0 service_workers=0,0,0 service_age_ms=200110,31000,31004 media_queue=0 media_high=1 media_command=0 media_kind=0 media_producer=0 media_token=0 media_generation=0 media_command_age_ms=0 media_heartbeat_age_ms=5 media_full=0 media_stale=0 media_timeout=0 media_coalesced=0 media_accepting=1 media_lifecycle=0,1,0,1 log_queue=0 enqueued=1388 processed=1388 log_high=51 log_heartbeat_age_ms=2043 log_waiting=1 queue_dropped=0 mirror_dropped=0 mirror_failures=0 mirror=1 worker=1 mdns_phase=stopped mdns_mode=0 mdns_running=0 mdns_suspended=0 ssdp_suspended=0 mdns_socket=0 mdns_heartbeat_age_ms=31005 mdns_select=359 mdns_recv=45 mdns_sent=18
[INFO] [network-heartbeat] threshold_ms=1500 mdns=fd:0,active:0,oldest:none/0,total:862,max:201,error:0/none,hb:31004,overflow:0,underflow:0 ssdp=fd:0,active:0,oldest:none/0,total:2305,max:104,error:0/none,hb:31001,overflow:0,underflow:0 dlna-http=fd:0,active:0,oldest:none/0,total:2044,max:256,error:0/none,hb:31001,overflow:0,underflow:0 airplay-control=fd:0,active:0,oldest:none/0,total:1565,max:238,error:11/recv,hb:31004,overflow:0,underflow:0 iptv-background=fd:0,active:0,oldest:none/0,total:0,max:0,error:0/none,hb:0,overflow:0,underflow:0
[INFO] [runtime-heartbeat] t_ms=92010943 frame=10871 view=video player_state=playing media=1 return_home_pending=0 protocol_state=media-active owner=iptv generation=5 resource_desired=iptv-exclusive resource_applied=iptv-exclusive resource_transition=0 resource_failed=0 resource_age_ms=0 iptv_background=1,0 discovery_suspended=0 service_workers=0,0,0 service_age_ms=202144,33034,33038 media_queue=0 media_high=1 media_command=0 media_kind=0 media_producer=0 media_token=0 media_generation=0 media_command_age_ms=0 media_heartbeat_age_ms=6 media_full=0 media_stale=0 media_timeout=0 media_coalesced=0 media_accepting=1 media_lifecycle=0,1,0,1 log_queue=0 enqueued=1390 processed=1390 log_high=51 log_heartbeat_age_ms=2034 log_waiting=1 queue_dropped=0 mirror_dropped=0 mirror_failures=0 mirror=1 worker=1 mdns_phase=stopped mdns_mode=0 mdns_running=0 mdns_suspended=0 ssdp_suspended=0 mdns_socket=0 mdns_heartbeat_age_ms=33040 mdns_select=359 mdns_recv=45 mdns_sent=18
[INFO] [network-heartbeat] threshold_ms=1500 mdns=fd:0,active:0,oldest:none/0,total:862,max:201,error:0/none,hb:33039,overflow:0,underflow:0 ssdp=fd:0,active:0,oldest:none/0,total:2305,max:104,error:0/none,hb:33036,overflow:0,underflow:0 dlna-http=fd:0,active:0,oldest:none/0,total:2044,max:256,error:0/none,hb:33036,overflow:0,underflow:0 airplay-control=fd:0,active:0,oldest:none/0,total:1565,max:238,error:11/recv,hb:33039,overflow:0,underflow:0 iptv-background=fd:0,active:0,oldest:none/0,total:0,max:0,error:0/none,hb:0,overflow:0,underflow:0
[INFO] [runtime-heartbeat] t_ms=92012947 frame=10930 view=video player_state=playing media=1 return_home_pending=0 protocol_state=media-active owner=iptv generation=5 resource_desired=iptv-exclusive resource_applied=iptv-exclusive resource_transition=0 resource_failed=0 resource_age_ms=0 iptv_background=1,0 discovery_suspended=0 service_workers=0,0,0 service_age_ms=204148,35038,35042 media_queue=0 media_high=1 media_command=0 media_kind=0 media_producer=0 media_token=0 media_generation=0 media_command_age_ms=0 media_heartbeat_age_ms=10 media_full=0 media_stale=0 media_timeout=0 media_coalesced=0 media_accepting=1 media_lifecycle=0,1,0,1 log_queue=0 enqueued=1392 processed=1392 log_high=51 log_heartbeat_age_ms=2002 log_waiting=1 queue_dropped=0 mirror_dropped=0 mirror_failures=0 mirror=1 worker=1 mdns_phase=stopped mdns_mode=0 mdns_running=0 mdns_suspended=0 ssdp_suspended=0 mdns_socket=0 mdns_heartbeat_age_ms=35043 mdns_select=359 mdns_recv=45 mdns_sent=18
[INFO] [network-heartbeat] threshold_ms=1500 mdns=fd:0,active:0,oldest:none/0,total:862,max:201,error:0/none,hb:35042,overflow:0,underflow:0 ssdp=fd:0,active:0,oldest:none/0,total:2305,max:104,error:0/none,hb:35039,overflow:0,underflow:0 dlna-http=fd:0,active:0,oldest:none/0,total:2044,max:256,error:0/none,hb:35039,overflow:0,underflow:0 airplay-control=fd:0,active:0,oldest:none/0,total:1565,max:238,error:11/recv,hb:35042,overflow:0,underflow:0 iptv-background=fd:0,active:0,oldest:none/0,total:0,max:0,error:0/none,hb:0,overflow:0,underflow:0
[INFO] [runtime-heartbeat] t_ms=92014985 frame=10984 view=video player_state=playing media=1 return_home_pending=0 protocol_state=media-active owner=iptv generation=5 resource_desired=iptv-exclusive resource_applied=iptv-exclusive resource_transition=0 resource_failed=0 resource_age_ms=0 iptv_background=1,0 discovery_suspended=0 service_workers=0,0,0 service_age_ms=206186,37076,37080 media_queue=0 media_high=1 media_command=0 media_kind=0 media_producer=0 media_token=0 media_generation=0 media_command_age_ms=0 media_heartbeat_age_ms=1 media_full=0 media_stale=0 media_timeout=0 media_coalesced=0 media_accepting=1 media_lifecycle=0,1,0,1 log_queue=0 enqueued=1394 processed=1394 log_high=51 log_heartbeat_age_ms=2037 log_waiting=1 queue_dropped=0 mirror_dropped=0 mirror_failures=0 mirror=1 worker=1 mdns_phase=stopped mdns_mode=0 mdns_running=0 mdns_suspended=0 ssdp_suspended=0 mdns_socket=0 mdns_heartbeat_age_ms=37081 mdns_select=359 mdns_recv=45 mdns_sent=18
[INFO] [network-heartbeat] threshold_ms=1500 mdns=fd:0,active:0,oldest:none/0,total:862,max:201,error:0/none,hb:37080,overflow:0,underflow:0 ssdp=fd:0,active:0,oldest:none/0,total:2305,max:104,error:0/none,hb:37077,overflow:0,underflow:0 dlna-http=fd:0,active:0,oldest:none/0,total:2044,max:256,error:0/none,hb:37077,overflow:0,underflow:0 airplay-control=fd:0,active:0,oldest:none/0,total:1565,max:238,error:11/recv,hb:37080,overflow:0,underflow:0 iptv-background=fd:0,active:0,oldest:none/0,total:0,max:0,error:0/none,hb:0,overflow:0,underflow:0
[INFO] [runtime-heartbeat] t_ms=92016988 frame=11038 view=video player_state=playing media=1 return_home_pending=0 protocol_state=media-active owner=iptv generation=5 resource_desired=iptv-exclusive resource_applied=iptv-exclusive resource_transition=0 resource_failed=0 resource_age_ms=0 iptv_background=1,0 discovery_suspended=0 service_workers=0,0,0 service_age_ms=208189,39079,39083 media_queue=0 media_high=1 media_command=0 media_kind=0 media_producer=0 media_token=0 media_generation=0 media_command_age_ms=0 media_heartbeat_age_ms=5 media_full=0 media_stale=0 media_timeout=0 media_coalesced=0 media_accepting=1 media_lifecycle=0,1,0,1 log_queue=0 enqueued=1396 processed=1396 log_high=51 log_heartbeat_age_ms=2002 log_waiting=1 queue_dropped=0 mirror_dropped=0 mirror_failures=0 mirror=1 worker=1 mdns_phase=stopped mdns_mode=0 mdns_running=0 mdns_suspended=0 ssdp_suspended=0 mdns_socket=0 mdns_heartbeat_age_ms=39084 mdns_select=359 mdns_recv=45 mdns_sent=18
[INFO] [network-heartbeat] threshold_ms=1500 mdns=fd:0,active:0,oldest:none/0,total:862,max:201,error:0/none,hb:39083,overflow:0,underflow:0 ssdp=fd:0,active:0,oldest:none/0,total:2305,max:104,error:0/none,hb:39080,overflow:0,underflow:0 dlna-http=fd:0,active:0,oldest:none/0,total:2044,max:256,error:0/none,hb:39080,overflow:0,underflow:0 airplay-control=fd:0,active:0,oldest:none/0,total:1565,max:238,error:11/recv,hb:39083,overflow:0,underflow:0 iptv-background=fd:0,active:0,oldest:none/0,total:0,max:0,error:0/none,hb:0,overflow:0,underflow:0
[INFO] [runtime-heartbeat] t_ms=92019025 frame=11097 view=video player_state=playing media=1 return_home_pending=0 protocol_state=media-active owner=iptv generation=5 resource_desired=iptv-exclusive resource_applied=iptv-exclusive resource_transition=0 resource_failed=0 resource_age_ms=0 iptv_background=1,0 discovery_suspended=0 service_workers=0,0,0 service_age_ms=210226,41116,41120 media_queue=0 media_high=1 media_command=0 media_kind=0 media_producer=0 media_token=0 media_generation=0 media_command_age_ms=0 media_heartbeat_age_ms=1 media_full=0 media_stale=0 media_timeout=0 media_coalesced=0 media_accepting=1 media_lifecycle=0,1,0,1 log_queue=0 enqueued=1398 processed=1398 log_high=51 log_heartbeat_age_ms=2037 log_waiting=1 queue_dropped=0 mirror_dropped=0 mirror_failures=0 mirror=1 worker=1 mdns_phase=stopped mdns_mode=0 mdns_running=0 mdns_suspended=0 ssdp_suspended=0 mdns_socket=0 mdns_heartbeat_age_ms=41122 mdns_select=359 mdns_recv=45 mdns_sent=18
[INFO] [network-heartbeat] threshold_ms=1500 mdns=fd:0,active:0,oldest:none/0,total:862,max:201,error:0/none,hb:41121,overflow:0,underflow:0 ssdp=fd:0,active:0,oldest:none/0,total:2305,max:104,error:0/none,hb:41118,overflow:0,underflow:0 dlna-http=fd:0,active:0,oldest:none/0,total:2044,max:256,error:0/none,hb:41118,overflow:0,underflow:0 airplay-control=fd:0,active:0,oldest:none/0,total:1565,max:238,error:11/recv,hb:41121,overflow:0,underflow:0 iptv-background=fd:0,active:0,oldest:none/0,total:0,max:0,error:0/none,hb:0,overflow:0,underflow:0
[INFO] [runtime-heartbeat] t_ms=92021027 frame=11151 view=video player_state=playing media=1 return_home_pending=0 protocol_state=media-active owner=iptv generation=5 resource_desired=iptv-exclusive resource_applied=iptv-exclusive resource_transition=0 resource_failed=0 resource_age_ms=0 iptv_background=1,0 discovery_suspended=0 service_workers=0,0,0 service_age_ms=212228,43118,43122 media_queue=0 media_high=1 media_command=0 media_kind=0 media_producer=0 media_token=0 media_generation=0 media_command_age_ms=0 media_heartbeat_age_ms=10 media_full=0 media_stale=0 media_timeout=0 media_coalesced=0 media_accepting=1 media_lifecycle=0,1,0,1 log_queue=0 enqueued=1400 processed=1400 log_high=51 log_heartbeat_age_ms=2000 log_waiting=1 queue_dropped=0 mirror_dropped=0 mirror_failures=0 mirror=1 worker=1 mdns_phase=stopped mdns_mode=0 mdns_running=0 mdns_suspended=0 ssdp_suspended=0 mdns_socket=0 mdns_heartbeat_age_ms=43123 mdns_select=359 mdns_recv=45 mdns_sent=18
[INFO] [network-heartbeat] threshold_ms=1500 mdns=fd:0,active:0,oldest:none/0,total:862,max:201,error:0/none,hb:43122,overflow:0,underflow:0 ssdp=fd:0,active:0,oldest:none/0,total:2305,max:104,error:0/none,hb:43119,overflow:0,underflow:0 dlna-http=fd:0,active:0,oldest:none/0,total:2044,max:256,error:0/none,hb:43119,overflow:0,underflow:0 airplay-control=fd:0,active:0,oldest:none/0,total:1565,max:238,error:11/recv,hb:43122,overflow:0,underflow:0 iptv-background=fd:0,active:0,oldest:none/0,total:0,max:0,error:0/none,hb:0,overflow:0,underflow:0
[INFO] [runtime-heartbeat] t_ms=92023065 frame=11206 view=video player_state=playing media=1 return_home_pending=0 protocol_state=media-active owner=iptv generation=5 resource_desired=iptv-exclusive resource_applied=iptv-exclusive resource_transition=0 resource_failed=0 resource_age_ms=0 iptv_background=1,0 discovery_suspended=0 service_workers=0,0,0 service_age_ms=214266,45156,45160 media_queue=0 media_high=1 media_command=0 media_kind=0 media_producer=0 media_token=0 media_generation=0 media_command_age_ms=0 media_heartbeat_age_ms=0 media_full=0 media_stale=0 media_timeout=0 media_coalesced=0 media_accepting=1 media_lifecycle=0,1,0,1 log_queue=0 enqueued=1402 processed=1402 log_high=51 log_heartbeat_age_ms=2037 log_waiting=1 queue_dropped=0 mirror_dropped=0 mirror_failures=0 mirror=1 worker=1 mdns_phase=stopped mdns_mode=0 mdns_running=0 mdns_suspended=0 ssdp_suspended=0 mdns_socket=0 mdns_heartbeat_age_ms=45161 mdns_select=359 mdns_recv=45 mdns_sent=18
[INFO] [network-heartbeat] threshold_ms=1500 mdns=fd:0,active:0,oldest:none/0,total:862,max:201,error:0/none,hb:45160,overflow:0,underflow:0 ssdp=fd:0,active:0,oldest:none/0,total:2305,max:104,error:0/none,hb:45157,overflow:0,underflow:0 dlna-http=fd:0,active:0,oldest:none/0,total:2044,max:256,error:0/none,hb:45157,overflow:0,underflow:0 airplay-control=fd:0,active:0,oldest:none/0,total:1565,max:238,error:11/recv,hb:45160,overflow:0,underflow:0 iptv-background=fd:0,active:0,oldest:none/0,total:0,max:0,error:0/none,hb:0,overflow:0,underflow:0
[INFO] [runtime-heartbeat] t_ms=92025068 frame=11258 view=video player_state=playing media=1 return_home_pending=0 protocol_state=media-active owner=iptv generation=5 resource_desired=iptv-exclusive resource_applied=iptv-exclusive resource_transition=0 resource_failed=0 resource_age_ms=0 iptv_background=1,0 discovery_suspended=0 service_workers=0,0,0 service_age_ms=216269,47159,47163 media_queue=0 media_high=1 media_command=0 media_kind=0 media_producer=0 media_token=0 media_generation=0 media_command_age_ms=0 media_heartbeat_age_ms=5 media_full=0 media_stale=0 media_timeout=0 media_coalesced=0 media_accepting=1 media_lifecycle=0,1,0,1 log_queue=0 enqueued=1404 processed=1404 log_high=51 log_heartbeat_age_ms=2001 log_waiting=1 queue_dropped=0 mirror_dropped=0 mirror_failures=0 mirror=1 worker=1 mdns_phase=stopped mdns_mode=0 mdns_running=0 mdns_suspended=0 ssdp_suspended=0 mdns_socket=0 mdns_heartbeat_age_ms=47164 mdns_select=359 mdns_recv=45 mdns_sent=18
[INFO] [network-heartbeat] threshold_ms=1500 mdns=fd:0,active:0,oldest:none/0,total:862,max:201,error:0/none,hb:47163,overflow:0,underflow:0 ssdp=fd:0,active:0,oldest:none/0,total:2305,max:104,error:0/none,hb:47160,overflow:0,underflow:0 dlna-http=fd:0,active:0,oldest:none/0,total:2044,max:256,error:0/none,hb:47160,overflow:0,underflow:0 airplay-control=fd:0,active:0,oldest:none/0,total:1565,max:238,error:11/recv,hb:47163,overflow:0,underflow:0 iptv-background=fd:0,active:0,oldest:none/0,total:0,max:0,error:0/none,hb:0,overflow:0,underflow:0
[INFO] [runtime-heartbeat] t_ms=92027105 frame=11314 view=video player_state=playing media=1 return_home_pending=0 protocol_state=media-active owner=iptv generation=5 resource_desired=iptv-exclusive resource_applied=iptv-exclusive resource_transition=0 resource_failed=0 resource_age_ms=0 iptv_background=1,0 discovery_suspended=0 service_workers=0,0,0 service_age_ms=218306,49196,49200 media_queue=0 media_high=1 media_command=0 media_kind=0 media_producer=0 media_token=0 media_generation=0 media_command_age_ms=0 media_heartbeat_age_ms=7 media_full=0 media_stale=0 media_timeout=0 media_coalesced=0 media_accepting=1 media_lifecycle=0,1,0,1 log_queue=0 enqueued=1406 processed=1406 log_high=51 log_heartbeat_age_ms=2035 log_waiting=1 queue_dropped=0 mirror_dropped=0 mirror_failures=0 mirror=1 worker=1 mdns_phase=stopped mdns_mode=0 mdns_running=0 mdns_suspended=0 ssdp_suspended=0 mdns_socket=0 mdns_heartbeat_age_ms=49201 mdns_select=359 mdns_recv=45 mdns_sent=18
[INFO] [network-heartbeat] threshold_ms=1500 mdns=fd:0,active:0,oldest:none/0,total:862,max:201,error:0/none,hb:49201,overflow:0,underflow:0 ssdp=fd:0,active:0,oldest:none/0,total:2305,max:104,error:0/none,hb:49198,overflow:0,underflow:0 dlna-http=fd:0,active:0,oldest:none/0,total:2044,max:256,error:0/none,hb:49198,overflow:0,underflow:0 airplay-control=fd:0,active:0,oldest:none/0,total:1565,max:238,error:11/recv,hb:49201,overflow:0,underflow:0 iptv-background=fd:0,active:0,oldest:none/0,total:0,max:0,error:0/none,hb:0,overflow:0,underflow:0
[INFO] [runtime-heartbeat] t_ms=92029148 frame=11372 view=video player_state=playing media=1 return_home_pending=0 protocol_state=media-active owner=iptv generation=5 resource_desired=iptv-exclusive resource_applied=iptv-exclusive resource_transition=0 resource_failed=0 resource_age_ms=0 iptv_background=1,0 discovery_suspended=0 service_workers=0,0,0 service_age_ms=220349,51239,51243 media_queue=0 media_high=1 media_command=0 media_kind=0 media_producer=0 media_token=0 media_generation=0 media_command_age_ms=0 media_heartbeat_age_ms=5 media_full=0 media_stale=0 media_timeout=0 media_coalesced=0 media_accepting=1 media_lifecycle=0,1,0,1 log_queue=0 enqueued=1408 processed=1408 log_high=51 log_heartbeat_age_ms=2042 log_waiting=1 queue_dropped=0 mirror_dropped=0 mirror_failures=0 mirror=1 worker=1 mdns_phase=stopped mdns_mode=0 mdns_running=0 mdns_suspended=0 ssdp_suspended=0 mdns_socket=0 mdns_heartbeat_age_ms=51244 mdns_select=359 mdns_recv=45 mdns_sent=18
[INFO] [network-heartbeat] threshold_ms=1500 mdns=fd:0,active:0,oldest:none/0,total:862,max:201,error:0/none,hb:51243,overflow:0,underflow:0 ssdp=fd:0,active:0,oldest:none/0,total:2305,max:104,error:0/none,hb:51240,overflow:0,underflow:0 dlna-http=fd:0,active:0,oldest:none/0,total:2044,max:256,error:0/none,hb:51240,overflow:0,underflow:0 airplay-control=fd:0,active:0,oldest:none/0,total:1565,max:238,error:11/recv,hb:51243,overflow:0,underflow:0 iptv-background=fd:0,active:0,oldest:none/0,total:0,max:0,error:0/none,hb:0,overflow:0,underflow:0
[INFO] [runtime-heartbeat] t_ms=92031148 frame=11426 view=video player_state=playing media=1 return_home_pending=0 protocol_state=media-active owner=iptv generation=5 resource_desired=iptv-exclusive resource_applied=iptv-exclusive resource_transition=0 resource_failed=0 resource_age_ms=0 iptv_background=1,0 discovery_suspended=0 service_workers=0,0,0 service_age_ms=222349,53239,53243 media_queue=0 media_high=1 media_command=0 media_kind=0 media_producer=0 media_token=0 media_generation=0 media_command_age_ms=0 media_heartbeat_age_ms=5 media_full=0 media_stale=0 media_timeout=0 media_coalesced=0 media_accepting=1 media_lifecycle=0,1,0,1 log_queue=0 enqueued=1410 processed=1410 log_high=51 log_heartbeat_age_ms=1999 log_waiting=1 queue_dropped=0 mirror_dropped=0 mirror_failures=0 mirror=1 worker=1 mdns_phase=stopped mdns_mode=0 mdns_running=0 mdns_suspended=0 ssdp_suspended=0 mdns_socket=0 mdns_heartbeat_age_ms=53244 mdns_select=359 mdns_recv=45 mdns_sent=18
[INFO] [network-heartbeat] threshold_ms=1500 mdns=fd:0,active:0,oldest:none/0,total:862,max:201,error:0/none,hb:53243,overflow:0,underflow:0 ssdp=fd:0,active:0,oldest:none/0,total:2305,max:104,error:0/none,hb:53240,overflow:0,underflow:0 dlna-http=fd:0,active:0,oldest:none/0,total:2044,max:256,error:0/none,hb:53240,overflow:0,underflow:0 airplay-control=fd:0,active:0,oldest:none/0,total:1565,max:238,error:11/recv,hb:53243,overflow:0,underflow:0 iptv-background=fd:0,active:0,oldest:none/0,total:0,max:0,error:0/none,hb:0,overflow:0,underflow:0
[INFO] [runtime-heartbeat] t_ms=92033153 frame=11481 view=video player_state=playing media=1 return_home_pending=0 protocol_state=media-active owner=iptv generation=5 resource_desired=iptv-exclusive resource_applied=iptv-exclusive resource_transition=0 resource_failed=0 resource_age_ms=0 iptv_background=1,0 discovery_suspended=0 service_workers=0,0,0 service_age_ms=224354,55244,55248 media_queue=0 media_high=1 media_command=0 media_kind=0 media_producer=0 media_token=0 media_generation=0 media_command_age_ms=0 media_heartbeat_age_ms=9 media_full=0 media_stale=0 media_timeout=0 media_coalesced=0 media_accepting=1 media_lifecycle=0,1,0,1 log_queue=0 enqueued=1412 processed=1412 log_high=51 log_heartbeat_age_ms=2005 log_waiting=1 queue_dropped=0 mirror_dropped=0 mirror_failures=0 mirror=1 worker=1 mdns_phase=stopped mdns_mode=0 mdns_running=0 mdns_suspended=0 ssdp_suspended=0 mdns_socket=0 mdns_heartbeat_age_ms=55250 mdns_select=359 mdns_recv=45 mdns_sent=18
[INFO] [network-heartbeat] threshold_ms=1500 mdns=fd:0,active:0,oldest:none/0,total:862,max:201,error:0/none,hb:55249,overflow:0,underflow:0 ssdp=fd:0,active:0,oldest:none/0,total:2305,max:104,error:0/none,hb:55246,overflow:0,underflow:0 dlna-http=fd:0,active:0,oldest:none/0,total:2044,max:256,error:0/none,hb:55246,overflow:0,underflow:0 airplay-control=fd:0,active:0,oldest:none/0,total:1565,max:238,error:11/recv,hb:55249,overflow:0,underflow:0 iptv-background=fd:0,active:0,oldest:none/0,total:0,max:0,error:0/none,hb:0,overflow:0,underflow:0
[INFO] [runtime-heartbeat] t_ms=92035184 frame=11536 view=video player_state=playing media=1 return_home_pending=0 protocol_state=media-active owner=iptv generation=5 resource_desired=iptv-exclusive resource_applied=iptv-exclusive resource_transition=0 resource_failed=0 resource_age_ms=0 iptv_background=1,0 discovery_suspended=0 service_workers=0,0,0 service_age_ms=226385,57275,57279 media_queue=0 media_high=1 media_command=0 media_kind=0 media_producer=0 media_token=0 media_generation=0 media_command_age_ms=0 media_heartbeat_age_ms=4 media_full=0 media_stale=0 media_timeout=0 media_coalesced=0 media_accepting=1 media_lifecycle=0,1,0,1 log_queue=0 enqueued=1414 processed=1414 log_high=51 log_heartbeat_age_ms=2029 log_waiting=1 queue_dropped=0 mirror_dropped=0 mirror_failures=0 mirror=1 worker=1 mdns_phase=stopped mdns_mode=0 mdns_running=0 mdns_suspended=0 ssdp_suspended=0 mdns_socket=0 mdns_heartbeat_age_ms=57280 mdns_select=359 mdns_recv=45 mdns_sent=18
[INFO] [network-heartbeat] threshold_ms=1500 mdns=fd:0,active:0,oldest:none/0,total:862,max:201,error:0/none,hb:57279,overflow:0,underflow:0 ssdp=fd:0,active:0,oldest:none/0,total:2305,max:104,error:0/none,hb:57276,overflow:0,underflow:0 dlna-http=fd:0,active:0,oldest:none/0,total:2044,max:256,error:0/none,hb:57276,overflow:0,underflow:0 airplay-control=fd:0,active:0,oldest:none/0,total:1565,max:238,error:11/recv,hb:57279,overflow:0,underflow:0 iptv-background=fd:0,active:0,oldest:none/0,total:0,max:0,error:0/none,hb:0,overflow:0,underflow:0
[INFO] [runtime-heartbeat] t_ms=92037185 frame=11588 view=video player_state=playing media=1 return_home_pending=0 protocol_state=media-active owner=iptv generation=5 resource_desired=iptv-exclusive resource_applied=iptv-exclusive resource_transition=0 resource_failed=0 resource_age_ms=0 iptv_background=1,0 discovery_suspended=0 service_workers=0,0,0 service_age_ms=228386,59276,59280 media_queue=0 media_high=1 media_command=0 media_kind=0 media_producer=0 media_token=0 media_generation=0 media_command_age_ms=0 media_heartbeat_age_ms=5 media_full=0 media_stale=0 media_timeout=0 media_coalesced=0 media_accepting=1 media_lifecycle=0,1,0,1 log_queue=0 enqueued=1416 processed=1416 log_high=51 log_heartbeat_age_ms=2000 log_waiting=1 queue_dropped=0 mirror_dropped=0 mirror_failures=0 mirror=1 worker=1 mdns_phase=stopped mdns_mode=0 mdns_running=0 mdns_suspended=0 ssdp_suspended=0 mdns_socket=0 mdns_heartbeat_age_ms=59281 mdns_select=359 mdns_recv=45 mdns_sent=18
[INFO] [network-heartbeat] threshold_ms=1500 mdns=fd:0,active:0,oldest:none/0,total:862,max:201,error:0/none,hb:59280,overflow:0,underflow:0 ssdp=fd:0,active:0,oldest:none/0,total:2305,max:104,error:0/none,hb:59277,overflow:0,underflow:0 dlna-http=fd:0,active:0,oldest:none/0,total:2044,max:256,error:0/none,hb:59277,overflow:0,underflow:0 airplay-control=fd:0,active:0,oldest:none/0,total:1565,max:238,error:11/recv,hb:59280,overflow:0,underflow:0 iptv-background=fd:0,active:0,oldest:none/0,total:0,max:0,error:0/none,hb:0,overflow:0,underflow:0
[INFO] [runtime-heartbeat] t_ms=92039185 frame=11642 view=video player_state=playing media=1 return_home_pending=0 protocol_state=media-active owner=iptv generation=5 resource_desired=iptv-exclusive resource_applied=iptv-exclusive resource_transition=0 resource_failed=0 resource_age_ms=0 iptv_background=1,0 discovery_suspended=0 service_workers=0,0,0 service_age_ms=230386,61276,61280 media_queue=0 media_high=1 media_command=0 media_kind=0 media_producer=0 media_token=0 media_generation=0 media_command_age_ms=0 media_heartbeat_age_ms=5 media_full=0 media_stale=0 media_timeout=0 media_coalesced=0 media_accepting=1 media_lifecycle=0,1,0,1 log_queue=0 enqueued=1418 processed=1418 log_high=51 log_heartbeat_age_ms=1999 log_waiting=1 queue_dropped=0 mirror_dropped=0 mirror_failures=0 mirror=1 worker=1 mdns_phase=stopped mdns_mode=0 mdns_running=0 mdns_suspended=0 ssdp_suspended=0 mdns_socket=0 mdns_heartbeat_age_ms=61281 mdns_select=359 mdns_recv=45 mdns_sent=18
[INFO] [network-heartbeat] threshold_ms=1500 mdns=fd:0,active:0,oldest:none/0,total:862,max:201,error:0/none,hb:61280,overflow:0,underflow:0 ssdp=fd:0,active:0,oldest:none/0,total:2305,max:104,error:0/none,hb:61277,overflow:0,underflow:0 dlna-http=fd:0,active:0,oldest:none/0,total:2044,max:256,error:0/none,hb:61277,overflow:0,underflow:0 airplay-control=fd:0,active:0,oldest:none/0,total:1565,max:238,error:11/recv,hb:61280,overflow:0,underflow:0 iptv-background=fd:0,active:0,oldest:none/0,total:0,max:0,error:0/none,hb:0,overflow:0,underflow:0
[INFO] [runtime-heartbeat] t_ms=92041186 frame=11694 view=video player_state=playing media=1 return_home_pending=0 protocol_state=media-active owner=iptv generation=5 resource_desired=iptv-exclusive resource_applied=iptv-exclusive resource_transition=0 resource_failed=0 resource_age_ms=0 iptv_background=1,0 discovery_suspended=0 service_workers=0,0,0 service_age_ms=232387,63277,63281 media_queue=0 media_high=1 media_command=0 media_kind=0 media_producer=0 media_token=0 media_generation=0 media_command_age_ms=0 media_heartbeat_age_ms=9 media_full=0 media_stale=0 media_timeout=0 media_coalesced=0 media_accepting=1 media_lifecycle=0,1,0,1 log_queue=0 enqueued=1420 processed=1420 log_high=51 log_heartbeat_age_ms=2000 log_waiting=1 queue_dropped=0 mirror_dropped=0 mirror_failures=0 mirror=1 worker=1 mdns_phase=stopped mdns_mode=0 mdns_running=0 mdns_suspended=0 ssdp_suspended=0 mdns_socket=0 mdns_heartbeat_age_ms=63282 mdns_select=359 mdns_recv=45 mdns_sent=18
[INFO] [network-heartbeat] threshold_ms=1500 mdns=fd:0,active:0,oldest:none/0,total:862,max:201,error:0/none,hb:63281,overflow:0,underflow:0 ssdp=fd:0,active:0,oldest:none/0,total:2305,max:104,error:0/none,hb:63278,overflow:0,underflow:0 dlna-http=fd:0,active:0,oldest:none/0,total:2044,max:256,error:0/none,hb:63278,overflow:0,underflow:0 airplay-control=fd:0,active:0,oldest:none/0,total:1565,max:238,error:11/recv,hb:63281,overflow:0,underflow:0 iptv-background=fd:0,active:0,oldest:none/0,total:0,max:0,error:0/none,hb:0,overflow:0,underflow:0
[INFO] [runtime-heartbeat] t_ms=92043226 frame=11747 view=video player_state=playing media=1 return_home_pending=0 protocol_state=media-active owner=iptv generation=5 resource_desired=iptv-exclusive resource_applied=iptv-exclusive resource_transition=0 resource_failed=0 resource_age_ms=0 iptv_background=1,0 discovery_suspended=0 service_workers=0,0,0 service_age_ms=234427,65317,65321 media_queue=0 media_high=1 media_command=0 media_kind=0 media_producer=0 media_token=0 media_generation=0 media_command_age_ms=0 media_heartbeat_age_ms=3 media_full=0 media_stale=0 media_timeout=0 media_coalesced=0 media_accepting=1 media_lifecycle=0,1,0,1 log_queue=0 enqueued=1422 processed=1422 log_high=51 log_heartbeat_age_ms=2039 log_waiting=1 queue_dropped=0 mirror_dropped=0 mirror_failures=0 mirror=1 worker=1 mdns_phase=stopped mdns_mode=0 mdns_running=0 mdns_suspended=0 ssdp_suspended=0 mdns_socket=0 mdns_heartbeat_age_ms=65322 mdns_select=359 mdns_recv=45 mdns_sent=18
[INFO] [network-heartbeat] threshold_ms=1500 mdns=fd:0,active:0,oldest:none/0,total:862,max:201,error:0/none,hb:65321,overflow:0,underflow:0 ssdp=fd:0,active:0,oldest:none/0,total:2305,max:104,error:0/none,hb:65318,overflow:0,underflow:0 dlna-http=fd:0,active:0,oldest:none/0,total:2044,max:256,error:0/none,hb:65318,overflow:0,underflow:0 airplay-control=fd:0,active:0,oldest:none/0,total:1565,max:238,error:11/recv,hb:65321,overflow:0,underflow:0 iptv-background=fd:0,active:0,oldest:none/0,total:0,max:0,error:0/none,hb:0,overflow:0,underflow:0
[INFO] [runtime-heartbeat] t_ms=92045228 frame=11799 view=video player_state=playing media=1 return_home_pending=0 protocol_state=media-active owner=iptv generation=5 resource_desired=iptv-exclusive resource_applied=iptv-exclusive resource_transition=0 resource_failed=0 resource_age_ms=0 iptv_background=1,0 discovery_suspended=0 service_workers=0,0,0 service_age_ms=236429,67319,67323 media_queue=0 media_high=1 media_command=0 media_kind=0 media_producer=0 media_token=0 media_generation=0 media_command_age_ms=0 media_heartbeat_age_ms=6 media_full=0 media_stale=0 media_timeout=0 media_coalesced=0 media_accepting=1 media_lifecycle=0,1,0,1 log_queue=0 enqueued=1424 processed=1424 log_high=51 log_heartbeat_age_ms=2001 log_waiting=1 queue_dropped=0 mirror_dropped=0 mirror_failures=0 mirror=1 worker=1 mdns_phase=stopped mdns_mode=0 mdns_running=0 mdns_suspended=0 ssdp_suspended=0 mdns_socket=0 mdns_heartbeat_age_ms=67325 mdns_select=359 mdns_recv=45 mdns_sent=18
[INFO] [network-heartbeat] threshold_ms=1500 mdns=fd:0,active:0,oldest:none/0,total:862,max:201,error:0/none,hb:67324,overflow:0,underflow:0 ssdp=fd:0,active:0,oldest:none/0,total:2305,max:104,error:0/none,hb:67321,overflow:0,underflow:0 dlna-http=fd:0,active:0,oldest:none/0,total:2044,max:256,error:0/none,hb:67321,overflow:0,underflow:0 airplay-control=fd:0,active:0,oldest:none/0,total:1565,max:238,error:11/recv,hb:67324,overflow:0,underflow:0 iptv-background=fd:0,active:0,oldest:none/0,total:0,max:0,error:0/none,hb:0,overflow:0,underflow:0
[INFO] [input] buttons_down=0x2 view=video state=playing media=1
[INFO] [return-home] phase=request t_ms=92045786 playback_active=1 state=playing media=1
[INFO] [return-home] phase=player-stop begin state=playing
[INFO] [media-trace] seq=4 t_ms=67882 layer=player action=Stop phase=backend-call-begin url_hash=9cc30efa detail=-
[INFO] [media-trace] seq=4 t_ms=67882 layer=libmpv action=Stop phase=mutex-wait url_hash=9cc30efa detail=- url=<URL_REDACTED>
[INFO] [media-trace] seq=4 t_ms=67882 layer=libmpv action=Stop phase=mutex-acquired url_hash=9cc30efa detail=- url=<URL_REDACTED>
[INFO] [media-trace] seq=4 t_ms=67882 layer=libmpv action=Stop phase=dispatch url_hash=9cc30efa detail=- url=<URL_REDACTED>
[INFO] [media-trace] seq=4 t_ms=67882 layer=player action=Stop phase=backend-call-done url_hash=9cc30efa detail=ok
[INFO] [media-trace] seq=4 t_ms=67882 layer=player action=Stop phase=snapshot-refresh-begin url_hash=9cc30efa detail=-
[INFO] [media-trace] seq=4 t_ms=67882 layer=player action=Stop phase=snapshot-refresh-done url_hash=9cc30efa detail=-
[INFO] [media-trace] seq=4 t_ms=67882 layer=player action=Stop phase=backend-wakeup-begin url_hash=9cc30efa detail=-
[INFO] [media-trace] seq=4 t_ms=67882 layer=player action=Stop phase=backend-wakeup-done url_hash=9cc30efa detail=-
[INFO] [return-home] phase=player-stop done state=playing
[INFO] [return-home] phase=wait-player-stopped ready_ms=92046036
[INFO] [input] action=return-home ok=1 stop=1 state=playing
[INFO] [render] frame begin reason=input view=video state=playing media=1
[INFO] [render] frame done rendered=1 view=video state=playing media=1
[INFO] [protocol-coordinator] event=terminal-release owner=iptv token=1 generation=5 seen_active=1
[INFO] [protocol-coordinator] event=release action=release owner=iptv token=1 generation=5 reason=completed
[INFO] [protocol-coordinator] revision=52->55 state=media-active->ready iptv=running->running dlna=stopped->stopped airplay=stopped->stopped owner=iptv->none token=0 generation=0 pin_visible=0 resource=iptv-exclusive->iptv-exclusive desired=home transition=1 failed=0 discovery_suspended=0->0 airplay_running=0 airplay_starting=0 status=none
[INFO] [scpd] description templates ready.
[INFO] [soap] SOAP control module started.
[INFO] [event] DLNA event server started.
[INFO] [http-server] listening on :49152
[INFO] [protocol-coordinator] revision=55->56 state=ready->ready iptv=running->running dlna=stopped->starting airplay=stopped->stopped owner=none->none token=0 generation=0 pin_visible=0 resource=iptv-exclusive->iptv-exclusive desired=home transition=1 failed=0 discovery_suspended=0->0 airplay_running=0 airplay_starting=0 status=none
[INFO] [ssdp] Responder ready on <URL_REDACTED>
[INFO] [dlna] Control layer initialized (HTTP/SCPD on :49152).
[INFO] [airplay] t_ms=92045839 integration stage=ed25519 begin
[INFO] [airplay] t_ms=92045839 integration stage=ed25519 done
[INFO] [airplay] t_ms=92045839 integration stage=mirror-runtime begin
[INFO] [airplay] t_ms=92045839 integration stage=mirror-runtime done
[INFO] [airplay] t_ms=92045839 integration stage=remote-video begin
[INFO] [airplay] t_ms=92045839 integration stage=remote-video done
[INFO] [airplay] t_ms=92045839 integration stage=receiver begin
[INFO] [airplay] t_ms=92045839 receiver stage=pairing-identity begin
[INFO] [airplay] t_ms=92045846 receiver stage=pairing-identity done
[INFO] [airplay] t_ms=92045846 receiver stage=dns-sd-txt begin
[INFO] [airplay] t_ms=92045846 receiver stage=dns-sd-txt done
[INFO] [airplay] t_ms=92045846 receiver stage=handlers begin
[INFO] [airplay] t_ms=92045846 handlers stage=validate begin
[INFO] [airplay] t_ms=92045846 handlers stage=validate done
[INFO] [airplay] t_ms=92045846 handlers stage=allocate begin bytes=792
[INFO] [airplay] t_ms=92045846 handlers stage=allocate done
[INFO] [airplay] t_ms=92045846 handlers stage=copy begin txt_bytes=214
[INFO] [airplay] t_ms=92045846 handlers stage=copy done
[INFO] [airplay] t_ms=92045846 receiver stage=handlers done
[INFO] [airplay] t_ms=92045846 receiver stage=control-server begin
[INFO] [airplay-server] listening on :7000
[INFO] [airplay] t_ms=92045847 receiver stage=control-server done port=7000
[INFO] [airplay] t_ms=92045847 receiver stage=lifecycle begin
[INFO] [airplay] t_ms=92045847 receiver stage=lifecycle done
[INFO] [airplay] t_ms=92045847 receiver stage=mdns begin
[INFO] [airplay] t_ms=92045847 mdns stage=local-address begin
[INFO] [airplay] t_ms=92045847 mdns stage=local-address done
[INFO] [airplay-mdns] local-address=<IP_REDACTED>
[INFO] [airplay] t_ms=92045847 mdns stage=service-record begin
[INFO] [airplay] t_ms=92045847 mdns stage=service-record done
[INFO] [airplay] t_ms=92045847 mdns stage=socket begin
[INFO] [airplay] t_ms=92045847 mdns socket stage=create begin
[INFO] [airplay] t_ms=92045848 mdns socket stage=create done fd=12
[INFO] [airplay] t_ms=92045848 mdns socket stage=bind begin port=5353
[INFO] [airplay] t_ms=92045848 mdns socket stage=bind done
[INFO] [airplay] t_ms=92045848 mdns socket stage=multicast-join begin
[INFO] [airplay] t_ms=92045848 mdns socket stage=multicast-join done
[INFO] [airplay] t_ms=92045848 mdns stage=socket done
[INFO] [airplay] t_ms=92045848 mdns stage=thread begin
[INFO] [airplay] t_ms=92045848 mdns thread-create begin stack=65536
[INFO] [airplay] t_ms=92045848 mdns thread-create done rc=0x00000000
[INFO] [airplay] t_ms=92045848 mdns thread-start begin
[INFO] [airplay] t_ms=92045848 mdns worker entered
[INFO] [airplay] t_ms=92045848 mdns worker mode=0 priority=0x2b
[INFO] [airplay] t_ms=92045848 mdns worker announce begin
[INFO] [airplay] t_ms=92045848 mdns thread-start done rc=0x00000000
[INFO] [airplay] t_ms=92045848 mdns stage=thread done
[INFO] [airplay-mdns] started airplay=NX-Cast raop=<IDENTIFIER_REDACTED>@NX-Cast port=7000 features=0x5A7FFEE6,0x0
[INFO] [airplay-mdns] started airplay=NX-Cast raop=<IDENTIFIER_REDACTED>@NX-Cast port=7000 features=0x5A7FFEE6,0x0
[INFO] [airplay] t_ms=92045848 receiver stage=mdns done
[INFO] [airplay] t_ms=92045848 integration stage=receiver done
[INFO] [airplay] integration started port=7000 discovery=1
[INFO] [iptv] background-network suspended=0 quiesced=1
[INFO] [airplay] t_ms=92045849 mdns worker announce done
[INFO] [protocol-coordinator] revision=56->61 state=ready->ready iptv=running->running dlna=starting->running airplay=stopped->running owner=none->none token=0 generation=0 pin_visible=0 resource=iptv-exclusive->home desired=home transition=0 failed=0 discovery_suspended=0->0 airplay_running=1 airplay_starting=0 status=Ready for AirPlay video
[INFO] [player-libmpv] end-file uri=<URL_REDACTED> reason=stop error=success
[INFO] [media-trace] seq=4 t_ms=68069 layer=libmpv action=mpv-end-file phase=event url_hash=9cc30efa detail=stop url=<URL_REDACTED>
[INFO] [return-home] phase=show-home begin reason=player-stopped state=stopped media=1
[INFO] [player-view] manual navigation target=home state=STOPPED
[INFO] [return-home] phase=show-home done ok=1 reason=player-stopped pending=0
[INFO] [input] action=return-home-complete ok=1 state=stopped
[INFO] [player-view] active_view=home frame=11826
[INFO] [input] active_view=home state=stopped media=1 snapshot=1
[INFO] [runtime-heartbeat] t_ms=92047237 frame=11900 view=home player_state=stopped media=1 return_home_pending=0 protocol_state=ready owner=none generation=0 resource_desired=home resource_applied=home resource_transition=0 resource_failed=0 resource_age_ms=0 iptv_background=0,0 discovery_suspended=0 service_workers=0,0,0 service_age_ms=238438,1398,1389 media_queue=0 media_high=1 media_command=0 media_kind=0 media_producer=0 media_token=0 media_generation=0 media_command_age_ms=0 media_heartbeat_age_ms=6 media_full=0 media_stale=0 media_timeout=0 media_coalesced=0 media_accepting=1 media_lifecycle=0,1,0,1 log_queue=0 enqueued=1516 processed=1516 log_high=51 log_heartbeat_age_ms=1199 log_waiting=1 queue_dropped=0 mirror_dropped=0 mirror_failures=0 mirror=1 worker=1 mdns_phase=waiting mdns_mode=0 mdns_running=1 mdns_suspended=0 ssdp_suspended=0 mdns_socket=1 mdns_heartbeat_age_ms=54 mdns_select=7 mdns_recv=1 mdns_sent=2
[INFO] [network-heartbeat] threshold_ms=1500 mdns=fd:1,active:1,oldest:select/54,total:876,max:201,error:0/none,hb:54,overflow:0,underflow:0 ssdp=fd:1,active:1,oldest:select/97,total:2346,max:104,error:0/none,hb:97,overflow:0,underflow:0 dlna-http=fd:1,active:1,oldest:select/2,total:2060,max:256,error:0/none,hb:2,overflow:0,underflow:0 airplay-control=fd:1,active:1,oldest:select/89,total:1580,max:238,error:11/recv,hb:89,overflow:0,underflow:0 iptv-background=fd:0,active:0,oldest:none/0,total:0,max:0,error:0/none,hb:0,overflow:0,underflow:0
[INFO] [runtime-heartbeat] t_ms=92049237 frame=12020 view=home player_state=stopped media=1 return_home_pending=0 protocol_state=ready owner=none generation=0 resource_desired=home resource_applied=home resource_transition=0 resource_failed=0 resource_age_ms=0 iptv_background=0,0 discovery_suspended=0 service_workers=0,0,0 service_age_ms=240438,3398,3389 media_queue=0 media_high=1 media_command=0 media_kind=0 media_producer=0 media_token=0 media_generation=0 media_command_age_ms=0 media_heartbeat_age_ms=5 media_full=0 media_stale=0 media_timeout=0 media_coalesced=0 media_accepting=1 media_lifecycle=0,1,0,1 log_queue=0 enqueued=1518 processed=1518 log_high=51 log_heartbeat_age_ms=1999 log_waiting=1 queue_dropped=0 mirror_dropped=0 mirror_failures=0 mirror=1 worker=1 mdns_phase=waiting mdns_mode=0 mdns_running=1 mdns_suspended=0 ssdp_suspended=0 mdns_socket=1 mdns_heartbeat_age_ms=54 mdns_select=17 mdns_recv=1 mdns_sent=2
[INFO] [network-heartbeat] threshold_ms=1500 mdns=fd:1,active:1,oldest:select/54,total:886,max:201,error:0/none,hb:54,overflow:0,underflow:0 ssdp=fd:1,active:1,oldest:select/96,total:2366,max:104,error:0/none,hb:96,overflow:0,underflow:0 dlna-http=fd:1,active:1,oldest:select/100,total:2079,max:256,error:0/none,hb:100,overflow:0,underflow:0 airplay-control=fd:1,active:1,oldest:select/89,total:1600,max:238,error:11/recv,hb:89,overflow:0,underflow:0 iptv-background=fd:0,active:0,oldest:none/0,total:0,max:0,error:0/none,hb:0,overflow:0,underflow:0
[INFO] [runtime-heartbeat] t_ms=92051237 frame=12140 view=home player_state=stopped media=1 return_home_pending=0 protocol_state=ready owner=none generation=0 resource_desired=home resource_applied=home resource_transition=0 resource_failed=0 resource_age_ms=0 iptv_background=0,0 discovery_suspended=0 service_workers=0,0,0 service_age_ms=242438,5398,5389 media_queue=0 media_high=1 media_command=0 media_kind=0 media_producer=0 media_token=0 media_generation=0 media_command_age_ms=0 media_heartbeat_age_ms=4 media_full=0 media_stale=0 media_timeout=0 media_coalesced=0 media_accepting=1 media_lifecycle=0,1,0,1 log_queue=0 enqueued=1520 processed=1520 log_high=51 log_heartbeat_age_ms=1999 log_waiting=1 queue_dropped=0 mirror_dropped=0 mirror_failures=0 mirror=1 worker=1 mdns_phase=waiting mdns_mode=0 mdns_running=1 mdns_suspended=0 ssdp_suspended=0 mdns_socket=1 mdns_heartbeat_age_ms=53 mdns_select=27 mdns_recv=1 mdns_sent=2
[INFO] [network-heartbeat] threshold_ms=1500 mdns=fd:1,active:1,oldest:select/53,total:896,max:201,error:0/none,hb:53,overflow:0,underflow:0 ssdp=fd:1,active:1,oldest:select/95,total:2386,max:104,error:0/none,hb:95,overflow:0,underflow:0 dlna-http=fd:1,active:1,oldest:select/98,total:2099,max:256,error:0/none,hb:98,overflow:0,underflow:0 airplay-control=fd:1,active:1,oldest:select/88,total:1620,max:238,error:11/recv,hb:88,overflow:0,underflow:0 iptv-background=fd:0,active:0,oldest:none/0,total:0,max:0,error:0/none,hb:0,overflow:0,underflow:0
[INFO] [runtime-heartbeat] t_ms=92053237 frame=12260 view=home player_state=stopped media=1 return_home_pending=0 protocol_state=ready owner=none generation=0 resource_desired=home resource_applied=home resource_transition=0 resource_failed=0 resource_age_ms=0 iptv_background=0,0 discovery_suspended=0 service_workers=0,0,0 service_age_ms=244438,7398,7389 media_queue=0 media_high=1 media_command=0 media_kind=0 media_producer=0 media_token=0 media_generation=0 media_command_age_ms=0 media_heartbeat_age_ms=2 media_full=0 media_stale=0 media_timeout=0 media_coalesced=0 media_accepting=1 media_lifecycle=0,1,0,1 log_queue=0 enqueued=1522 processed=1522 log_high=51 log_heartbeat_age_ms=1999 log_waiting=1 queue_dropped=0 mirror_dropped=0 mirror_failures=0 mirror=1 worker=1 mdns_phase=waiting mdns_mode=0 mdns_running=1 mdns_suspended=0 ssdp_suspended=0 mdns_socket=1 mdns_heartbeat_age_ms=193 mdns_select=37 mdns_recv=2 mdns_sent=4
[INFO] [network-heartbeat] threshold_ms=1500 mdns=fd:1,active:1,oldest:select/193,total:909,max:201,error:0/none,hb:193,overflow:0,underflow:0 ssdp=fd:1,active:1,oldest:select/94,total:2406,max:104,error:0/none,hb:94,overflow:0,underflow:0 dlna-http=fd:1,active:1,oldest:select/95,total:2119,max:256,error:0/none,hb:95,overflow:0,underflow:0 airplay-control=fd:1,active:1,oldest:select/87,total:1640,max:238,error:11/recv,hb:87,overflow:0,underflow:0 iptv-background=fd:0,active:0,oldest:none/0,total:0,max:0,error:0/none,hb:0,overflow:0,underflow:0
[INFO] [runtime-heartbeat] t_ms=92055237 frame=12380 view=home player_state=stopped media=1 return_home_pending=0 protocol_state=ready owner=none generation=0 resource_desired=home resource_applied=home resource_transition=0 resource_failed=0 resource_age_ms=0 iptv_background=0,0 discovery_suspended=0 service_workers=0,0,0 service_age_ms=246438,9398,9389 media_queue=0 media_high=1 media_command=0 media_kind=0 media_producer=0 media_token=0 media_generation=0 media_command_age_ms=0 media_heartbeat_age_ms=1 media_full=0 media_stale=0 media_timeout=0 media_coalesced=0 media_accepting=1 media_lifecycle=0,1,0,1 log_queue=0 enqueued=1524 processed=1524 log_high=51 log_heartbeat_age_ms=1999 log_waiting=1 queue_dropped=0 mirror_dropped=0 mirror_failures=0 mirror=1 worker=1 mdns_phase=waiting mdns_mode=0 mdns_running=1 mdns_suspended=0 ssdp_suspended=0 mdns_socket=1 mdns_heartbeat_age_ms=62 mdns_select=49 mdns_recv=4 mdns_sent=4
[INFO] [network-heartbeat] threshold_ms=1500 mdns=fd:1,active:1,oldest:select/62,total:923,max:201,error:0/none,hb:62,overflow:0,underflow:0 ssdp=fd:1,active:1,oldest:select/68,total:2436,max:104,error:0/none,hb:68,overflow:0,underflow:0 dlna-http=fd:1,active:1,oldest:select/91,total:2139,max:256,error:0/none,hb:91,overflow:0,underflow:0 airplay-control=fd:1,active:1,oldest:select/86,total:1660,max:238,error:11/recv,hb:86,overflow:0,underflow:0 iptv-background=fd:0,active:0,oldest:none/0,total:0,max:0,error:0/none,hb:0,overflow:0,underflow:0
[INFO] [runtime-heartbeat] t_ms=92057237 frame=12500 view=home player_state=stopped media=1 return_home_pending=0 protocol_state=ready owner=none generation=0 resource_desired=home resource_applied=home resource_transition=0 resource_failed=0 resource_age_ms=0 iptv_background=0,0 discovery_suspended=0 service_workers=0,0,0 service_age_ms=248438,11398,11389 media_queue=0 media_high=1 media_command=0 media_kind=0 media_producer=0 media_token=0 media_generation=0 media_command_age_ms=0 media_heartbeat_age_ms=0 media_full=0 media_stale=0 media_timeout=0 media_coalesced=0 media_accepting=1 media_lifecycle=0,1,0,1 log_queue=0 enqueued=1526 processed=1526 log_high=51 log_heartbeat_age_ms=1999 log_waiting=1 queue_dropped=0 mirror_dropped=0 mirror_failures=0 mirror=1 worker=1 mdns_phase=waiting mdns_mode=0 mdns_running=1 mdns_suspended=0 ssdp_suspended=0 mdns_socket=1 mdns_heartbeat_age_ms=199 mdns_select=59 mdns_recv=5 mdns_sent=6
[INFO] [network-heartbeat] threshold_ms=1500 mdns=fd:1,active:1,oldest:select/199,total:936,max:201,error:0/none,hb:199,overflow:0,underflow:0 ssdp=fd:1,active:1,oldest:select/98,total:2459,max:104,error:0/none,hb:98,overflow:0,underflow:0 dlna-http=fd:1,active:1,oldest:select/86,total:2159,max:256,error:0/none,hb:86,overflow:0,underflow:0 airplay-control=fd:1,active:1,oldest:select/85,total:1680,max:238,error:11/recv,hb:85,overflow:0,underflow:0 iptv-background=fd:0,active:0,oldest:none/0,total:0,max:0,error:0/none,hb:0,overflow:0,underflow:0
[INFO] [runtime-heartbeat] t_ms=92059237 frame=12620 view=home player_state=stopped media=1 return_home_pending=0 protocol_state=ready owner=none generation=0 resource_desired=home resource_applied=home resource_transition=0 resource_failed=0 resource_age_ms=0 iptv_background=0,0 discovery_suspended=0 service_workers=0,0,0 service_age_ms=250438,13398,13389 media_queue=0 media_high=1 media_command=0 media_kind=0 media_producer=0 media_token=0 media_generation=0 media_command_age_ms=0 media_heartbeat_age_ms=9 media_full=0 media_stale=0 media_timeout=0 media_coalesced=0 media_accepting=1 media_lifecycle=0,1,0,1 log_queue=0 enqueued=1528 processed=1528 log_high=51 log_heartbeat_age_ms=1999 log_waiting=1 queue_dropped=0 mirror_dropped=0 mirror_failures=0 mirror=1 worker=1 mdns_phase=waiting mdns_mode=0 mdns_running=1 mdns_suspended=0 ssdp_suspended=0 mdns_socket=1 mdns_heartbeat_age_ms=199 mdns_select=69 mdns_recv=5 mdns_sent=6
[INFO] [network-heartbeat] threshold_ms=1500 mdns=fd:1,active:1,oldest:select/199,total:946,max:201,error:0/none,hb:199,overflow:0,underflow:0 ssdp=fd:1,active:1,oldest:select/91,total:2483,max:104,error:0/none,hb:91,overflow:0,underflow:0 dlna-http=fd:1,active:1,oldest:select/81,total:2179,max:256,error:0/none,hb:81,overflow:0,underflow:0 airplay-control=fd:1,active:1,oldest:select/81,total:1700,max:238,error:11/recv,hb:81,overflow:0,underflow:0 iptv-background=fd:0,active:0,oldest:none/0,total:0,max:0,error:0/none,hb:0,overflow:0,underflow:0
[INFO] [airplay] t_ms=92059479 control accepted peer=<IP_REDACTED>:63075 fd=4
[INFO] [airplay] t_ms=92059479 control client-worker entered slot=0 fd=4
[INFO] [airplay] t_ms=92059479 control request session=1 method=GET uri=<URL_REDACTED> body=70
[INFO] [airplay] session=1 request=1 method=GET uri=<URL_REDACTED> bytes=70 state=connected
[INFO] [airplay] t_ms=92059480 control response session=1 request=1 status=200 body=274 headers=4 sent=1 close=0
[INFO] [airplay] t_ms=92059488 control request session=1 method=POST uri=<URL_REDACTED> body=68
[INFO] [airplay-pairing] t_ms=92059500 session=1 uri=<URL_REDACTED> bytes=68 state=idle->verify-challenge result=ok status=200 close=0
[INFO] [airplay] t_ms=92059501 control response session=1 request=2 status=200 body=96 headers=4 sent=1 close=0
[INFO] [airplay] t_ms=92059508 control request session=1 method=POST uri=<URL_REDACTED> body=68
[INFO] [airplay-pairing] t_ms=92059509 session=1 uri=<URL_REDACTED> bytes=68 state=verify-challenge->verified result=ok status=200 close=0
[INFO] [airplay] t_ms=92059509 control response session=1 request=3 status=200 body=0 headers=4 sent=1 close=0
[INFO] [airplay] t_ms=92059516 control request session=1 method=POST uri=<URL_REDACTED> body=16
[INFO] [airplay] session=1 request=4 method=POST uri=<URL_REDACTED> bytes=16 state=connected
[INFO] [airplay] endpoint=fp-setup bytes=16 result=ok
[INFO] [airplay] t_ms=92059516 control response session=1 request=4 status=200 body=142 headers=4 sent=1 close=0
[INFO] [airplay] t_ms=92059522 control request session=1 method=POST uri=<URL_REDACTED> body=164
[INFO] [airplay] session=1 request=5 method=POST uri=<URL_REDACTED> bytes=164 state=connected
[INFO] [airplay] endpoint=fp-setup bytes=164 result=ok
[INFO] [airplay] t_ms=92059523 control response session=1 request=5 status=200 body=32 headers=4 sent=1 close=0
[INFO] [airplay] t_ms=92059529 control request session=1 method=SETUP uri=<URL_REDACTED> body=697
[INFO] [airplay] session=1 request=6 method=SETUP uri=<URL_REDACTED> bytes=697 state=connected
[INFO] [airplay] t_ms=92059529 setup metadata session=1 keys=19 initial=1 timing=NTP timing_port=63996 remote_control=0 streams=0 mirror=0 audio=0
[INFO] [airplay-timing] session=1 protocol=NTP local=29017 remote=63996
[INFO] [airplay] session=1 method=SETUP initial=1 mirror=0 record=0 result=ok
[INFO] [airplay] t_ms=92059530 control response session=1 request=6 status=200 body=76 headers=4 sent=1 close=0
[INFO] [airplay] t_ms=92059537 control request session=1 method=GET uri=<URL_REDACTED> body=0
[INFO] [airplay] session=1 request=7 method=GET uri=<URL_REDACTED> bytes=0 state=setup
[INFO] [airplay-timing] first NTP response received
[INFO] [airplay] t_ms=92059538 control response session=1 request=7 status=200 body=1105 headers=4 sent=1 close=0
[INFO] [airplay] t_ms=92059545 control request session=1 method=RECORD uri=<URL_REDACTED> body=0
[INFO] [airplay] session=1 request=8 method=RECORD uri=<URL_REDACTED> bytes=0 state=setup
[INFO] [airplay] session=1 method=RECORD mirror=0 deferred=1
[INFO] [airplay] t_ms=92059545 control response session=1 request=8 status=200 body=0 headers=4 sent=1 close=0
[INFO] [runtime-heartbeat] t_ms=92061237 frame=12740 view=home player_state=stopped media=1 return_home_pending=0 protocol_state=ready owner=none generation=0 resource_desired=home resource_applied=home resource_transition=0 resource_failed=0 resource_age_ms=0 iptv_background=0,0 discovery_suspended=0 service_workers=0,0,0 service_age_ms=252438,15398,15389 media_queue=0 media_high=1 media_command=0 media_kind=0 media_producer=0 media_token=0 media_generation=0 media_command_age_ms=0 media_heartbeat_age_ms=6 media_full=0 media_stale=0 media_timeout=0 media_coalesced=0 media_accepting=1 media_lifecycle=0,1,0,1 log_queue=0 enqueued=1563 processed=1563 log_high=51 log_heartbeat_age_ms=1692 log_waiting=1 queue_dropped=0 mirror_dropped=0 mirror_failures=0 mirror=1 worker=1 mdns_phase=waiting mdns_mode=0 mdns_running=1 mdns_suspended=0 ssdp_suspended=0 mdns_socket=1 mdns_heartbeat_age_ms=118 mdns_select=82 mdns_recv=9 mdns_sent=6
[INFO] [network-heartbeat] threshold_ms=1500 mdns=fd:1,active:1,oldest:select/118,total:963,max:201,error:0/none,hb:118,overflow:0,underflow:0 ssdp=fd:1,active:1,oldest:select/16,total:2509,max:104,error:0/none,hb:16,overflow:0,underflow:0 dlna-http=fd:1,active:1,oldest:select/76,total:2199,max:256,error:0/none,hb:76,overflow:0,underflow:0 airplay-control=fd:2,active:2,oldest:recv/99,total:1747,max:238,error:11/recv,hb:57,overflow:0,underflow:0 iptv-background=fd:0,active:0,oldest:none/0,total:0,max:0,error:0/none,hb:0,overflow:0,underflow:0
[INFO] [airplay] t_ms=92061387 control request session=1 method=SETUP uri=<URL_REDACTED> body=243
[INFO] [airplay] session=1 request=9 method=SETUP uri=<URL_REDACTED> bytes=243 state=recording
[INFO] [airplay] t_ms=92061388 setup metadata session=1 keys=1 initial=0 timing=missing timing_port=0 remote_control=0 streams=1 mirror=0 audio=1
[INFO] [airplay] session=1 method=SETUP initial=1 mirror=0 record=1 result=failed
[INFO] [airplay] t_ms=92061438 control response session=1 request=9 status=461 body=0 headers=3 sent=1 close=0
[INFO] [airplay] t_ms=92061480 control request session=1 method=TEARDOWN uri=<URL_REDACTED> body=42
[INFO] [airplay] session=1 request=10 method=TEARDOWN uri=<URL_REDACTED> bytes=42 state=recording
[INFO] [airplay] t_ms=92061481 control response session=1 request=10 status=200 body=0 headers=3 sent=1 close=1
[INFO] [airplay] t_ms=92061481 control closed session=1 requests=10 reason=response-close errno=0
[INFO] [runtime-heartbeat] t_ms=92063237 frame=12860 view=home player_state=stopped media=1 return_home_pending=0 protocol_state=ready owner=none generation=0 resource_desired=home resource_applied=home resource_transition=0 resource_failed=0 resource_age_ms=0 iptv_background=0,0 discovery_suspended=0 service_workers=0,0,0 service_age_ms=254438,17398,17389 media_queue=0 media_high=1 media_command=0 media_kind=0 media_producer=0 media_token=0 media_generation=0 media_command_age_ms=0 media_heartbeat_age_ms=4 media_full=0 media_stale=0 media_timeout=0 media_coalesced=0 media_accepting=1 media_lifecycle=0,1,0,1 log_queue=0 enqueued=1574 processed=1574 log_high=51 log_heartbeat_age_ms=1756 log_waiting=1 queue_dropped=0 mirror_dropped=0 mirror_failures=0 mirror=1 worker=1 mdns_phase=waiting mdns_mode=0 mdns_running=1 mdns_suspended=0 ssdp_suspended=0 mdns_socket=1 mdns_heartbeat_age_ms=84 mdns_select=93 mdns_recv=11 mdns_sent=6
[INFO] [network-heartbeat] threshold_ms=1500 mdns=fd:1,active:1,oldest:select/84,total:976,max:201,error:0/none,hb:84,overflow:0,underflow:0 ssdp=fd:1,active:1,oldest:select/15,total:2529,max:104,error:0/none,hb:15,overflow:0,underflow:0 dlna-http=fd:1,active:1,oldest:select/71,total:2219,max:256,error:0/none,hb:71,overflow:0,underflow:0 airplay-control=fd:1,active:1,oldest:select/56,total:1771,max:238,error:11/recv,hb:56,overflow:0,underflow:0 iptv-background=fd:0,active:0,oldest:none/0,total:0,max:0,error:0/none,hb:0,overflow:0,underflow:0
[INFO] [runtime-heartbeat] t_ms=92065237 frame=12980 view=home player_state=stopped media=1 return_home_pending=0 protocol_state=ready owner=none generation=0 resource_desired=home resource_applied=home resource_transition=0 resource_failed=0 resource_age_ms=0 iptv_background=0,0 discovery_suspended=0 service_workers=0,0,0 service_age_ms=256438,19398,19389 media_queue=0 media_high=1 media_command=0 media_kind=0 media_producer=0 media_token=0 media_generation=0 media_command_age_ms=0 media_heartbeat_age_ms=3 media_full=0 media_stale=0 media_timeout=0 media_coalesced=0 media_accepting=1 media_lifecycle=0,1,0,1 log_queue=0 enqueued=1576 processed=1576 log_high=51 log_heartbeat_age_ms=1999 log_waiting=1 queue_dropped=0 mirror_dropped=0 mirror_failures=0 mirror=1 worker=1 mdns_phase=waiting mdns_mode=0 mdns_running=1 mdns_suspended=0 ssdp_suspended=0 mdns_socket=1 mdns_heartbeat_age_ms=133 mdns_select=103 mdns_recv=12 mdns_sent=6
[INFO] [network-heartbeat] threshold_ms=1500 mdns=fd:1,active:1,oldest:select/133,total:987,max:201,error:0/none,hb:133,overflow:0,underflow:0 ssdp=fd:1,active:1,oldest:select/32,total:2558,max:104,error:0/none,hb:32,overflow:0,underflow:0 dlna-http=fd:1,active:1,oldest:select/66,total:2239,max:256,error:0/none,hb:66,overflow:0,underflow:0 airplay-control=fd:1,active:1,oldest:select/54,total:1791,max:238,error:11/recv,hb:54,overflow:0,underflow:0 iptv-background=fd:0,active:0,oldest:none/0,total:0,max:0,error:0/none,hb:0,overflow:0,underflow:0
[INFO] [runtime-heartbeat] t_ms=92067237 frame=13100 view=home player_state=stopped media=1 return_home_pending=0 protocol_state=ready owner=none generation=0 resource_desired=home resource_applied=home resource_transition=0 resource_failed=0 resource_age_ms=0 iptv_background=0,0 discovery_suspended=0 service_workers=0,0,0 service_age_ms=258438,21398,21389 media_queue=0 media_high=1 media_command=0 media_kind=0 media_producer=0 media_token=0 media_generation=0 media_command_age_ms=0 media_heartbeat_age_ms=2 media_full=0 media_stale=0 media_timeout=0 media_coalesced=0 media_accepting=1 media_lifecycle=0,1,0,1 log_queue=0 enqueued=1578 processed=1578 log_high=51 log_heartbeat_age_ms=1999 log_waiting=1 queue_dropped=0 mirror_dropped=0 mirror_failures=0 mirror=1 worker=1 mdns_phase=waiting mdns_mode=0 mdns_running=1 mdns_suspended=0 ssdp_suspended=0 mdns_socket=1 mdns_heartbeat_age_ms=188 mdns_select=114 mdns_recv=14 mdns_sent=8
[INFO] [network-heartbeat] threshold_ms=1500 mdns=fd:1,active:1,oldest:select/188,total:1002,max:201,error:0/none,hb:188,overflow:0,underflow:0 ssdp=fd:1,active:1,oldest:select/31,total:2578,max:104,error:0/none,hb:31,overflow:0,underflow:0 dlna-http=fd:1,active:1,oldest:select/61,total:2259,max:256,error:0/none,hb:61,overflow:0,underflow:0 airplay-control=fd:1,active:1,oldest:select/54,total:1811,max:238,error:11/recv,hb:54,overflow:0,underflow:0 iptv-background=fd:0,active:0,oldest:none/0,total:0,max:0,error:0/none,hb:0,overflow:0,underflow:0
[INFO] [runtime-heartbeat] t_ms=92069237 frame=13220 view=home player_state=stopped media=1 return_home_pending=0 protocol_state=ready owner=none generation=0 resource_desired=home resource_applied=home resource_transition=0 resource_failed=0 resource_age_ms=0 iptv_background=0,0 discovery_suspended=0 service_workers=0,0,0 service_age_ms=260438,23398,23389 media_queue=0 media_high=1 media_command=0 media_kind=0 media_producer=0 media_token=0 media_generation=0 media_command_age_ms=0 media_heartbeat_age_ms=0 media_full=0 media_stale=0 media_timeout=0 media_coalesced=0 media_accepting=1 media_lifecycle=0,1,0,1 log_queue=0 enqueued=1580 processed=1580 log_high=51 log_heartbeat_age_ms=1999 log_waiting=1 queue_dropped=0 mirror_dropped=0 mirror_failures=0 mirror=1 worker=1 mdns_phase=waiting mdns_mode=0 mdns_running=1 mdns_suspended=0 ssdp_suspended=0 mdns_socket=1 mdns_heartbeat_age_ms=188 mdns_select=124 mdns_recv=14 mdns_sent=8
[INFO] [network-heartbeat] threshold_ms=1500 mdns=fd:1,active:1,oldest:select/188,total:1012,max:201,error:0/none,hb:188,overflow:0,underflow:0 ssdp=fd:1,active:1,oldest:select/14,total:2618,max:104,error:0/none,hb:14,overflow:0,underflow:0 dlna-http=fd:1,active:1,oldest:select/56,total:2279,max:256,error:0/none,hb:56,overflow:0,underflow:0 airplay-control=fd:1,active:1,oldest:select/53,total:1831,max:238,error:11/recv,hb:53,overflow:0,underflow:0 iptv-background=fd:0,active:0,oldest:none/0,total:0,max:0,error:0/none,hb:0,overflow:0,underflow:0
[INFO] [runtime-heartbeat] t_ms=92071237 frame=13340 view=home player_state=stopped media=1 return_home_pending=0 protocol_state=ready owner=none generation=0 resource_desired=home resource_applied=home resource_transition=0 resource_failed=0 resource_age_ms=0 iptv_background=0,0 discovery_suspended=0 service_workers=0,0,0 service_age_ms=262438,25398,25389 media_queue=0 media_high=1 media_command=0 media_kind=0 media_producer=0 media_token=0 media_generation=0 media_command_age_ms=0 media_heartbeat_age_ms=9 media_full=0 media_stale=0 media_timeout=0 media_coalesced=0 media_accepting=1 media_lifecycle=0,1,0,1 log_queue=0 enqueued=1582 processed=1582 log_high=51 log_heartbeat_age_ms=1999 log_waiting=1 queue_dropped=0 mirror_dropped=0 mirror_failures=0 mirror=1 worker=1 mdns_phase=waiting mdns_mode=0 mdns_running=1 mdns_suspended=0 ssdp_suspended=0 mdns_socket=1 mdns_heartbeat_age_ms=187 mdns_select=134 mdns_recv=14 mdns_sent=8
[INFO] [network-heartbeat] threshold_ms=1500 mdns=fd:1,active:1,oldest:select/187,total:1022,max:201,error:0/none,hb:187,overflow:0,underflow:0 ssdp=fd:1,active:1,oldest:select/87,total:2704,max:104,error:0/none,hb:87,overflow:0,underflow:0 dlna-http=fd:1,active:1,oldest:select/50,total:2299,max:256,error:0/none,hb:50,overflow:0,underflow:0 airplay-control=fd:1,active:1,oldest:select/50,total:1851,max:238,error:11/recv,hb:50,overflow:0,underflow:0 iptv-background=fd:0,active:0,oldest:none/0,total:0,max:0,error:0/none,hb:0,overflow:0,underflow:0
[INFO] [ssdp] send packet to <IP_REDACTED>:14904 st=upnp:rootdevice bytes=283
[INFO] [ssdp] send packet to <IP_REDACTED>:14904 st=upnp:rootdevice bytes=283
[INFO] [ssdp] send packet to <IP_REDACTED>:14904 st=upnp:rootdevice bytes=283
[INFO] [scpd] served path=/description.xml bytes=2696 template=Description.xml
[INFO] [scpd] served path=/dlna/AVTransport.xml bytes=20658 template=AVTransport.xml
[INFO] [scpd] served path=/dlna/RenderingControl.xml bytes=7102 template=RenderingControl.xml
[INFO] [runtime-heartbeat] t_ms=92073237 frame=13460 view=home player_state=stopped media=1 return_home_pending=0 protocol_state=ready owner=none generation=0 resource_desired=home resource_applied=home resource_transition=0 resource_failed=0 resource_age_ms=0 iptv_background=0,0 discovery_suspended=0 service_workers=0,0,0 service_age_ms=264438,27398,27389 media_queue=0 media_high=1 media_command=0 media_kind=0 media_producer=0 media_token=0 media_generation=0 media_command_age_ms=0 media_heartbeat_age_ms=8 media_full=0 media_stale=0 media_timeout=0 media_coalesced=0 media_accepting=1 media_lifecycle=0,1,0,1 log_queue=0 enqueued=1590 processed=1590 log_high=51 log_heartbeat_age_ms=372 log_waiting=1 queue_dropped=0 mirror_dropped=0 mirror_failures=0 mirror=1 worker=1 mdns_phase=waiting mdns_mode=0 mdns_running=1 mdns_suspended=0 ssdp_suspended=0 mdns_socket=1 mdns_heartbeat_age_ms=21 mdns_select=145 mdns_recv=15 mdns_sent=8
[INFO] [network-heartbeat] threshold_ms=1500 mdns=fd:1,active:1,oldest:select/21,total:1034,max:201,error:0/none,hb:21,overflow:0,underflow:0 ssdp=fd:1,active:1,oldest:select/31,total:2733,max:104,error:0/none,hb:31,overflow:0,underflow:0 dlna-http=fd:1,active:1,oldest:select/72,total:2330,max:256,error:0/none,hb:72,overflow:0,underflow:0 airplay-control=fd:1,active:1,oldest:select/45,total:1871,max:238,error:11/recv,hb:45,overflow:0,underflow:0 iptv-background=fd:0,active:0,oldest:none/0,total:0,max:0,error:0/none,hb:0,overflow:0,underflow:0
[INFO] [soap] soap_call "AVTransport" "SetAVTransportURI" <InstanceID>0</InstanceID> <CurrentURI><URL_REDACTED></CurrentURI>
[INFO] [media-trace] seq=5 t_ms=0 action=SetAVTransportURI phase=begin url_hash=ef8b588d metadata_bytes=2099 url=<URL_REDACTED>
[INFO] [media-trace] seq=5 t_ms=0 layer=soap action=SetAVTransportURI phase=dispatch instance=0 url_hash=ef8b588d url=<URL_REDACTED>
[INFO] [protocol-coordinator] event=claim previous_owner=none previous_token=0 previous_generation=0 owner=dlna token=1 generation=6
[INFO] [protocol-coordinator] revision=61->64 state=ready->media-active iptv=running->running dlna=running->running airplay=running->running owner=none->dlna token=1 generation=6 pin_visible=0 resource=home->home desired=dlna-exclusive transition=1 failed=0 discovery_suspended=0->0 airplay_running=1 airplay_starting=0 status=Ready for AirPlay video
[INFO] [iptv] background-network suspended=1 quiesced=1
[INFO] [protocol-coordinator] event=reject action=validate owner=none token=0 generation=0 current_owner=dlna current_token=1 current_generation=6 reason=stale-lease
[INFO] [protocol-coordinator] event=reject action=validate owner=none token=0 generation=0 current_owner=dlna current_token=1 current_generation=6 reason=stale-lease
[INFO] [media-trace] seq=5 t_ms=8 layer=player action=set_media phase=begin url_hash=ef8b588d url=<URL_REDACTED>
[INFO] [media-trace] seq=5 t_ms=9 layer=libmpv action=set_media phase=begin url_hash=ef8b588d detail=- url=<URL_REDACTED>
[INFO] [media-trace] seq=5 t_ms=9 layer=libmpv action=set_media phase=mutex-wait url_hash=ef8b588d detail=- url=<URL_REDACTED>
[INFO] [media-trace] seq=5 t_ms=9 layer=libmpv action=set_media phase=mutex-acquired url_hash=ef8b588d detail=- url=<URL_REDACTED>
[INFO] [media-trace] seq=5 t_ms=9 layer=libmpv action=loadfile phase=dispatch url_hash=ef8b588d detail=paused=1 profile=direct-mp4-fast url=<URL_REDACTED>
[INFO] [media-trace] seq=5 t_ms=9 layer=libmpv action=loadfile phase=queued url_hash=ef8b588d detail=paused=1 profile=direct-mp4-fast url=<URL_REDACTED>
[INFO] [media-trace] seq=5 t_ms=9 layer=libmpv action=set_media phase=done url_hash=ef8b588d detail=- url=<URL_REDACTED>
[INFO] [media-trace] seq=5 t_ms=9 layer=player action=set_media phase=done url_hash=ef8b588d url=<URL_REDACTED>
[INFO] [media-trace] seq=5 t_ms=9 layer=libmpv action=mpv-start-file phase=event url_hash=ef8b588d detail=- url=<URL_REDACTED>
[INFO] [player-libmpv] start-file uri=<URL_REDACTED>
[INFO] [media-trace] seq=5 t_ms=9 layer=soap action=SetAVTransportURI phase=done url_hash=ef8b588d url=<URL_REDACTED>
[INFO] [soap] assert_http_200 service=AVTransport action=SetAVTransportURI handler=avtransport_set_uri
[INFO] [protocol-coordinator] revision=64->67 state=media-active->media-active iptv=running->running dlna=running->running airplay=running->stopped owner=dlna->dlna token=1 generation=6 pin_visible=0 resource=home->dlna-exclusive desired=dlna-exclusive transition=0 failed=0 discovery_suspended=0->0 airplay_running=0 airplay_starting=0 status=none
[INFO] [player-view] desired_view=video state=LOADING has_media=1 uri=<URL_REDACTED>
[INFO] [player-view] active_view=video frame=13521
[INFO] [input] active_view=video state=loading media=1 snapshot=1
[INFO] [soap] soap_call "AVTransport" "Play" <InstanceID>0</InstanceID> <Speed>1</Speed>
[INFO] [media-trace] seq=5 t_ms=25 layer=soap action=Play phase=begin url_hash=ef8b588d detail=1 url=<URL_REDACTED>
[INFO] [media-trace] seq=5 t_ms=25 layer=player action=Play phase=backend-call-begin url_hash=ef8b588d detail=-
[INFO] [media-trace] seq=5 t_ms=25 layer=libmpv action=Play phase=mutex-wait url_hash=ef8b588d detail=- url=<URL_REDACTED>
[INFO] [media-trace] seq=5 t_ms=25 layer=libmpv action=Play phase=mutex-acquired url_hash=ef8b588d detail=- url=<URL_REDACTED>
[INFO] [media-trace] seq=5 t_ms=25 layer=libmpv action=Play phase=deferred url_hash=ef8b588d detail=waiting-file-loaded url=<URL_REDACTED>
[INFO] [media-trace] seq=5 t_ms=25 layer=player action=Play phase=backend-call-done url_hash=ef8b588d detail=ok
[INFO] [media-trace] seq=5 t_ms=25 layer=player action=Play phase=snapshot-refresh-begin url_hash=ef8b588d detail=-
[INFO] [media-trace] seq=5 t_ms=25 layer=player action=Play phase=snapshot-refresh-done url_hash=ef8b588d detail=-
[INFO] [media-trace] seq=5 t_ms=25 layer=player action=Play phase=backend-wakeup-begin url_hash=ef8b588d detail=-
[INFO] [media-trace] seq=5 t_ms=25 layer=player action=Play phase=backend-wakeup-done url_hash=ef8b588d detail=-
[INFO] [media-trace] seq=5 t_ms=25 layer=soap action=Play phase=done url_hash=ef8b588d detail=1 url=<URL_REDACTED>
[INFO] [soap] assert_http_200 service=AVTransport action=Play handler=avtransport_play
[INFO] [soap] soap_call "AVTransport" "GetTransportInfo" <InstanceID>0</InstanceID>
[INFO] [soap] assert_http_200 service=AVTransport action=GetTransportInfo handler=avtransport_get_transport_info
[INFO] [soap] soap_call "AVTransport" "GetPositionInfo" <InstanceID>0</InstanceID>
[INFO] [soap] assert_http_200 service=AVTransport action=GetPositionInfo handler=avtransport_get_position_info
[INFO] [runtime-heartbeat] t_ms=92075237 frame=13580 view=video player_state=loading media=1 return_home_pending=0 protocol_state=media-active owner=dlna generation=6 resource_desired=dlna-exclusive resource_applied=dlna-exclusive resource_transition=0 resource_failed=0 resource_age_ms=0 iptv_background=1,0 discovery_suspended=0 service_workers=0,0,0 service_age_ms=266438,29398,982 media_queue=0 media_high=1 media_command=0 media_kind=0 media_producer=0 media_token=0 media_generation=0 media_command_age_ms=0 media_heartbeat_age_ms=4 media_full=0 media_stale=0 media_timeout=0 media_coalesced=0 media_accepting=1 media_lifecycle=0,1,0,1 log_queue=0 enqueued=1633 processed=1633 log_high=51 log_heartbeat_age_ms=948 log_waiting=1 queue_dropped=0 mirror_dropped=0 mirror_failures=0 mirror=1 worker=1 mdns_phase=stopped mdns_mode=0 mdns_running=0 mdns_suspended=0 ssdp_suspended=0 mdns_socket=0 mdns_heartbeat_age_ms=982 mdns_select=151 mdns_recv=15 mdns_sent=10
[INFO] [network-heartbeat] threshold_ms=1500 mdns=fd:0,active:0,oldest:none/0,total:1041,max:201,error:0/none,hb:982,overflow:0,underflow:0 ssdp=fd:1,active:1,oldest:select/30,total:2753,max:104,error:0/none,hb:30,overflow:0,underflow:0 dlna-http=fd:1,active:1,oldest:select/47,total:2365,max:256,error:0/none,hb:47,overflow:0,underflow:0 airplay-control=fd:0,active:0,oldest:none/0,total:1881,max:238,error:11/recv,hb:982,overflow:0,underflow:0 iptv-background=fd:0,active:0,oldest:none/0,total:0,max:0,error:0/none,hb:0,overflow:0,underflow:0
[INFO] [soap] soap_call "AVTransport" "GetPositionInfo" <InstanceID>0</InstanceID>
[INFO] [soap] assert_http_200 service=AVTransport action=GetPositionInfo handler=avtransport_get_position_info
[INFO] [soap] soap_call "AVTransport" "GetTransportInfo" <InstanceID>0</InstanceID>
[INFO] [dlna-control] event=session-armed polls=4 last_poll_ms=92075288
[INFO] [soap] assert_http_200 service=AVTransport action=GetTransportInfo handler=avtransport_get_transport_info
[INFO] [soap] soap_call "AVTransport" "GetTransportInfo" <InstanceID>0</InstanceID>
[INFO] [soap] assert_http_200 service=AVTransport action=GetTransportInfo handler=avtransport_get_transport_info
[INFO] [soap] soap_call "AVTransport" "GetPositionInfo" <InstanceID>0</InstanceID>
[INFO] [soap] assert_http_200 service=AVTransport action=GetPositionInfo handler=avtransport_get_position_info
[INFO] [runtime-heartbeat] t_ms=92077237 frame=13700 view=video player_state=loading media=1 return_home_pending=0 protocol_state=media-active owner=dlna generation=6 resource_desired=dlna-exclusive resource_applied=dlna-exclusive resource_transition=0 resource_failed=0 resource_age_ms=0 iptv_background=1,0 discovery_suspended=0 service_workers=0,0,0 service_age_ms=268438,31398,2982 media_queue=0 media_high=1 media_command=0 media_kind=0 media_producer=0 media_token=0 media_generation=0 media_command_age_ms=0 media_heartbeat_age_ms=3 media_full=0 media_stale=0 media_timeout=0 media_coalesced=0 media_accepting=1 media_lifecycle=0,1,0,1 log_queue=0 enqueued=1644 processed=1644 log_high=51 log_heartbeat_age_ms=948 log_waiting=1 queue_dropped=0 mirror_dropped=0 mirror_failures=0 mirror=1 worker=1 mdns_phase=stopped mdns_mode=0 mdns_running=0 mdns_suspended=0 ssdp_suspended=0 mdns_socket=0 mdns_heartbeat_age_ms=2982 mdns_select=151 mdns_recv=15 mdns_sent=10
[INFO] [network-heartbeat] threshold_ms=1500 mdns=fd:0,active:0,oldest:none/0,total:1041,max:201,error:0/none,hb:2982,overflow:0,underflow:0 ssdp=fd:1,active:1,oldest:select/27,total:2785,max:104,error:0/none,hb:27,overflow:0,underflow:0 dlna-http=fd:1,active:1,oldest:select/48,total:2399,max:256,error:0/none,hb:48,overflow:0,underflow:0 airplay-control=fd:0,active:0,oldest:none/0,total:1881,max:238,error:11/recv,hb:2982,overflow:0,underflow:0 iptv-background=fd:0,active:0,oldest:none/0,total:0,max:0,error:0/none,hb:0,overflow:0,underflow:0
[INFO] [soap] soap_call "AVTransport" "GetPositionInfo" <InstanceID>0</InstanceID>
[INFO] [soap] assert_http_200 service=AVTransport action=GetPositionInfo handler=avtransport_get_position_info
[INFO] [soap] soap_call "AVTransport" "GetTransportInfo" <InstanceID>0</InstanceID>
[INFO] [soap] assert_http_200 service=AVTransport action=GetTransportInfo handler=avtransport_get_transport_info
[INFO] [soap] soap_call "AVTransport" "GetPositionInfo" <InstanceID>0</InstanceID>
[INFO] [soap] assert_http_200 service=AVTransport action=GetPositionInfo handler=avtransport_get_position_info
[INFO] [soap] soap_call "AVTransport" "GetTransportInfo" <InstanceID>0</InstanceID>
[INFO] [soap] assert_http_200 service=AVTransport action=GetTransportInfo handler=avtransport_get_transport_info
[INFO] [runtime-heartbeat] t_ms=92079237 frame=13820 view=video player_state=loading media=1 return_home_pending=0 protocol_state=media-active owner=dlna generation=6 resource_desired=dlna-exclusive resource_applied=dlna-exclusive resource_transition=0 resource_failed=0 resource_age_ms=0 iptv_background=1,0 discovery_suspended=0 service_workers=0,0,0 service_age_ms=270438,33398,4982 media_queue=0 media_high=1 media_command=0 media_kind=0 media_producer=0 media_token=0 media_generation=0 media_command_age_ms=0 media_heartbeat_age_ms=2 media_full=0 media_stale=0 media_timeout=0 media_coalesced=0 media_accepting=1 media_lifecycle=0,1,0,1 log_queue=0 enqueued=1654 processed=1654 log_high=51 log_heartbeat_age_ms=894 log_waiting=1 queue_dropped=0 mirror_dropped=0 mirror_failures=0 mirror=1 worker=1 mdns_phase=stopped mdns_mode=0 mdns_running=0 mdns_suspended=0 ssdp_suspended=0 mdns_socket=0 mdns_heartbeat_age_ms=4982 mdns_select=151 mdns_recv=15 mdns_sent=10
[INFO] [network-heartbeat] threshold_ms=1500 mdns=fd:0,active:0,oldest:none/0,total:1041,max:201,error:0/none,hb:4982,overflow:0,underflow:0 ssdp=fd:1,active:1,oldest:select/26,total:2805,max:104,error:0/none,hb:26,overflow:0,underflow:0 dlna-http=fd:1,active:1,oldest:select/93,total:2433,max:256,error:0/none,hb:93,overflow:0,underflow:0 airplay-control=fd:0,active:0,oldest:none/0,total:1881,max:238,error:11/recv,hb:4982,overflow:0,underflow:0 iptv-background=fd:0,active:0,oldest:none/0,total:0,max:0,error:0/none,hb:0,overflow:0,underflow:0
[INFO] [soap] soap_call "AVTransport" "GetPositionInfo" <InstanceID>0</InstanceID>
[INFO] [soap] assert_http_200 service=AVTransport action=GetPositionInfo handler=avtransport_get_position_info
[INFO] [soap] soap_call "AVTransport" "GetTransportInfo" <InstanceID>0</InstanceID>
[INFO] [soap] assert_http_200 service=AVTransport action=GetTransportInfo handler=avtransport_get_transport_info
[INFO] [soap] soap_call "AVTransport" "GetTransportInfo" <InstanceID>0</InstanceID>
[INFO] [soap] assert_http_200 service=AVTransport action=GetTransportInfo handler=avtransport_get_transport_info
[INFO] [soap] soap_call "AVTransport" "GetPositionInfo" <InstanceID>0</InstanceID>
[INFO] [soap] assert_http_200 service=AVTransport action=GetPositionInfo handler=avtransport_get_position_info
[INFO] [runtime-heartbeat] t_ms=92081237 frame=13940 view=video player_state=loading media=1 return_home_pending=0 protocol_state=media-active owner=dlna generation=6 resource_desired=dlna-exclusive resource_applied=dlna-exclusive resource_transition=0 resource_failed=0 resource_age_ms=0 iptv_background=1,0 discovery_suspended=0 service_workers=0,0,0 service_age_ms=272438,35398,6982 media_queue=0 media_high=1 media_command=0 media_kind=0 media_producer=0 media_token=0 media_generation=0 media_command_age_ms=0 media_heartbeat_age_ms=0 media_full=0 media_stale=0 media_timeout=0 media_coalesced=0 media_accepting=1 media_lifecycle=0,1,0,1 log_queue=0 enqueued=1664 processed=1664 log_high=51 log_heartbeat_age_ms=947 log_waiting=1 queue_dropped=0 mirror_dropped=0 mirror_failures=0 mirror=1 worker=1 mdns_phase=stopped mdns_mode=0 mdns_running=0 mdns_suspended=0 ssdp_suspended=0 mdns_socket=0 mdns_heartbeat_age_ms=6982 mdns_select=151 mdns_recv=15 mdns_sent=10
[INFO] [network-heartbeat] threshold_ms=1500 mdns=fd:0,active:0,oldest:none/0,total:1041,max:201,error:0/none,hb:6982,overflow:0,underflow:0 ssdp=fd:1,active:1,oldest:select/25,total:2825,max:104,error:0/none,hb:25,overflow:0,underflow:0 dlna-http=fd:1,active:1,oldest:select/46,total:2468,max:256,error:0/none,hb:46,overflow:0,underflow:0 airplay-control=fd:0,active:0,oldest:none/0,total:1881,max:238,error:11/recv,hb:6982,overflow:0,underflow:0 iptv-background=fd:0,active:0,oldest:none/0,total:0,max:0,error:0/none,hb:0,overflow:0,underflow:0
[INFO] [soap] soap_call "AVTransport" "GetTransportInfo" <InstanceID>0</InstanceID>
[INFO] [soap] assert_http_200 service=AVTransport action=GetTransportInfo handler=avtransport_get_transport_info
[INFO] [soap] soap_call "AVTransport" "GetPositionInfo" <InstanceID>0</InstanceID>
[INFO] [soap] assert_http_200 service=AVTransport action=GetPositionInfo handler=avtransport_get_position_info
[INFO] [soap] soap_call "AVTransport" "GetTransportInfo" <InstanceID>0</InstanceID>
[INFO] [soap] assert_http_200 service=AVTransport action=GetTransportInfo handler=avtransport_get_transport_info
[INFO] [soap] soap_call "AVTransport" "GetPositionInfo" <InstanceID>0</InstanceID>
[INFO] [soap] assert_http_200 service=AVTransport action=GetPositionInfo handler=avtransport_get_position_info
[INFO] [runtime-heartbeat] t_ms=92083237 frame=14060 view=video player_state=loading media=1 return_home_pending=0 protocol_state=media-active owner=dlna generation=6 resource_desired=dlna-exclusive resource_applied=dlna-exclusive resource_transition=0 resource_failed=0 resource_age_ms=0 iptv_background=1,0 discovery_suspended=0 service_workers=0,0,0 service_age_ms=274438,37398,8982 media_queue=0 media_high=1 media_command=0 media_kind=0 media_producer=0 media_token=0 media_generation=0 media_command_age_ms=0 media_heartbeat_age_ms=9 media_full=0 media_stale=0 media_timeout=0 media_coalesced=0 media_accepting=1 media_lifecycle=0,1,0,1 log_queue=0 enqueued=1674 processed=1674 log_high=51 log_heartbeat_age_ms=898 log_waiting=1 queue_dropped=0 mirror_dropped=0 mirror_failures=0 mirror=1 worker=1 mdns_phase=stopped mdns_mode=0 mdns_running=0 mdns_suspended=0 ssdp_suspended=0 mdns_socket=0 mdns_heartbeat_age_ms=8982 mdns_select=151 mdns_recv=15 mdns_sent=10
[INFO] [network-heartbeat] threshold_ms=1500 mdns=fd:0,active:0,oldest:none/0,total:1041,max:201,error:0/none,hb:8982,overflow:0,underflow:0 ssdp=fd:1,active:1,oldest:select/22,total:2845,max:104,error:0/none,hb:22,overflow:0,underflow:0 dlna-http=fd:1,active:1,oldest:select/98,total:2502,max:256,error:0/none,hb:98,overflow:0,underflow:0 airplay-control=fd:0,active:0,oldest:none/0,total:1881,max:238,error:11/recv,hb:8982,overflow:0,underflow:0 iptv-background=fd:0,active:0,oldest:none/0,total:0,max:0,error:0/none,hb:0,overflow:0,underflow:0
[INFO] [soap] soap_call "AVTransport" "GetPositionInfo" <InstanceID>0</InstanceID>
[INFO] [soap] assert_http_200 service=AVTransport action=GetPositionInfo handler=avtransport_get_position_info
[INFO] [soap] soap_call "AVTransport" "GetTransportInfo" <InstanceID>0</InstanceID>
[INFO] [soap] assert_http_200 service=AVTransport action=GetTransportInfo handler=avtransport_get_transport_info
[INFO] [soap] soap_call "AVTransport" "GetTransportInfo" <InstanceID>0</InstanceID>
[INFO] [soap] assert_http_200 service=AVTransport action=GetTransportInfo handler=avtransport_get_transport_info
[INFO] [soap] soap_call "AVTransport" "GetPositionInfo" <InstanceID>0</InstanceID>
[INFO] [soap] assert_http_200 service=AVTransport action=GetPositionInfo handler=avtransport_get_position_info
[INFO] [runtime-heartbeat] t_ms=92085237 frame=14180 view=video player_state=loading media=1 return_home_pending=0 protocol_state=media-active owner=dlna generation=6 resource_desired=dlna-exclusive resource_applied=dlna-exclusive resource_transition=0 resource_failed=0 resource_age_ms=0 iptv_background=1,0 discovery_suspended=0 service_workers=0,0,0 service_age_ms=276438,39398,10982 media_queue=0 media_high=1 media_command=0 media_kind=0 media_producer=0 media_token=0 media_generation=0 media_command_age_ms=0 media_heartbeat_age_ms=8 media_full=0 media_stale=0 media_timeout=0 media_coalesced=0 media_accepting=1 media_lifecycle=0,1,0,1 log_queue=0 enqueued=1684 processed=1684 log_high=51 log_heartbeat_age_ms=849 log_waiting=1 queue_dropped=0 mirror_dropped=0 mirror_failures=0 mirror=1 worker=1 mdns_phase=stopped mdns_mode=0 mdns_running=0 mdns_suspended=0 ssdp_suspended=0 mdns_socket=0 mdns_heartbeat_age_ms=10982 mdns_select=151 mdns_recv=15 mdns_sent=10
[INFO] [network-heartbeat] threshold_ms=1500 mdns=fd:0,active:0,oldest:none/0,total:1041,max:201,error:0/none,hb:10982,overflow:0,underflow:0 ssdp=fd:1,active:1,oldest:select/16,total:2865,max:104,error:0/none,hb:16,overflow:0,underflow:0 dlna-http=fd:1,active:1,oldest:select/49,total:2538,max:256,error:0/none,hb:49,overflow:0,underflow:0 airplay-control=fd:0,active:0,oldest:none/0,total:1881,max:238,error:11/recv,hb:10982,overflow:0,underflow:0 iptv-background=fd:0,active:0,oldest:none/0,total:0,max:0,error:0/none,hb:0,overflow:0,underflow:0
[INFO] [soap] soap_call "AVTransport" "GetPositionInfo" <InstanceID>0</InstanceID>
[INFO] [soap] assert_http_200 service=AVTransport action=GetPositionInfo handler=avtransport_get_position_info
[INFO] [soap] soap_call "AVTransport" "GetTransportInfo" <InstanceID>0</InstanceID>
[INFO] [soap] assert_http_200 service=AVTransport action=GetTransportInfo handler=avtransport_get_transport_info
[INFO] [soap] soap_call "AVTransport" "Stop" <InstanceID>0</InstanceID>
[INFO] [media-trace] seq=5 t_ms=11487 layer=soap action=Stop phase=begin url_hash=ef8b588d detail=- url=<URL_REDACTED>
[INFO] [media-trace] seq=5 t_ms=11487 layer=player action=Stop phase=backend-call-begin url_hash=ef8b588d detail=-
[INFO] [media-trace] seq=5 t_ms=11487 layer=libmpv action=Stop phase=mutex-wait url_hash=ef8b588d detail=- url=<URL_REDACTED>
[INFO] [media-trace] seq=5 t_ms=11487 layer=libmpv action=Stop phase=mutex-acquired url_hash=ef8b588d detail=- url=<URL_REDACTED>
[INFO] [media-trace] seq=5 t_ms=11487 layer=libmpv action=Stop phase=dispatch url_hash=ef8b588d detail=- url=<URL_REDACTED>
[INFO] [media-trace] seq=5 t_ms=11487 layer=player action=Stop phase=backend-call-done url_hash=ef8b588d detail=ok
[INFO] [media-trace] seq=5 t_ms=11487 layer=player action=Stop phase=snapshot-refresh-begin url_hash=ef8b588d detail=-
[INFO] [media-trace] seq=5 t_ms=11487 layer=player action=Stop phase=snapshot-refresh-done url_hash=ef8b588d detail=-
[INFO] [media-trace] seq=5 t_ms=11487 layer=player action=Stop phase=backend-wakeup-begin url_hash=ef8b588d detail=-
[INFO] [media-trace] seq=5 t_ms=11487 layer=player action=Stop phase=backend-wakeup-done url_hash=ef8b588d detail=-
[INFO] [protocol-coordinator] event=release action=release owner=dlna token=1 generation=6 reason=completed
[INFO] [media-trace] seq=5 t_ms=11487 layer=soap action=Stop phase=done url_hash=ef8b588d detail=- url=<URL_REDACTED>
[INFO] [soap] assert_http_200 service=AVTransport action=Stop handler=avtransport_stop
[INFO] [protocol-coordinator] revision=67->70 state=media-active->ready iptv=running->running dlna=running->running airplay=stopped->stopped owner=dlna->none token=0 generation=0 pin_visible=0 resource=dlna-exclusive->dlna-exclusive desired=home transition=1 failed=0 discovery_suspended=0->0 airplay_running=0 airplay_starting=0 status=none
[INFO] [return-home] phase=request t_ms=92085737 playback_active=0 state=stopped media=1
[INFO] [return-home] phase=show-home begin reason=no-active-media
[INFO] [player-view] manual navigation target=home state=LOADING
[INFO] [return-home] phase=show-home done ok=1 reason=no-active-media
[INFO] [dlna-control] event=return-home reason=explicit-stop ok=1 stop=0 polls=0 poll_age_ms=92085737 state=stopped
[INFO] [player-view] active_view=home frame=14209
[INFO] [input] active_view=home state=stopped media=1 snapshot=1
[INFO] [airplay] t_ms=92085738 integration stage=ed25519 begin
[INFO] [airplay] t_ms=92085738 integration stage=ed25519 done
[INFO] [airplay] t_ms=92085738 integration stage=mirror-runtime begin
[INFO] [airplay] t_ms=92085738 integration stage=mirror-runtime done
[INFO] [airplay] t_ms=92085738 integration stage=remote-video begin
[INFO] [airplay] t_ms=92085738 integration stage=remote-video done
[INFO] [airplay] t_ms=92085738 integration stage=receiver begin
[INFO] [airplay] t_ms=92085738 receiver stage=pairing-identity begin
[INFO] [airplay] t_ms=92085745 receiver stage=pairing-identity done
[INFO] [airplay] t_ms=92085745 receiver stage=dns-sd-txt begin
[INFO] [airplay] t_ms=92085745 receiver stage=dns-sd-txt done
[INFO] [airplay] t_ms=92085745 receiver stage=handlers begin
[INFO] [airplay] t_ms=92085745 handlers stage=validate begin
[INFO] [airplay] t_ms=92085745 handlers stage=validate done
[INFO] [airplay] t_ms=92085745 handlers stage=allocate begin bytes=792
[INFO] [airplay] t_ms=92085745 handlers stage=allocate done
[INFO] [airplay] t_ms=92085745 handlers stage=copy begin txt_bytes=214
[INFO] [airplay] t_ms=92085745 handlers stage=copy done
[INFO] [airplay] t_ms=92085745 receiver stage=handlers done
[INFO] [airplay] t_ms=92085745 receiver stage=control-server begin
[INFO] [airplay-server] listening on :7000
[INFO] [airplay] t_ms=92085745 receiver stage=control-server done port=7000
[INFO] [airplay] t_ms=92085745 receiver stage=lifecycle begin
[INFO] [airplay] t_ms=92085745 receiver stage=lifecycle done
[INFO] [airplay] t_ms=92085745 receiver stage=mdns begin
[INFO] [airplay] t_ms=92085745 mdns stage=local-address begin
[INFO] [airplay] t_ms=92085746 mdns stage=local-address done
[INFO] [airplay-mdns] local-address=<IP_REDACTED>
[INFO] [airplay] t_ms=92085746 mdns stage=service-record begin
[INFO] [airplay] t_ms=92085746 mdns stage=service-record done
[INFO] [airplay] t_ms=92085746 mdns stage=socket begin
[INFO] [airplay] t_ms=92085746 mdns socket stage=create begin
[INFO] [airplay] t_ms=92085746 mdns socket stage=create done fd=6
[INFO] [airplay] t_ms=92085746 mdns socket stage=bind begin port=5353
[INFO] [airplay] t_ms=92085746 mdns socket stage=bind done
[INFO] [airplay] t_ms=92085746 mdns socket stage=multicast-join begin
[INFO] [airplay] t_ms=92085746 mdns socket stage=multicast-join done
[INFO] [airplay] t_ms=92085747 mdns stage=socket done
[INFO] [airplay] t_ms=92085747 mdns stage=thread begin
[INFO] [airplay] t_ms=92085747 mdns thread-create begin stack=65536
[INFO] [airplay] t_ms=92085747 mdns thread-create done rc=0x00000000
[INFO] [airplay] t_ms=92085747 mdns thread-start begin
[INFO] [airplay] t_ms=92085747 mdns worker entered
[INFO] [airplay] t_ms=92085747 mdns worker mode=0 priority=0x2b
[INFO] [airplay] t_ms=92085747 mdns worker announce begin
[INFO] [airplay] t_ms=92085747 mdns thread-start done rc=0x00000000
[INFO] [airplay] t_ms=92085747 mdns stage=thread done
[INFO] [airplay-mdns] started airplay=NX-Cast raop=<IDENTIFIER_REDACTED>@NX-Cast port=7000 features=0x5A7FFEE6,0x0
[INFO] [airplay-mdns] started airplay=NX-Cast raop=<IDENTIFIER_REDACTED>@NX-Cast port=7000 features=0x5A7FFEE6,0x0
[INFO] [airplay] t_ms=92085747 receiver stage=mdns done
[INFO] [airplay] t_ms=92085747 integration stage=receiver done
[INFO] [airplay] integration started port=7000 discovery=1
[INFO] [iptv] background-network suspended=0 quiesced=1
[INFO] [airplay] t_ms=92085747 mdns worker announce done
[INFO] [protocol-coordinator] revision=70->74 state=ready->ready iptv=running->running dlna=running->running airplay=stopped->running owner=none->none token=0 generation=0 pin_visible=0 resource=dlna-exclusive->home desired=home transition=0 failed=0 discovery_suspended=0->0 airplay_running=1 airplay_starting=0 status=Ready for AirPlay video
[INFO] [player-libmpv] end-file uri=<URL_REDACTED> reason=stop error=success
[INFO] [media-trace] seq=5 t_ms=11577 layer=libmpv action=mpv-end-file phase=event url_hash=ef8b588d detail=stop url=<URL_REDACTED>
[INFO] [runtime-heartbeat] t_ms=92087237 frame=14300 view=home player_state=stopped media=1 return_home_pending=0 protocol_state=ready owner=none generation=0 resource_desired=home resource_applied=home resource_transition=0 resource_failed=0 resource_age_ms=0 iptv_background=0,0 discovery_suspended=0 service_workers=0,0,0 service_age_ms=278438,41398,1490 media_queue=0 media_high=1 media_command=0 media_kind=0 media_producer=0 media_token=0 media_generation=0 media_command_age_ms=0 media_heartbeat_age_ms=2 media_full=0 media_stale=0 media_timeout=0 media_coalesced=0 media_accepting=1 media_lifecycle=0,1,0,1 log_queue=0 enqueued=1769 processed=1769 log_high=51 log_heartbeat_age_ms=1413 log_waiting=1 queue_dropped=0 mirror_dropped=0 mirror_failures=0 mirror=1 worker=1 mdns_phase=waiting mdns_mode=0 mdns_running=1 mdns_suspended=0 ssdp_suspended=0 mdns_socket=1 mdns_heartbeat_age_ms=23 mdns_select=10 mdns_recv=3 mdns_sent=6
[INFO] [network-heartbeat] threshold_ms=1500 mdns=fd:1,active:1,oldest:select/23,total:1064,max:201,error:0/none,hb:23,overflow:0,underflow:0 ssdp=fd:1,active:1,oldest:select/11,total:2885,max:104,error:0/none,hb:11,overflow:0,underflow:0 dlna-http=fd:1,active:1,oldest:select/2,total:2570,max:256,error:0/none,hb:2,overflow:0,underflow:0 airplay-control=fd:1,active:1,oldest:select/91,total:1897,max:238,error:11/recv,hb:91,overflow:0,underflow:0 iptv-background=fd:0,active:0,oldest:none/0,total:0,max:0,error:0/none,hb:0,overflow:0,underflow:0
[INFO] [runtime-heartbeat] t_ms=92089237 frame=14420 view=home player_state=stopped media=1 return_home_pending=0 protocol_state=ready owner=none generation=0 resource_desired=home resource_applied=home resource_transition=0 resource_failed=0 resource_age_ms=0 iptv_background=0,0 discovery_suspended=0 service_workers=0,0,0 service_age_ms=280438,43398,3490 media_queue=0 media_high=1 media_command=0 media_kind=0 media_producer=0 media_token=0 media_generation=0 media_command_age_ms=0 media_heartbeat_age_ms=1 media_full=0 media_stale=0 media_timeout=0 media_coalesced=0 media_accepting=1 media_lifecycle=0,1,0,1 log_queue=0 enqueued=1771 processed=1771 log_high=51 log_heartbeat_age_ms=1999 log_waiting=1 queue_dropped=0 mirror_dropped=0 mirror_failures=0 mirror=1 worker=1 mdns_phase=waiting mdns_mode=0 mdns_running=1 mdns_suspended=0 ssdp_suspended=0 mdns_socket=1 mdns_heartbeat_age_ms=23 mdns_select=20 mdns_recv=3 mdns_sent=6
[INFO] [network-heartbeat] threshold_ms=1500 mdns=fd:1,active:1,oldest:select/23,total:1074,max:201,error:0/none,hb:23,overflow:0,underflow:0 ssdp=fd:1,active:1,oldest:select/6,total:2905,max:104,error:0/none,hb:6,overflow:0,underflow:0 dlna-http=fd:1,active:1,oldest:select/99,total:2589,max:256,error:0/none,hb:99,overflow:0,underflow:0 airplay-control=fd:1,active:1,oldest:select/90,total:1917,max:238,error:11/recv,hb:90,overflow:0,underflow:0 iptv-background=fd:0,active:0,oldest:none/0,total:0,max:0,error:0/none,hb:0,overflow:0,underflow:0
[INFO] [ssdp] send packet to <IP_REDACTED>:11051 st=upnp:rootdevice bytes=283
[INFO] [ssdp] send packet to <IP_REDACTED>:11051 st=upnp:rootdevice bytes=283
[INFO] [ssdp] send packet to <IP_REDACTED>:11051 st=upnp:rootdevice bytes=283
[INFO] [runtime-heartbeat] t_ms=92091237 frame=14540 view=home player_state=stopped media=1 return_home_pending=0 protocol_state=ready owner=none generation=0 resource_desired=home resource_applied=home resource_transition=0 resource_failed=0 resource_age_ms=0 iptv_background=0,0 discovery_suspended=0 service_workers=0,0,0 service_age_ms=282438,45398,5490 media_queue=0 media_high=1 media_command=0 media_kind=0 media_producer=0 media_token=0 media_generation=0 media_command_age_ms=0 media_heartbeat_age_ms=9 media_full=0 media_stale=0 media_timeout=0 media_coalesced=0 media_accepting=1 media_lifecycle=0,1,0,1 log_queue=0 enqueued=1776 processed=1776 log_high=51 log_heartbeat_age_ms=918 log_waiting=1 queue_dropped=0 mirror_dropped=0 mirror_failures=0 mirror=1 worker=1 mdns_phase=waiting mdns_mode=0 mdns_running=1 mdns_suspended=0 ssdp_suspended=0 mdns_socket=1 mdns_heartbeat_age_ms=22 mdns_select=30 mdns_recv=3 mdns_sent=6
[INFO] [network-heartbeat] threshold_ms=1500 mdns=fd:1,active:1,oldest:select/22,total:1084,max:201,error:0/none,hb:22,overflow:0,underflow:0 ssdp=fd:1,active:1,oldest:select/18,total:2933,max:104,error:0/none,hb:18,overflow:0,underflow:0 dlna-http=fd:1,active:1,oldest:select/98,total:2609,max:256,error:0/none,hb:98,overflow:0,underflow:0 airplay-control=fd:1,active:1,oldest:select/89,total:1937,max:238,error:11/recv,hb:89,overflow:0,underflow:0 iptv-background=fd:0,active:0,oldest:none/0,total:0,max:0,error:0/none,hb:0,overflow:0,underflow:0
[INFO] [soap] soap_call "AVTransport" "SetAVTransportURI" <InstanceID>0</InstanceID> <CurrentURI><URL_REDACTED></CurrentURI>
[INFO] [media-trace] seq=6 t_ms=0 action=SetAVTransportURI phase=begin url_hash=6bfb0e00 metadata_bytes=2099 url=<URL_REDACTED>
[INFO] [media-trace] seq=6 t_ms=0 layer=soap action=SetAVTransportURI phase=dispatch instance=0 url_hash=6bfb0e00 url=<URL_REDACTED>
[INFO] [protocol-coordinator] event=claim previous_owner=none previous_token=0 previous_generation=0 owner=dlna token=1 generation=7
[INFO] [protocol-coordinator] revision=74->77 state=ready->media-active iptv=running->running dlna=running->running airplay=running->running owner=none->dlna token=1 generation=7 pin_visible=0 resource=home->home desired=dlna-exclusive transition=1 failed=0 discovery_suspended=0->0 airplay_running=1 airplay_starting=0 status=Ready for AirPlay video
[INFO] [iptv] background-network suspended=1 quiesced=1
[INFO] [protocol-coordinator] event=reject action=validate owner=none token=0 generation=0 current_owner=dlna current_token=1 current_generation=7 reason=stale-lease
[INFO] [protocol-coordinator] event=reject action=validate owner=none token=0 generation=0 current_owner=dlna current_token=1 current_generation=7 reason=stale-lease
[INFO] [media-trace] seq=6 t_ms=13 layer=player action=set_media phase=begin url_hash=6bfb0e00 url=<URL_REDACTED>
[INFO] [media-trace] seq=6 t_ms=13 layer=libmpv action=set_media phase=begin url_hash=6bfb0e00 detail=- url=<URL_REDACTED>
[INFO] [media-trace] seq=6 t_ms=13 layer=libmpv action=set_media phase=mutex-wait url_hash=6bfb0e00 detail=- url=<URL_REDACTED>
[INFO] [media-trace] seq=6 t_ms=13 layer=libmpv action=set_media phase=mutex-acquired url_hash=6bfb0e00 detail=- url=<URL_REDACTED>
[INFO] [media-trace] seq=6 t_ms=13 layer=libmpv action=loadfile phase=dispatch url_hash=6bfb0e00 detail=paused=1 profile=direct-mp4-fast url=<URL_REDACTED>
[INFO] [media-trace] seq=6 t_ms=13 layer=libmpv action=loadfile phase=queued url_hash=6bfb0e00 detail=paused=1 profile=direct-mp4-fast url=<URL_REDACTED>
[INFO] [media-trace] seq=6 t_ms=14 layer=libmpv action=set_media phase=done url_hash=6bfb0e00 detail=- url=<URL_REDACTED>
[INFO] [media-trace] seq=6 t_ms=14 layer=player action=set_media phase=done url_hash=6bfb0e00 url=<URL_REDACTED>
[INFO] [media-trace] seq=6 t_ms=14 layer=libmpv action=mpv-start-file phase=event url_hash=6bfb0e00 detail=- url=<URL_REDACTED>
[INFO] [player-libmpv] start-file uri=<URL_REDACTED>
[INFO] [media-trace] seq=6 t_ms=14 layer=soap action=SetAVTransportURI phase=done url_hash=6bfb0e00 url=<URL_REDACTED>
[INFO] [soap] assert_http_200 service=AVTransport action=SetAVTransportURI handler=avtransport_set_uri
[INFO] [protocol-coordinator] revision=77->80 state=media-active->media-active iptv=running->running dlna=running->running airplay=running->stopped owner=dlna->dlna token=1 generation=7 pin_visible=0 resource=home->dlna-exclusive desired=dlna-exclusive transition=0 failed=0 discovery_suspended=0->0 airplay_running=0 airplay_starting=0 status=none
[INFO] [player-view] desired_view=video state=LOADING has_media=1 uri=<URL_REDACTED>
[INFO] [player-view] active_view=video frame=14578
[INFO] [input] active_view=video state=loading media=1 snapshot=1
[INFO] [soap] soap_call "AVTransport" "Play" <InstanceID>0</InstanceID> <Speed>1</Speed>
[INFO] [media-trace] seq=6 t_ms=29 layer=soap action=Play phase=begin url_hash=6bfb0e00 detail=1 url=<URL_REDACTED>
[INFO] [media-trace] seq=6 t_ms=29 layer=player action=Play phase=backend-call-begin url_hash=6bfb0e00 detail=-
[INFO] [media-trace] seq=6 t_ms=29 layer=libmpv action=Play phase=mutex-wait url_hash=6bfb0e00 detail=- url=<URL_REDACTED>
[INFO] [media-trace] seq=6 t_ms=29 layer=libmpv action=Play phase=mutex-acquired url_hash=6bfb0e00 detail=- url=<URL_REDACTED>
[INFO] [media-trace] seq=6 t_ms=29 layer=libmpv action=Play phase=deferred url_hash=6bfb0e00 detail=waiting-file-loaded url=<URL_REDACTED>
[INFO] [media-trace] seq=6 t_ms=29 layer=player action=Play phase=backend-call-done url_hash=6bfb0e00 detail=ok
[INFO] [media-trace] seq=6 t_ms=29 layer=player action=Play phase=snapshot-refresh-begin url_hash=6bfb0e00 detail=-
[INFO] [media-trace] seq=6 t_ms=29 layer=player action=Play phase=snapshot-refresh-done url_hash=6bfb0e00 detail=-
[INFO] [media-trace] seq=6 t_ms=29 layer=player action=Play phase=backend-wakeup-begin url_hash=6bfb0e00 detail=-
[INFO] [media-trace] seq=6 t_ms=29 layer=player action=Play phase=backend-wakeup-done url_hash=6bfb0e00 detail=-
[INFO] [media-trace] seq=6 t_ms=29 layer=soap action=Play phase=done url_hash=6bfb0e00 detail=1 url=<URL_REDACTED>
[INFO] [soap] assert_http_200 service=AVTransport action=Play handler=avtransport_play
[INFO] [soap] soap_call "AVTransport" "GetPositionInfo" <InstanceID>0</InstanceID>
[INFO] [soap] assert_http_200 service=AVTransport action=GetPositionInfo handler=avtransport_get_position_info
[INFO] [soap] soap_call "AVTransport" "GetTransportInfo" <InstanceID>0</InstanceID>
[INFO] [soap] assert_http_200 service=AVTransport action=GetTransportInfo handler=avtransport_get_transport_info
[INFO] [soap] soap_call "AVTransport" "GetPositionInfo" <InstanceID>0</InstanceID>
[INFO] [soap] assert_http_200 service=AVTransport action=GetPositionInfo handler=avtransport_get_position_info
[INFO] [soap] soap_call "AVTransport" "GetTransportInfo" <InstanceID>0</InstanceID>
[INFO] [dlna-control] event=session-armed polls=4 last_poll_ms=92093073
[INFO] [soap] assert_http_200 service=AVTransport action=GetTransportInfo handler=avtransport_get_transport_info
[INFO] [runtime-heartbeat] t_ms=92093237 frame=14660 view=video player_state=loading media=1 return_home_pending=0 protocol_state=media-active owner=dlna generation=7 resource_desired=dlna-exclusive resource_applied=dlna-exclusive resource_transition=0 resource_failed=0 resource_age_ms=0 iptv_background=1,0 discovery_suspended=0 service_workers=0,0,0 service_age_ms=284438,47398,1364 media_queue=0 media_high=1 media_command=0 media_kind=0 media_producer=0 media_token=0 media_generation=0 media_command_age_ms=0 media_heartbeat_age_ms=7 media_full=0 media_stale=0 media_timeout=0 media_coalesced=0 media_accepting=1 media_lifecycle=0,1,0,1 log_queue=0 enqueued=1824 processed=1824 log_high=51 log_heartbeat_age_ms=164 log_waiting=1 queue_dropped=0 mirror_dropped=0 mirror_failures=0 mirror=1 worker=1 mdns_phase=stopped mdns_mode=0 mdns_running=0 mdns_suspended=0 ssdp_suspended=0 mdns_socket=0 mdns_heartbeat_age_ms=1365 mdns_select=34 mdns_recv=3 mdns_sent=8
[INFO] [network-heartbeat] threshold_ms=1500 mdns=fd:0,active:0,oldest:none/0,total:1089,max:201,error:0/none,hb:1365,overflow:0,underflow:0 ssdp=fd:1,active:1,oldest:select/16,total:2953,max:104,error:0/none,hb:16,overflow:0,underflow:0 dlna-http=fd:1,active:1,oldest:select/64,total:2652,max:256,error:0/none,hb:64,overflow:0,underflow:0 airplay-control=fd:0,active:0,oldest:none/0,total:1944,max:238,error:11/recv,hb:1365,overflow:0,underflow:0 iptv-background=fd:0,active:0,oldest:none/0,total:0,max:0,error:0/none,hb:0,overflow:0,underflow:0
[INFO] [soap] soap_call "AVTransport" "GetTransportInfo" <InstanceID>0</InstanceID>
[INFO] [soap] assert_http_200 service=AVTransport action=GetTransportInfo handler=avtransport_get_transport_info
[INFO] [soap] soap_call "AVTransport" "GetPositionInfo" <InstanceID>0</InstanceID>
[INFO] [soap] assert_http_200 service=AVTransport action=GetPositionInfo handler=avtransport_get_position_info
[INFO] [soap] soap_call "AVTransport" "GetTransportInfo" <InstanceID>0</InstanceID>
[INFO] [soap] assert_http_200 service=AVTransport action=GetTransportInfo handler=avtransport_get_transport_info
[INFO] [soap] soap_call "AVTransport" "GetPositionInfo" <InstanceID>0</InstanceID>
[INFO] [soap] assert_http_200 service=AVTransport action=GetPositionInfo handler=avtransport_get_position_info
[INFO] [runtime-heartbeat] t_ms=92095237 frame=14780 view=video player_state=loading media=1 return_home_pending=0 protocol_state=media-active owner=dlna generation=7 resource_desired=dlna-exclusive resource_applied=dlna-exclusive resource_transition=0 resource_failed=0 resource_age_ms=0 iptv_background=1,0 discovery_suspended=0 service_workers=0,0,0 service_age_ms=286438,49398,3364 media_queue=0 media_high=1 media_command=0 media_kind=0 media_producer=0 media_token=0 media_generation=0 media_command_age_ms=0 media_heartbeat_age_ms=5 media_full=0 media_stale=0 media_timeout=0 media_coalesced=0 media_accepting=1 media_lifecycle=0,1,0,1 log_queue=0 enqueued=1834 processed=1834 log_high=51 log_heartbeat_age_ms=327 log_waiting=1 queue_dropped=0 mirror_dropped=0 mirror_failures=0 mirror=1 worker=1 mdns_phase=stopped mdns_mode=0 mdns_running=0 mdns_suspended=0 ssdp_suspended=0 mdns_socket=0 mdns_heartbeat_age_ms=3365 mdns_select=34 mdns_recv=3 mdns_sent=8
[INFO] [network-heartbeat] threshold_ms=1500 mdns=fd:0,active:0,oldest:none/0,total:1089,max:201,error:0/none,hb:3365,overflow:0,underflow:0 ssdp=fd:1,active:1,oldest:select/15,total:2973,max:104,error:0/none,hb:15,overflow:0,underflow:0 dlna-http=fd:1,active:1,oldest:select/27,total:2687,max:256,error:0/none,hb:27,overflow:0,underflow:0 airplay-control=fd:0,active:0,oldest:none/0,total:1944,max:238,error:11/recv,hb:3365,overflow:0,underflow:0 iptv-background=fd:0,active:0,oldest:none/0,total:0,max:0,error:0/none,hb:0,overflow:0,underflow:0
[INFO] [soap] soap_call "AVTransport" "GetTransportInfo" <InstanceID>0</InstanceID>
[INFO] [soap] assert_http_200 service=AVTransport action=GetTransportInfo handler=avtransport_get_transport_info
[INFO] [soap] soap_call "AVTransport" "GetPositionInfo" <InstanceID>0</InstanceID>
[INFO] [soap] assert_http_200 service=AVTransport action=GetPositionInfo handler=avtransport_get_position_info
[INFO] [soap] soap_call "AVTransport" "GetTransportInfo" <InstanceID>0</InstanceID>
[INFO] [soap] assert_http_200 service=AVTransport action=GetTransportInfo handler=avtransport_get_transport_info
[INFO] [soap] soap_call "AVTransport" "GetPositionInfo" <InstanceID>0</InstanceID>
[INFO] [soap] assert_http_200 service=AVTransport action=GetPositionInfo handler=avtransport_get_position_info
[INFO] [runtime-heartbeat] t_ms=92097237 frame=14900 view=video player_state=loading media=1 return_home_pending=0 protocol_state=media-active owner=dlna generation=7 resource_desired=dlna-exclusive resource_applied=dlna-exclusive resource_transition=0 resource_failed=0 resource_age_ms=0 iptv_background=1,0 discovery_suspended=0 service_workers=0,0,0 service_age_ms=288438,51398,5364 media_queue=0 media_high=1 media_command=0 media_kind=0 media_producer=0 media_token=0 media_generation=0 media_command_age_ms=0 media_heartbeat_age_ms=4 media_full=0 media_stale=0 media_timeout=0 media_coalesced=0 media_accepting=1 media_lifecycle=0,1,0,1 log_queue=0 enqueued=1844 processed=1844 log_high=51 log_heartbeat_age_ms=255 log_waiting=1 queue_dropped=0 mirror_dropped=0 mirror_failures=0 mirror=1 worker=1 mdns_phase=stopped mdns_mode=0 mdns_running=0 mdns_suspended=0 ssdp_suspended=0 mdns_socket=0 mdns_heartbeat_age_ms=5365 mdns_select=34 mdns_recv=3 mdns_sent=8
[INFO] [network-heartbeat] threshold_ms=1500 mdns=fd:0,active:0,oldest:none/0,total:1089,max:201,error:0/none,hb:5365,overflow:0,underflow:0 ssdp=fd:1,active:1,oldest:select/14,total:2993,max:104,error:0/none,hb:14,overflow:0,underflow:0 dlna-http=fd:1,active:1,oldest:select/55,total:2722,max:256,error:0/none,hb:55,overflow:0,underflow:0 airplay-control=fd:0,active:0,oldest:none/0,total:1944,max:238,error:11/recv,hb:5365,overflow:0,underflow:0 iptv-background=fd:0,active:0,oldest:none/0,total:0,max:0,error:0/none,hb:0,overflow:0,underflow:0
[INFO] [soap] soap_call "AVTransport" "GetTransportInfo" <InstanceID>0</InstanceID>
[INFO] [soap] assert_http_200 service=AVTransport action=GetTransportInfo handler=avtransport_get_transport_info
[INFO] [soap] soap_call "AVTransport" "GetPositionInfo" <InstanceID>0</InstanceID>
[INFO] [soap] assert_http_200 service=AVTransport action=GetPositionInfo handler=avtransport_get_position_info
[INFO] [soap] soap_call "AVTransport" "GetTransportInfo" <InstanceID>0</InstanceID>
[INFO] [soap] assert_http_200 service=AVTransport action=GetTransportInfo handler=avtransport_get_transport_info
[INFO] [soap] soap_call "AVTransport" "GetPositionInfo" <InstanceID>0</InstanceID>
[INFO] [soap] assert_http_200 service=AVTransport action=GetPositionInfo handler=avtransport_get_position_info
[INFO] [runtime-heartbeat] t_ms=92099237 frame=15020 view=video player_state=loading media=1 return_home_pending=0 protocol_state=media-active owner=dlna generation=7 resource_desired=dlna-exclusive resource_applied=dlna-exclusive resource_transition=0 resource_failed=0 resource_age_ms=0 iptv_background=1,0 discovery_suspended=0 service_workers=0,0,0 service_age_ms=290438,53398,7364 media_queue=0 media_high=1 media_command=0 media_kind=0 media_producer=0 media_token=0 media_generation=0 media_command_age_ms=0 media_heartbeat_age_ms=3 media_full=0 media_stale=0 media_timeout=0 media_coalesced=0 media_accepting=1 media_lifecycle=0,1,0,1 log_queue=0 enqueued=1854 processed=1854 log_high=51 log_heartbeat_age_ms=329 log_waiting=1 queue_dropped=0 mirror_dropped=0 mirror_failures=0 mirror=1 worker=1 mdns_phase=stopped mdns_mode=0 mdns_running=0 mdns_suspended=0 ssdp_suspended=0 mdns_socket=0 mdns_heartbeat_age_ms=7365 mdns_select=34 mdns_recv=3 mdns_sent=8
[INFO] [network-heartbeat] threshold_ms=1500 mdns=fd:0,active:0,oldest:none/0,total:1089,max:201,error:0/none,hb:7365,overflow:0,underflow:0 ssdp=fd:1,active:1,oldest:select/10,total:3032,max:104,error:0/none,hb:10,overflow:0,underflow:0 dlna-http=fd:1,active:1,oldest:select/29,total:2757,max:256,error:0/none,hb:29,overflow:0,underflow:0 airplay-control=fd:0,active:0,oldest:none/0,total:1944,max:238,error:11/recv,hb:7365,overflow:0,underflow:0 iptv-background=fd:0,active:0,oldest:none/0,total:0,max:0,error:0/none,hb:0,overflow:0,underflow:0
[INFO] [soap] soap_call "AVTransport" "GetTransportInfo" <InstanceID>0</InstanceID>
[INFO] [soap] assert_http_200 service=AVTransport action=GetTransportInfo handler=avtransport_get_transport_info
[INFO] [soap] soap_call "AVTransport" "GetPositionInfo" <InstanceID>0</InstanceID>
[INFO] [soap] assert_http_200 service=AVTransport action=GetPositionInfo handler=avtransport_get_position_info
[INFO] [soap] soap_call "AVTransport" "GetPositionInfo" <InstanceID>0</InstanceID>
[INFO] [soap] assert_http_200 service=AVTransport action=GetPositionInfo handler=avtransport_get_position_info
[INFO] [soap] soap_call "AVTransport" "GetTransportInfo" <InstanceID>0</InstanceID>
[INFO] [soap] assert_http_200 service=AVTransport action=GetTransportInfo handler=avtransport_get_transport_info
[INFO] [runtime-heartbeat] t_ms=92101237 frame=15140 view=video player_state=loading media=1 return_home_pending=0 protocol_state=media-active owner=dlna generation=7 resource_desired=dlna-exclusive resource_applied=dlna-exclusive resource_transition=0 resource_failed=0 resource_age_ms=0 iptv_background=1,0 discovery_suspended=0 service_workers=0,0,0 service_age_ms=292438,55398,9364 media_queue=0 media_high=1 media_command=0 media_kind=0 media_producer=0 media_token=0 media_generation=0 media_command_age_ms=0 media_heartbeat_age_ms=1 media_full=0 media_stale=0 media_timeout=0 media_coalesced=0 media_accepting=1 media_lifecycle=0,1,0,1 log_queue=0 enqueued=1864 processed=1864 log_high=51 log_heartbeat_age_ms=332 log_waiting=1 queue_dropped=0 mirror_dropped=0 mirror_failures=0 mirror=1 worker=1 mdns_phase=stopped mdns_mode=0 mdns_running=0 mdns_suspended=0 ssdp_suspended=0 mdns_socket=0 mdns_heartbeat_age_ms=9365 mdns_select=34 mdns_recv=3 mdns_sent=8
[INFO] [network-heartbeat] threshold_ms=1500 mdns=fd:0,active:0,oldest:none/0,total:1089,max:201,error:0/none,hb:9365,overflow:0,underflow:0 ssdp=fd:1,active:1,oldest:select/83,total:3118,max:104,error:0/none,hb:83,overflow:0,underflow:0 dlna-http=fd:1,active:1,oldest:select/33,total:2791,max:256,error:0/none,hb:33,overflow:0,underflow:0 airplay-control=fd:0,active:0,oldest:none/0,total:1944,max:238,error:11/recv,hb:9365,overflow:0,underflow:0 iptv-background=fd:0,active:0,oldest:none/0,total:0,max:0,error:0/none,hb:0,overflow:0,underflow:0
[INFO] [soap] soap_call "AVTransport" "GetTransportInfo" <InstanceID>0</InstanceID>
[INFO] [soap] assert_http_200 service=AVTransport action=GetTransportInfo handler=avtransport_get_transport_info
[INFO] [soap] soap_call "AVTransport" "GetPositionInfo" <InstanceID>0</InstanceID>
[INFO] [soap] assert_http_200 service=AVTransport action=GetPositionInfo handler=avtransport_get_position_info
[INFO] [soap] soap_call "AVTransport" "GetPositionInfo" <InstanceID>0</InstanceID>
[INFO] [soap] assert_http_200 service=AVTransport action=GetPositionInfo handler=avtransport_get_position_info
[INFO] [soap] soap_call "AVTransport" "GetTransportInfo" <InstanceID>0</InstanceID>
[INFO] [soap] assert_http_200 service=AVTransport action=GetTransportInfo handler=avtransport_get_transport_info
[INFO] [runtime-heartbeat] t_ms=92103237 frame=15260 view=video player_state=loading media=1 return_home_pending=0 protocol_state=media-active owner=dlna generation=7 resource_desired=dlna-exclusive resource_applied=dlna-exclusive resource_transition=0 resource_failed=0 resource_age_ms=0 iptv_background=1,0 discovery_suspended=0 service_workers=0,0,0 service_age_ms=294438,57398,11364 media_queue=0 media_high=1 media_command=0 media_kind=0 media_producer=0 media_token=0 media_generation=0 media_command_age_ms=0 media_heartbeat_age_ms=0 media_full=0 media_stale=0 media_timeout=0 media_coalesced=0 media_accepting=1 media_lifecycle=0,1,0,1 log_queue=0 enqueued=1874 processed=1874 log_high=51 log_heartbeat_age_ms=332 log_waiting=1 queue_dropped=0 mirror_dropped=0 mirror_failures=0 mirror=1 worker=1 mdns_phase=stopped mdns_mode=0 mdns_running=0 mdns_suspended=0 ssdp_suspended=0 mdns_socket=0 mdns_heartbeat_age_ms=11365 mdns_select=34 mdns_recv=3 mdns_sent=8
[INFO] [network-heartbeat] threshold_ms=1500 mdns=fd:0,active:0,oldest:none/0,total:1089,max:201,error:0/none,hb:11365,overflow:0,underflow:0 ssdp=fd:1,active:1,oldest:select/82,total:3138,max:104,error:0/none,hb:82,overflow:0,underflow:0 dlna-http=fd:1,active:1,oldest:select/32,total:2825,max:256,error:0/none,hb:32,overflow:0,underflow:0 airplay-control=fd:0,active:0,oldest:none/0,total:1944,max:238,error:11/recv,hb:11365,overflow:0,underflow:0 iptv-background=fd:0,active:0,oldest:none/0,total:0,max:0,error:0/none,hb:0,overflow:0,underflow:0
[INFO] [soap] soap_call "AVTransport" "GetTransportInfo" <InstanceID>0</InstanceID>
[INFO] [soap] assert_http_200 service=AVTransport action=GetTransportInfo handler=avtransport_get_transport_info
[INFO] [soap] soap_call "AVTransport" "GetPositionInfo" <InstanceID>0</InstanceID>
[INFO] [soap] assert_http_200 service=AVTransport action=GetPositionInfo handler=avtransport_get_position_info
[INFO] [soap] soap_call "AVTransport" "GetTransportInfo" <InstanceID>0</InstanceID>
[INFO] [soap] assert_http_200 service=AVTransport action=GetTransportInfo handler=avtransport_get_transport_info
[INFO] [soap] soap_call "AVTransport" "GetPositionInfo" <InstanceID>0</InstanceID>
[INFO] [soap] assert_http_200 service=AVTransport action=GetPositionInfo handler=avtransport_get_position_info
[INFO] [runtime-heartbeat] t_ms=92105237 frame=15380 view=video player_state=loading media=1 return_home_pending=0 protocol_state=media-active owner=dlna generation=7 resource_desired=dlna-exclusive resource_applied=dlna-exclusive resource_transition=0 resource_failed=0 resource_age_ms=0 iptv_background=1,0 discovery_suspended=0 service_workers=0,0,0 service_age_ms=296438,59398,13364 media_queue=0 media_high=1 media_command=0 media_kind=0 media_producer=0 media_token=0 media_generation=0 media_command_age_ms=0 media_heartbeat_age_ms=9 media_full=0 media_stale=0 media_timeout=0 media_coalesced=0 media_accepting=1 media_lifecycle=0,1,0,1 log_queue=0 enqueued=1884 processed=1884 log_high=51 log_heartbeat_age_ms=268 log_waiting=1 queue_dropped=0 mirror_dropped=0 mirror_failures=0 mirror=1 worker=1 mdns_phase=stopped mdns_mode=0 mdns_running=0 mdns_suspended=0 ssdp_suspended=0 mdns_socket=0 mdns_heartbeat_age_ms=13365 mdns_select=34 mdns_recv=3 mdns_sent=8
[INFO] [network-heartbeat] threshold_ms=1500 mdns=fd:0,active:0,oldest:none/0,total:1089,max:201,error:0/none,hb:13365,overflow:0,underflow:0 ssdp=fd:1,active:1,oldest:select/80,total:3158,max:104,error:0/none,hb:80,overflow:0,underflow:0 dlna-http=fd:1,active:1,oldest:select/67,total:2859,max:256,error:0/none,hb:67,overflow:0,underflow:0 airplay-control=fd:0,active:0,oldest:none/0,total:1944,max:238,error:11/recv,hb:13365,overflow:0,underflow:0 iptv-background=fd:0,active:0,oldest:none/0,total:0,max:0,error:0/none,hb:0,overflow:0,underflow:0
[INFO] [soap] soap_call "AVTransport" "GetTransportInfo" <InstanceID>0</InstanceID>
[INFO] [soap] assert_http_200 service=AVTransport action=GetTransportInfo handler=avtransport_get_transport_info
[INFO] [soap] soap_call "AVTransport" "GetPositionInfo" <InstanceID>0</InstanceID>
[INFO] [soap] assert_http_200 service=AVTransport action=GetPositionInfo handler=avtransport_get_position_info
[INFO] [soap] soap_call "AVTransport" "GetTransportInfo" <InstanceID>0</InstanceID>
[INFO] [soap] assert_http_200 service=AVTransport action=GetTransportInfo handler=avtransport_get_transport_info
[INFO] [soap] soap_call "AVTransport" "GetPositionInfo" <InstanceID>0</InstanceID>
[INFO] [soap] assert_http_200 service=AVTransport action=GetPositionInfo handler=avtransport_get_position_info
[INFO] [runtime-heartbeat] t_ms=92107237 frame=15500 view=video player_state=loading media=1 return_home_pending=0 protocol_state=media-active owner=dlna generation=7 resource_desired=dlna-exclusive resource_applied=dlna-exclusive resource_transition=0 resource_failed=0 resource_age_ms=0 iptv_background=1,0 discovery_suspended=0 service_workers=0,0,0 service_age_ms=298438,61398,15364 media_queue=0 media_high=1 media_command=0 media_kind=0 media_producer=0 media_token=0 media_generation=0 media_command_age_ms=0 media_heartbeat_age_ms=7 media_full=0 media_stale=0 media_timeout=0 media_coalesced=0 media_accepting=1 media_lifecycle=0,1,0,1 log_queue=0 enqueued=1894 processed=1894 log_high=51 log_heartbeat_age_ms=328 log_waiting=1 queue_dropped=0 mirror_dropped=0 mirror_failures=0 mirror=1 worker=1 mdns_phase=stopped mdns_mode=0 mdns_running=0 mdns_suspended=0 ssdp_suspended=0 mdns_socket=0 mdns_heartbeat_age_ms=15365 mdns_select=34 mdns_recv=3 mdns_sent=8
[INFO] [network-heartbeat] threshold_ms=1500 mdns=fd:0,active:0,oldest:none/0,total:1089,max:201,error:0/none,hb:15365,overflow:0,underflow:0 ssdp=fd:1,active:1,oldest:select/77,total:3190,max:104,error:0/none,hb:77,overflow:0,underflow:0 dlna-http=fd:1,active:1,oldest:select/28,total:2895,max:256,error:0/none,hb:28,overflow:0,underflow:0 airplay-control=fd:0,active:0,oldest:none/0,total:1944,max:238,error:11/recv,hb:15365,overflow:0,underflow:0 iptv-background=fd:0,active:0,oldest:none/0,total:0,max:0,error:0/none,hb:0,overflow:0,underflow:0
[INFO] [soap] soap_call "AVTransport" "GetTransportInfo" <InstanceID>0</InstanceID>
[INFO] [soap] assert_http_200 service=AVTransport action=GetTransportInfo handler=avtransport_get_transport_info
[INFO] [soap] soap_call "AVTransport" "GetPositionInfo" <InstanceID>0</InstanceID>
[INFO] [soap] assert_http_200 service=AVTransport action=GetPositionInfo handler=avtransport_get_position_info
[INFO] [soap] soap_call "AVTransport" "GetTransportInfo" <InstanceID>0</InstanceID>
[INFO] [soap] assert_http_200 service=AVTransport action=GetTransportInfo handler=avtransport_get_transport_info
[INFO] [soap] soap_call "AVTransport" "GetPositionInfo" <InstanceID>0</InstanceID>
[INFO] [soap] assert_http_200 service=AVTransport action=GetPositionInfo handler=avtransport_get_position_info
[INFO] [runtime-heartbeat] t_ms=92109237 frame=15620 view=video player_state=loading media=1 return_home_pending=0 protocol_state=media-active owner=dlna generation=7 resource_desired=dlna-exclusive resource_applied=dlna-exclusive resource_transition=0 resource_failed=0 resource_age_ms=0 iptv_background=1,0 discovery_suspended=0 service_workers=0,0,0 service_age_ms=300438,63398,17364 media_queue=0 media_high=1 media_command=0 media_kind=0 media_producer=0 media_token=0 media_generation=0 media_command_age_ms=0 media_heartbeat_age_ms=6 media_full=0 media_stale=0 media_timeout=0 media_coalesced=0 media_accepting=1 media_lifecycle=0,1,0,1 log_queue=0 enqueued=1904 processed=1904 log_high=51 log_heartbeat_age_ms=328 log_waiting=1 queue_dropped=0 mirror_dropped=0 mirror_failures=0 mirror=1 worker=1 mdns_phase=stopped mdns_mode=0 mdns_running=0 mdns_suspended=0 ssdp_suspended=0 mdns_socket=0 mdns_heartbeat_age_ms=17365 mdns_select=34 mdns_recv=3 mdns_sent=8
[INFO] [network-heartbeat] threshold_ms=1500 mdns=fd:0,active:0,oldest:none/0,total:1089,max:201,error:0/none,hb:17365,overflow:0,underflow:0 ssdp=fd:1,active:1,oldest:select/76,total:3210,max:104,error:0/none,hb:76,overflow:0,underflow:0 dlna-http=fd:1,active:1,oldest:select/27,total:2930,max:256,error:0/none,hb:27,overflow:0,underflow:0 airplay-control=fd:0,active:0,oldest:none/0,total:1944,max:238,error:11/recv,hb:17365,overflow:0,underflow:0 iptv-background=fd:0,active:0,oldest:none/0,total:0,max:0,error:0/none,hb:0,overflow:0,underflow:0
[INFO] [soap] soap_call "AVTransport" "GetPositionInfo" <InstanceID>0</InstanceID>
[INFO] [soap] assert_http_200 service=AVTransport action=GetPositionInfo handler=avtransport_get_position_info
[INFO] [soap] soap_call "AVTransport" "GetTransportInfo" <InstanceID>0</InstanceID>
[INFO] [soap] assert_http_200 service=AVTransport action=GetTransportInfo handler=avtransport_get_transport_info
[INFO] [soap] soap_call "AVTransport" "GetTransportInfo" <InstanceID>0</InstanceID>
[INFO] [soap] assert_http_200 service=AVTransport action=GetTransportInfo handler=avtransport_get_transport_info
[INFO] [soap] soap_call "AVTransport" "GetPositionInfo" <InstanceID>0</InstanceID>
[INFO] [soap] assert_http_200 service=AVTransport action=GetPositionInfo handler=avtransport_get_position_info
[INFO] [runtime-heartbeat] t_ms=92111237 frame=15740 view=video player_state=loading media=1 return_home_pending=0 protocol_state=media-active owner=dlna generation=7 resource_desired=dlna-exclusive resource_applied=dlna-exclusive resource_transition=0 resource_failed=0 resource_age_ms=0 iptv_background=1,0 discovery_suspended=0 service_workers=0,0,0 service_age_ms=302438,65398,19364 media_queue=0 media_high=1 media_command=0 media_kind=0 media_producer=0 media_token=0 media_generation=0 media_command_age_ms=0 media_heartbeat_age_ms=5 media_full=0 media_stale=0 media_timeout=0 media_coalesced=0 media_accepting=1 media_lifecycle=0,1,0,1 log_queue=0 enqueued=1914 processed=1914 log_high=51 log_heartbeat_age_ms=330 log_waiting=1 queue_dropped=0 mirror_dropped=0 mirror_failures=0 mirror=1 worker=1 mdns_phase=stopped mdns_mode=0 mdns_running=0 mdns_suspended=0 ssdp_suspended=0 mdns_socket=0 mdns_heartbeat_age_ms=19365 mdns_select=34 mdns_recv=3 mdns_sent=8
[INFO] [network-heartbeat] threshold_ms=1500 mdns=fd:0,active:0,oldest:none/0,total:1089,max:201,error:0/none,hb:19365,overflow:0,underflow:0 ssdp=fd:1,active:1,oldest:select/75,total:3230,max:104,error:0/none,hb:75,overflow:0,underflow:0 dlna-http=fd:1,active:1,oldest:select/29,total:2964,max:256,error:0/none,hb:29,overflow:0,underflow:0 airplay-control=fd:0,active:0,oldest:none/0,total:1944,max:238,error:11/recv,hb:19365,overflow:0,underflow:0 iptv-background=fd:0,active:0,oldest:none/0,total:0,max:0,error:0/none,hb:0,overflow:0,underflow:0
[INFO] [soap] soap_call "AVTransport" "GetPositionInfo" <InstanceID>0</InstanceID>
[INFO] [soap] assert_http_200 service=AVTransport action=GetPositionInfo handler=avtransport_get_position_info
[INFO] [soap] soap_call "AVTransport" "GetTransportInfo" <InstanceID>0</InstanceID>
[INFO] [soap] assert_http_200 service=AVTransport action=GetTransportInfo handler=avtransport_get_transport_info
[INFO] [soap] soap_call "AVTransport" "GetPositionInfo" <InstanceID>0</InstanceID>
[INFO] [soap] assert_http_200 service=AVTransport action=GetPositionInfo handler=avtransport_get_position_info
[INFO] [soap] soap_call "AVTransport" "GetTransportInfo" <InstanceID>0</InstanceID>
[INFO] [soap] assert_http_200 service=AVTransport action=GetTransportInfo handler=avtransport_get_transport_info
[INFO] [runtime-heartbeat] t_ms=92113237 frame=15860 view=video player_state=loading media=1 return_home_pending=0 protocol_state=media-active owner=dlna generation=7 resource_desired=dlna-exclusive resource_applied=dlna-exclusive resource_transition=0 resource_failed=0 resource_age_ms=0 iptv_background=1,0 discovery_suspended=0 service_workers=0,0,0 service_age_ms=304438,67398,21364 media_queue=0 media_high=1 media_command=0 media_kind=0 media_producer=0 media_token=0 media_generation=0 media_command_age_ms=0 media_heartbeat_age_ms=3 media_full=0 media_stale=0 media_timeout=0 media_coalesced=0 media_accepting=1 media_lifecycle=0,1,0,1 log_queue=0 enqueued=1924 processed=1924 log_high=51 log_heartbeat_age_ms=281 log_waiting=1 queue_dropped=0 mirror_dropped=0 mirror_failures=0 mirror=1 worker=1 mdns_phase=stopped mdns_mode=0 mdns_running=0 mdns_suspended=0 ssdp_suspended=0 mdns_socket=0 mdns_heartbeat_age_ms=21365 mdns_select=34 mdns_recv=3 mdns_sent=8
[INFO] [network-heartbeat] threshold_ms=1500 mdns=fd:0,active:0,oldest:none/0,total:1089,max:201,error:0/none,hb:21365,overflow:0,underflow:0 ssdp=fd:1,active:1,oldest:select/74,total:3250,max:104,error:0/none,hb:74,overflow:0,underflow:0 dlna-http=fd:1,active:1,oldest:select/81,total:2998,max:256,error:0/none,hb:81,overflow:0,underflow:0 airplay-control=fd:0,active:0,oldest:none/0,total:1944,max:238,error:11/recv,hb:21365,overflow:0,underflow:0 iptv-background=fd:0,active:0,oldest:none/0,total:0,max:0,error:0/none,hb:0,overflow:0,underflow:0
[INFO] [soap] soap_call "AVTransport" "GetPositionInfo" <InstanceID>0</InstanceID>
[INFO] [soap] assert_http_200 service=AVTransport action=GetPositionInfo handler=avtransport_get_position_info
[INFO] [soap] soap_call "AVTransport" "GetTransportInfo" <InstanceID>0</InstanceID>
[INFO] [soap] assert_http_200 service=AVTransport action=GetTransportInfo handler=avtransport_get_transport_info
[INFO] [soap] soap_call "AVTransport" "GetPositionInfo" <InstanceID>0</InstanceID>
[INFO] [soap] assert_http_200 service=AVTransport action=GetPositionInfo handler=avtransport_get_position_info
[INFO] [soap] soap_call "AVTransport" "GetTransportInfo" <InstanceID>0</InstanceID>
[INFO] [soap] assert_http_200 service=AVTransport action=GetTransportInfo handler=avtransport_get_transport_info
[INFO] [runtime-heartbeat] t_ms=92115237 frame=15980 view=video player_state=loading media=1 return_home_pending=0 protocol_state=media-active owner=dlna generation=7 resource_desired=dlna-exclusive resource_applied=dlna-exclusive resource_transition=0 resource_failed=0 resource_age_ms=0 iptv_background=1,0 discovery_suspended=0 service_workers=0,0,0 service_age_ms=306438,69398,23364 media_queue=0 media_high=1 media_command=0 media_kind=0 media_producer=0 media_token=0 media_generation=0 media_command_age_ms=0 media_heartbeat_age_ms=2 media_full=0 media_stale=0 media_timeout=0 media_coalesced=0 media_accepting=1 media_lifecycle=0,1,0,1 log_queue=0 enqueued=1934 processed=1934 log_high=51 log_heartbeat_age_ms=134 log_waiting=1 queue_dropped=0 mirror_dropped=0 mirror_failures=0 mirror=1 worker=1 mdns_phase=stopped mdns_mode=0 mdns_running=0 mdns_suspended=0 ssdp_suspended=0 mdns_socket=0 mdns_heartbeat_age_ms=23365 mdns_select=34 mdns_recv=3 mdns_sent=8
[INFO] [network-heartbeat] threshold_ms=1500 mdns=fd:0,active:0,oldest:none/0,total:1089,max:201,error:0/none,hb:23365,overflow:0,underflow:0 ssdp=fd:1,active:1,oldest:select/73,total:3270,max:104,error:0/none,hb:73,overflow:0,underflow:0 dlna-http=fd:1,active:1,oldest:select/34,total:3033,max:256,error:0/none,hb:34,overflow:0,underflow:0 airplay-control=fd:0,active:0,oldest:none/0,total:1944,max:238,error:11/recv,hb:23365,overflow:0,underflow:0 iptv-background=fd:0,active:0,oldest:none/0,total:0,max:0,error:0/none,hb:0,overflow:0,underflow:0
[INFO] [soap] soap_call "AVTransport" "GetTransportInfo" <InstanceID>0</InstanceID>
[INFO] [soap] assert_http_200 service=AVTransport action=GetTransportInfo handler=avtransport_get_transport_info
[INFO] [soap] soap_call "AVTransport" "GetPositionInfo" <InstanceID>0</InstanceID>
[INFO] [soap] assert_http_200 service=AVTransport action=GetPositionInfo handler=avtransport_get_position_info
[INFO] [soap] soap_call "AVTransport" "GetPositionInfo" <InstanceID>0</InstanceID>
[INFO] [soap] assert_http_200 service=AVTransport action=GetPositionInfo handler=avtransport_get_position_info
[INFO] [soap] soap_call "AVTransport" "GetTransportInfo" <InstanceID>0</InstanceID>
[INFO] [soap] assert_http_200 service=AVTransport action=GetTransportInfo handler=avtransport_get_transport_info
[INFO] [player-libmpv][cplayer]  (+) Video --vid=1 (*) (h264 1280x720 30.000fps)
[INFO] [player-libmpv][cplayer]  (+) Audio --aid=1 (*) (aac 2ch 44100Hz)
[INFO] [player-libmpv][display-tags] File tags:
[INFO] [player-libmpv][display-tags]  Description: Bilibili VXCode Swarm Transcoder v1.3.33
[INFO] [media-trace] seq=6 t_ms=25319 layer=libmpv action=mpv-file-loaded phase=event url_hash=6bfb0e00 detail=- url=<URL_REDACTED>
[INFO] [player-libmpv] file-loaded uri=<URL_REDACTED>
[INFO] [media-trace] seq=6 t_ms=25319 layer=libmpv action=Play phase=dispatch url_hash=6bfb0e00 detail=file-loaded-autoplay url=<URL_REDACTED>
[INFO] [runtime-heartbeat] t_ms=92117237 frame=16100 view=video player_state=loading media=1 return_home_pending=0 protocol_state=media-active owner=dlna generation=7 resource_desired=dlna-exclusive resource_applied=dlna-exclusive resource_transition=0 resource_failed=0 resource_age_ms=0 iptv_background=1,0 discovery_suspended=0 service_workers=0,0,0 service_age_ms=308438,71398,25364 media_queue=0 media_high=1 media_command=0 media_kind=0 media_producer=0 media_token=0 media_generation=0 media_command_age_ms=0 media_heartbeat_age_ms=7 media_full=0 media_stale=0 media_timeout=0 media_coalesced=0 media_accepting=1 media_lifecycle=0,1,0,1 log_queue=0 enqueued=1951 processed=1951 log_high=51 log_heartbeat_age_ms=57 log_waiting=1 queue_dropped=0 mirror_dropped=0 mirror_failures=0 mirror=1 worker=1 mdns_phase=stopped mdns_mode=0 mdns_running=0 mdns_suspended=0 ssdp_suspended=0 mdns_socket=0 mdns_heartbeat_age_ms=25365 mdns_select=34 mdns_recv=3 mdns_sent=8
[INFO] [network-heartbeat] threshold_ms=1500 mdns=fd:0,active:0,oldest:none/0,total:1089,max:201,error:0/none,hb:25365,overflow:0,underflow:0 ssdp=fd:1,active:1,oldest:select/72,total:3290,max:104,error:0/none,hb:72,overflow:0,underflow:0 dlna-http=fd:1,active:1,oldest:select/18,total:3068,max:256,error:0/none,hb:18,overflow:0,underflow:0 airplay-control=fd:0,active:0,oldest:none/0,total:1944,max:238,error:11/recv,hb:25365,overflow:0,underflow:0 iptv-background=fd:0,active:0,oldest:none/0,total:0,max:0,error:0/none,hb:0,overflow:0,underflow:0
[INFO] [player-libmpv][vd] Using hardware decoding (nvtegra).
[INFO] [player-libmpv][cplayer] AO: [hos] 44100Hz stereo 2ch s16
[INFO] [player-libmpv][cplayer] VO: [libmpv] 1280x720 nvtegra[nv12]
[INFO] [media-trace] seq=6 t_ms=25811 layer=libmpv action=mpv-playback-restart phase=event url_hash=6bfb0e00 detail=- url=<URL_REDACTED>
[INFO] [media-trace] seq=6 t_ms=25811 layer=libmpv action=startup-gate phase=seek-window url_hash=6bfb0e00 detail=open url=<URL_REDACTED>
[INFO] [soap] soap_call "AVTransport" "GetPositionInfo" <InstanceID>0</InstanceID>
[INFO] [soap] assert_http_200 service=AVTransport action=GetPositionInfo handler=avtransport_get_position_info
[INFO] [soap] soap_call "AVTransport" "GetTransportInfo" <InstanceID>0</InstanceID>
[INFO] [soap] assert_http_200 service=AVTransport action=GetTransportInfo handler=avtransport_get_transport_info
[INFO] [media-trace] seq=6 t_ms=26166 layer=libmpv action=startup-gate phase=released url_hash=6bfb0e00 detail=initial-seek-window-expired url=<URL_REDACTED>
[INFO] [media-trace] seq=6 t_ms=26210 layer=render action=first-frame phase=presented url_hash=6bfb0e00 frame=16147 presented=16147
[INFO] [soap] soap_call "AVTransport" "GetTransportInfo" <InstanceID>0</InstanceID>
[INFO] [soap] assert_http_200 service=AVTransport action=GetTransportInfo handler=avtransport_get_transport_info
[INFO] [soap] soap_call "AVTransport" "GetPositionInfo" <InstanceID>0</InstanceID>
[INFO] [soap] assert_http_200 service=AVTransport action=GetPositionInfo handler=avtransport_get_position_info
[INFO] [soap] soap_call "AVTransport" "Seek" <InstanceID>0</InstanceID> <Unit>REL_TIME</Unit> <Target>0:00:13</Target>
[INFO] [media-trace] seq=6 t_ms=27061 layer=soap action=Seek phase=begin url_hash=6bfb0e00 detail=00:00:13 url=<URL_REDACTED>
[INFO] [media-trace] seq=6 t_ms=27061 layer=libmpv action=Seek phase=dispatch url_hash=6bfb0e00 detail=13.000 url=<URL_REDACTED>
[INFO] [media-trace] seq=6 t_ms=27062 layer=soap action=Seek phase=done url_hash=6bfb0e00 detail=00:00:13 url=<URL_REDACTED>
[INFO] [soap] assert_http_200 service=AVTransport action=Seek handler=avtransport_seek
[INFO] [runtime-heartbeat] t_ms=92119237 frame=16195 view=video player_state=seeking media=1 return_home_pending=0 protocol_state=media-active owner=dlna generation=7 resource_desired=dlna-exclusive resource_applied=dlna-exclusive resource_transition=0 resource_failed=0 resource_age_ms=0 iptv_background=1,0 discovery_suspended=0 service_workers=0,0,0 service_age_ms=310438,73398,27364 media_queue=0 media_high=1 media_command=0 media_kind=0 media_producer=0 media_token=0 media_generation=0 media_command_age_ms=0 media_heartbeat_age_ms=4 media_full=0 media_stale=0 media_timeout=0 media_coalesced=0 media_accepting=1 media_lifecycle=0,1,0,1 log_queue=0 enqueued=1973 processed=1973 log_high=51 log_heartbeat_age_ms=314 log_waiting=1 queue_dropped=0 mirror_dropped=0 mirror_failures=0 mirror=1 worker=1 mdns_phase=stopped mdns_mode=0 mdns_running=0 mdns_suspended=0 ssdp_suspended=0 mdns_socket=0 mdns_heartbeat_age_ms=27365 mdns_select=34 mdns_recv=3 mdns_sent=8
[INFO] [network-heartbeat] threshold_ms=1500 mdns=fd:0,active:0,oldest:none/0,total:1089,max:201,error:0/none,hb:27365,overflow:0,underflow:0 ssdp=fd:1,active:1,oldest:select/71,total:3310,max:104,error:0/none,hb:71,overflow:0,underflow:0 dlna-http=fd:1,active:1,oldest:select/15,total:3106,max:256,error:0/none,hb:15,overflow:0,underflow:0 airplay-control=fd:0,active:0,oldest:none/0,total:1944,max:238,error:11/recv,hb:27365,overflow:0,underflow:0 iptv-background=fd:0,active:0,oldest:none/0,total:0,max:0,error:0/none,hb:0,overflow:0,underflow:0
[INFO] [soap] soap_call "AVTransport" "GetPositionInfo" <InstanceID>0</InstanceID>
[INFO] [soap] assert_http_200 service=AVTransport action=GetPositionInfo handler=avtransport_get_position_info
[INFO] [soap] soap_call "AVTransport" "GetTransportInfo" <InstanceID>0</InstanceID>
[INFO] [soap] assert_http_200 service=AVTransport action=GetTransportInfo handler=avtransport_get_transport_info
[INFO] [soap] soap_call "AVTransport" "GetPositionInfo" <InstanceID>0</InstanceID>
[INFO] [soap] assert_http_200 service=AVTransport action=GetPositionInfo handler=avtransport_get_position_info
[INFO] [soap] soap_call "AVTransport" "GetTransportInfo" <InstanceID>0</InstanceID>
[INFO] [soap] assert_http_200 service=AVTransport action=GetTransportInfo handler=avtransport_get_transport_info
[INFO] [runtime-heartbeat] t_ms=92121237 frame=16315 view=video player_state=seeking media=1 return_home_pending=0 protocol_state=media-active owner=dlna generation=7 resource_desired=dlna-exclusive resource_applied=dlna-exclusive resource_transition=0 resource_failed=0 resource_age_ms=0 iptv_background=1,0 discovery_suspended=0 service_workers=0,0,0 service_age_ms=312438,75398,29364 media_queue=0 media_high=1 media_command=0 media_kind=0 media_producer=0 media_token=0 media_generation=0 media_command_age_ms=0 media_heartbeat_age_ms=2 media_full=0 media_stale=0 media_timeout=0 media_coalesced=0 media_accepting=1 media_lifecycle=0,1,0,1 log_queue=0 enqueued=1983 processed=1983 log_high=51 log_heartbeat_age_ms=329 log_waiting=1 queue_dropped=0 mirror_dropped=0 mirror_failures=0 mirror=1 worker=1 mdns_phase=stopped mdns_mode=0 mdns_running=0 mdns_suspended=0 ssdp_suspended=0 mdns_socket=0 mdns_heartbeat_age_ms=29365 mdns_select=34 mdns_recv=3 mdns_sent=8
[INFO] [network-heartbeat] threshold_ms=1500 mdns=fd:0,active:0,oldest:none/0,total:1089,max:201,error:0/none,hb:29365,overflow:0,underflow:0 ssdp=fd:1,active:1,oldest:select/13,total:3334,max:104,error:0/none,hb:13,overflow:0,underflow:0 dlna-http=fd:1,active:1,oldest:select/29,total:3140,max:256,error:0/none,hb:29,overflow:0,underflow:0 airplay-control=fd:0,active:0,oldest:none/0,total:1944,max:238,error:11/recv,hb:29365,overflow:0,underflow:0 iptv-background=fd:0,active:0,oldest:none/0,total:0,max:0,error:0/none,hb:0,overflow:0,underflow:0
[INFO] [soap] soap_call "AVTransport" "GetPositionInfo" <InstanceID>0</InstanceID>
[INFO] [soap] assert_http_200 service=AVTransport action=GetPositionInfo handler=avtransport_get_position_info
[INFO] [soap] soap_call "AVTransport" "GetTransportInfo" <InstanceID>0</InstanceID>
[INFO] [soap] assert_http_200 service=AVTransport action=GetTransportInfo handler=avtransport_get_transport_info
[INFO] [soap] soap_call "AVTransport" "GetTransportInfo" <InstanceID>0</InstanceID>
[INFO] [soap] assert_http_200 service=AVTransport action=GetTransportInfo handler=avtransport_get_transport_info
[INFO] [soap] soap_call "AVTransport" "GetPositionInfo" <InstanceID>0</InstanceID>
[INFO] [soap] assert_http_200 service=AVTransport action=GetPositionInfo handler=avtransport_get_position_info
[INFO] [runtime-heartbeat] t_ms=92123237 frame=16435 view=video player_state=seeking media=1 return_home_pending=0 protocol_state=media-active owner=dlna generation=7 resource_desired=dlna-exclusive resource_applied=dlna-exclusive resource_transition=0 resource_failed=0 resource_age_ms=0 iptv_background=1,0 discovery_suspended=0 service_workers=0,0,0 service_age_ms=314438,77398,31364 media_queue=0 media_high=1 media_command=0 media_kind=0 media_producer=0 media_token=0 media_generation=0 media_command_age_ms=0 media_heartbeat_age_ms=1 media_full=0 media_stale=0 media_timeout=0 media_coalesced=0 media_accepting=1 media_lifecycle=0,1,0,1 log_queue=0 enqueued=1993 processed=1993 log_high=51 log_heartbeat_age_ms=331 log_waiting=1 queue_dropped=0 mirror_dropped=0 mirror_failures=0 mirror=1 worker=1 mdns_phase=stopped mdns_mode=0 mdns_running=0 mdns_suspended=0 ssdp_suspended=0 mdns_socket=0 mdns_heartbeat_age_ms=31365 mdns_select=34 mdns_recv=3 mdns_sent=8
[INFO] [network-heartbeat] threshold_ms=1500 mdns=fd:0,active:0,oldest:none/0,total:1089,max:201,error:0/none,hb:31365,overflow:0,underflow:0 ssdp=fd:1,active:1,oldest:select/65,total:3357,max:104,error:0/none,hb:65,overflow:0,underflow:0 dlna-http=fd:1,active:1,oldest:select/30,total:3174,max:256,error:0/none,hb:30,overflow:0,underflow:0 airplay-control=fd:0,active:0,oldest:none/0,total:1944,max:238,error:11/recv,hb:31365,overflow:0,underflow:0 iptv-background=fd:0,active:0,oldest:none/0,total:0,max:0,error:0/none,hb:0,overflow:0,underflow:0
[INFO] [soap] soap_call "AVTransport" "GetTransportInfo" <InstanceID>0</InstanceID>
[INFO] [soap] assert_http_200 service=AVTransport action=GetTransportInfo handler=avtransport_get_transport_info
[INFO] [soap] soap_call "AVTransport" "GetPositionInfo" <InstanceID>0</InstanceID>
[INFO] [soap] assert_http_200 service=AVTransport action=GetPositionInfo handler=avtransport_get_position_info
[INFO] [soap] soap_call "AVTransport" "GetPositionInfo" <InstanceID>0</InstanceID>
[INFO] [soap] assert_http_200 service=AVTransport action=GetPositionInfo handler=avtransport_get_position_info
[INFO] [soap] soap_call "AVTransport" "GetTransportInfo" <InstanceID>0</InstanceID>
[INFO] [soap] assert_http_200 service=AVTransport action=GetTransportInfo handler=avtransport_get_transport_info
[INFO] [runtime-heartbeat] t_ms=92125237 frame=16555 view=video player_state=seeking media=1 return_home_pending=0 protocol_state=media-active owner=dlna generation=7 resource_desired=dlna-exclusive resource_applied=dlna-exclusive resource_transition=0 resource_failed=0 resource_age_ms=0 iptv_background=1,0 discovery_suspended=0 service_workers=0,0,0 service_age_ms=316438,79398,33364 media_queue=0 media_high=1 media_command=0 media_kind=0 media_producer=0 media_token=0 media_generation=0 media_command_age_ms=0 media_heartbeat_age_ms=9 media_full=0 media_stale=0 media_timeout=0 media_coalesced=0 media_accepting=1 media_lifecycle=0,1,0,1 log_queue=0 enqueued=2003 processed=2003 log_high=51 log_heartbeat_age_ms=298 log_waiting=1 queue_dropped=0 mirror_dropped=0 mirror_failures=0 mirror=1 worker=1 mdns_phase=stopped mdns_mode=0 mdns_running=0 mdns_suspended=0 ssdp_suspended=0 mdns_socket=0 mdns_heartbeat_age_ms=33365 mdns_select=34 mdns_recv=3 mdns_sent=8
[INFO] [network-heartbeat] threshold_ms=1500 mdns=fd:0,active:0,oldest:none/0,total:1089,max:201,error:0/none,hb:33365,overflow:0,underflow:0 ssdp=fd:1,active:1,oldest:select/64,total:3377,max:104,error:0/none,hb:64,overflow:0,underflow:0 dlna-http=fd:1,active:1,oldest:select/99,total:3209,max:256,error:0/none,hb:99,overflow:0,underflow:0 airplay-control=fd:0,active:0,oldest:none/0,total:1944,max:238,error:11/recv,hb:33365,overflow:0,underflow:0 iptv-background=fd:0,active:0,oldest:none/0,total:0,max:0,error:0/none,hb:0,overflow:0,underflow:0
[INFO] [soap] soap_call "AVTransport" "GetPositionInfo" <InstanceID>0</InstanceID>
[INFO] [soap] assert_http_200 service=AVTransport action=GetPositionInfo handler=avtransport_get_position_info
[INFO] [soap] soap_call "AVTransport" "GetTransportInfo" <InstanceID>0</InstanceID>
[INFO] [soap] assert_http_200 service=AVTransport action=GetTransportInfo handler=avtransport_get_transport_info
[INFO] [soap] soap_call "AVTransport" "GetPositionInfo" <InstanceID>0</InstanceID>
[INFO] [soap] assert_http_200 service=AVTransport action=GetPositionInfo handler=avtransport_get_position_info
[INFO] [soap] soap_call "AVTransport" "GetTransportInfo" <InstanceID>0</InstanceID>
[INFO] [soap] assert_http_200 service=AVTransport action=GetTransportInfo handler=avtransport_get_transport_info
[INFO] [runtime-heartbeat] t_ms=92127237 frame=16675 view=video player_state=seeking media=1 return_home_pending=0 protocol_state=media-active owner=dlna generation=7 resource_desired=dlna-exclusive resource_applied=dlna-exclusive resource_transition=0 resource_failed=0 resource_age_ms=0 iptv_background=1,0 discovery_suspended=0 service_workers=0,0,0 service_age_ms=318438,81398,35364 media_queue=0 media_high=1 media_command=0 media_kind=0 media_producer=0 media_token=0 media_generation=0 media_command_age_ms=0 media_heartbeat_age_ms=8 media_full=0 media_stale=0 media_timeout=0 media_coalesced=0 media_accepting=1 media_lifecycle=0,1,0,1 log_queue=0 enqueued=2013 processed=2013 log_high=51 log_heartbeat_age_ms=253 log_waiting=1 queue_dropped=0 mirror_dropped=0 mirror_failures=0 mirror=1 worker=1 mdns_phase=stopped mdns_mode=0 mdns_running=0 mdns_suspended=0 ssdp_suspended=0 mdns_socket=0 mdns_heartbeat_age_ms=35365 mdns_select=34 mdns_recv=3 mdns_sent=8
[INFO] [network-heartbeat] threshold_ms=1500 mdns=fd:0,active:0,oldest:none/0,total:1089,max:201,error:0/none,hb:35365,overflow:0,underflow:0 ssdp=fd:1,active:1,oldest:select/62,total:3397,max:104,error:0/none,hb:62,overflow:0,underflow:0 dlna-http=fd:1,active:1,oldest:select/53,total:3244,max:256,error:0/none,hb:53,overflow:0,underflow:0 airplay-control=fd:0,active:0,oldest:none/0,total:1944,max:238,error:11/recv,hb:35365,overflow:0,underflow:0 iptv-background=fd:0,active:0,oldest:none/0,total:0,max:0,error:0/none,hb:0,overflow:0,underflow:0
[INFO] [soap] soap_call "AVTransport" "GetTransportInfo" <InstanceID>0</InstanceID>
[INFO] [soap] assert_http_200 service=AVTransport action=GetTransportInfo handler=avtransport_get_transport_info
[INFO] [soap] soap_call "AVTransport" "GetPositionInfo" <InstanceID>0</InstanceID>
[INFO] [soap] assert_http_200 service=AVTransport action=GetPositionInfo handler=avtransport_get_position_info
[INFO] [soap] soap_call "AVTransport" "GetPositionInfo" <InstanceID>0</InstanceID>
[INFO] [soap] assert_http_200 service=AVTransport action=GetPositionInfo handler=avtransport_get_position_info
[INFO] [soap] soap_call "AVTransport" "GetTransportInfo" <InstanceID>0</InstanceID>
[INFO] [soap] assert_http_200 service=AVTransport action=GetTransportInfo handler=avtransport_get_transport_info
[INFO] [runtime-heartbeat] t_ms=92129237 frame=16795 view=video player_state=seeking media=1 return_home_pending=0 protocol_state=media-active owner=dlna generation=7 resource_desired=dlna-exclusive resource_applied=dlna-exclusive resource_transition=0 resource_failed=0 resource_age_ms=0 iptv_background=1,0 discovery_suspended=0 service_workers=0,0,0 service_age_ms=320438,83398,37364 media_queue=0 media_high=1 media_command=0 media_kind=0 media_producer=0 media_token=0 media_generation=0 media_command_age_ms=0 media_heartbeat_age_ms=7 media_full=0 media_stale=0 media_timeout=0 media_coalesced=0 media_accepting=1 media_lifecycle=0,1,0,1 log_queue=0 enqueued=2023 processed=2023 log_high=51 log_heartbeat_age_ms=335 log_waiting=1 queue_dropped=0 mirror_dropped=0 mirror_failures=0 mirror=1 worker=1 mdns_phase=stopped mdns_mode=0 mdns_running=0 mdns_suspended=0 ssdp_suspended=0 mdns_socket=0 mdns_heartbeat_age_ms=37365 mdns_select=34 mdns_recv=3 mdns_sent=8
[INFO] [network-heartbeat] threshold_ms=1500 mdns=fd:0,active:0,oldest:none/0,total:1089,max:201,error:0/none,hb:37365,overflow:0,underflow:0 ssdp=fd:1,active:1,oldest:select/7,total:3437,max:104,error:0/none,hb:7,overflow:0,underflow:0 dlna-http=fd:1,active:1,oldest:select/34,total:3279,max:256,error:0/none,hb:34,overflow:0,underflow:0 airplay-control=fd:0,active:0,oldest:none/0,total:1944,max:238,error:11/recv,hb:37365,overflow:0,underflow:0 iptv-background=fd:0,active:0,oldest:none/0,total:0,max:0,error:0/none,hb:0,overflow:0,underflow:0
[INFO] [soap] soap_call "AVTransport" "GetTransportInfo" <InstanceID>0</InstanceID>
[INFO] [soap] assert_http_200 service=AVTransport action=GetTransportInfo handler=avtransport_get_transport_info
[INFO] [soap] soap_call "AVTransport" "GetPositionInfo" <InstanceID>0</InstanceID>
[INFO] [soap] assert_http_200 service=AVTransport action=GetPositionInfo handler=avtransport_get_position_info
[INFO] [soap] soap_call "AVTransport" "GetPositionInfo" <InstanceID>0</InstanceID>
[INFO] [soap] assert_http_200 service=AVTransport action=GetPositionInfo handler=avtransport_get_position_info
[INFO] [soap] soap_call "AVTransport" "GetTransportInfo" <InstanceID>0</InstanceID>
[INFO] [soap] assert_http_200 service=AVTransport action=GetTransportInfo handler=avtransport_get_transport_info
[INFO] [runtime-heartbeat] t_ms=92131237 frame=16915 view=video player_state=seeking media=1 return_home_pending=0 protocol_state=media-active owner=dlna generation=7 resource_desired=dlna-exclusive resource_applied=dlna-exclusive resource_transition=0 resource_failed=0 resource_age_ms=0 iptv_background=1,0 discovery_suspended=0 service_workers=0,0,0 service_age_ms=322438,85398,39364 media_queue=0 media_high=1 media_command=0 media_kind=0 media_producer=0 media_token=0 media_generation=0 media_command_age_ms=0 media_heartbeat_age_ms=5 media_full=0 media_stale=0 media_timeout=0 media_coalesced=0 media_accepting=1 media_lifecycle=0,1,0,1 log_queue=0 enqueued=2033 processed=2033 log_high=51 log_heartbeat_age_ms=329 log_waiting=1 queue_dropped=0 mirror_dropped=0 mirror_failures=0 mirror=1 worker=1 mdns_phase=stopped mdns_mode=0 mdns_running=0 mdns_suspended=0 ssdp_suspended=0 mdns_socket=0 mdns_heartbeat_age_ms=39365 mdns_select=34 mdns_recv=3 mdns_sent=8
[INFO] [network-heartbeat] threshold_ms=1500 mdns=fd:0,active:0,oldest:none/0,total:1089,max:201,error:0/none,hb:39365,overflow:0,underflow:0 ssdp=fd:1,active:1,oldest:select/79,total:3523,max:104,error:0/none,hb:79,overflow:0,underflow:0 dlna-http=fd:1,active:1,oldest:select/28,total:3314,max:256,error:0/none,hb:28,overflow:0,underflow:0 airplay-control=fd:0,active:0,oldest:none/0,total:1944,max:238,error:11/recv,hb:39365,overflow:0,underflow:0 iptv-background=fd:0,active:0,oldest:none/0,total:0,max:0,error:0/none,hb:0,overflow:0,underflow:0
[INFO] [soap] soap_call "AVTransport" "GetPositionInfo" <InstanceID>0</InstanceID>
[INFO] [soap] assert_http_200 service=AVTransport action=GetPositionInfo handler=avtransport_get_position_info
[INFO] [soap] soap_call "AVTransport" "GetTransportInfo" <InstanceID>0</InstanceID>
[INFO] [soap] assert_http_200 service=AVTransport action=GetTransportInfo handler=avtransport_get_transport_info
[INFO] [soap] soap_call "AVTransport" "GetPositionInfo" <InstanceID>0</InstanceID>
[INFO] [soap] assert_http_200 service=AVTransport action=GetPositionInfo handler=avtransport_get_position_info
[INFO] [soap] soap_call "AVTransport" "GetTransportInfo" <InstanceID>0</InstanceID>
[INFO] [soap] assert_http_200 service=AVTransport action=GetTransportInfo handler=avtransport_get_transport_info
[INFO] [runtime-heartbeat] t_ms=92133237 frame=17035 view=video player_state=seeking media=1 return_home_pending=0 protocol_state=media-active owner=dlna generation=7 resource_desired=dlna-exclusive resource_applied=dlna-exclusive resource_transition=0 resource_failed=0 resource_age_ms=0 iptv_background=1,0 discovery_suspended=0 service_workers=0,0,0 service_age_ms=324438,87398,41364 media_queue=0 media_high=1 media_command=0 media_kind=0 media_producer=0 media_token=0 media_generation=0 media_command_age_ms=0 media_heartbeat_age_ms=4 media_full=0 media_stale=0 media_timeout=0 media_coalesced=0 media_accepting=1 media_lifecycle=0,1,0,1 log_queue=0 enqueued=2043 processed=2043 log_high=51 log_heartbeat_age_ms=313 log_waiting=1 queue_dropped=0 mirror_dropped=0 mirror_failures=0 mirror=1 worker=1 mdns_phase=stopped mdns_mode=0 mdns_running=0 mdns_suspended=0 ssdp_suspended=0 mdns_socket=0 mdns_heartbeat_age_ms=41365 mdns_select=34 mdns_recv=3 mdns_sent=8
[INFO] [network-heartbeat] threshold_ms=1500 mdns=fd:0,active:0,oldest:none/0,total:1089,max:201,error:0/none,hb:41365,overflow:0,underflow:0 ssdp=fd:1,active:1,oldest:select/78,total:3543,max:104,error:0/none,hb:78,overflow:0,underflow:0 dlna-http=fd:1,active:1,oldest:select/13,total:3349,max:256,error:0/none,hb:13,overflow:0,underflow:0 airplay-control=fd:0,active:0,oldest:none/0,total:1944,max:238,error:11/recv,hb:41365,overflow:0,underflow:0 iptv-background=fd:0,active:0,oldest:none/0,total:0,max:0,error:0/none,hb:0,overflow:0,underflow:0
[INFO] [soap] soap_call "AVTransport" "GetTransportInfo" <InstanceID>0</InstanceID>
[INFO] [soap] assert_http_200 service=AVTransport action=GetTransportInfo handler=avtransport_get_transport_info
[INFO] [soap] soap_call "AVTransport" "GetPositionInfo" <InstanceID>0</InstanceID>
[INFO] [soap] assert_http_200 service=AVTransport action=GetPositionInfo handler=avtransport_get_position_info
[INFO] [soap] soap_call "AVTransport" "GetPositionInfo" <InstanceID>0</InstanceID>
[INFO] [soap] assert_http_200 service=AVTransport action=GetPositionInfo handler=avtransport_get_position_info
[INFO] [soap] soap_call "AVTransport" "GetTransportInfo" <InstanceID>0</InstanceID>
[INFO] [soap] assert_http_200 service=AVTransport action=GetTransportInfo handler=avtransport_get_transport_info
[INFO] [runtime-heartbeat] t_ms=92135237 frame=17155 view=video player_state=seeking media=1 return_home_pending=0 protocol_state=media-active owner=dlna generation=7 resource_desired=dlna-exclusive resource_applied=dlna-exclusive resource_transition=0 resource_failed=0 resource_age_ms=0 iptv_background=1,0 discovery_suspended=0 service_workers=0,0,0 service_age_ms=326438,89398,43364 media_queue=0 media_high=1 media_command=0 media_kind=0 media_producer=0 media_token=0 media_generation=0 media_command_age_ms=0 media_heartbeat_age_ms=2 media_full=0 media_stale=0 media_timeout=0 media_coalesced=0 media_accepting=1 media_lifecycle=0,1,0,1 log_queue=0 enqueued=2053 processed=2053 log_high=51 log_heartbeat_age_ms=328 log_waiting=1 queue_dropped=0 mirror_dropped=0 mirror_failures=0 mirror=1 worker=1 mdns_phase=stopped mdns_mode=0 mdns_running=0 mdns_suspended=0 ssdp_suspended=0 mdns_socket=0 mdns_heartbeat_age_ms=43365 mdns_select=34 mdns_recv=3 mdns_sent=8
[INFO] [network-heartbeat] threshold_ms=1500 mdns=fd:0,active:0,oldest:none/0,total:1089,max:201,error:0/none,hb:43365,overflow:0,underflow:0 ssdp=fd:1,active:1,oldest:select/77,total:3563,max:104,error:0/none,hb:77,overflow:0,underflow:0 dlna-http=fd:1,active:1,oldest:select/28,total:3383,max:256,error:0/none,hb:28,overflow:0,underflow:0 airplay-control=fd:0,active:0,oldest:none/0,total:1944,max:238,error:11/recv,hb:43365,overflow:0,underflow:0 iptv-background=fd:0,active:0,oldest:none/0,total:0,max:0,error:0/none,hb:0,overflow:0,underflow:0
[INFO] [soap] soap_call "AVTransport" "GetPositionInfo" <InstanceID>0</InstanceID>
[INFO] [soap] assert_http_200 service=AVTransport action=GetPositionInfo handler=avtransport_get_position_info
[INFO] [soap] soap_call "AVTransport" "GetTransportInfo" <InstanceID>0</InstanceID>
[INFO] [soap] assert_http_200 service=AVTransport action=GetTransportInfo handler=avtransport_get_transport_info
[INFO] [soap] soap_call "AVTransport" "GetPositionInfo" <InstanceID>0</InstanceID>
[INFO] [soap] assert_http_200 service=AVTransport action=GetPositionInfo handler=avtransport_get_position_info
[INFO] [soap] soap_call "AVTransport" "GetTransportInfo" <InstanceID>0</InstanceID>
[INFO] [soap] assert_http_200 service=AVTransport action=GetTransportInfo handler=avtransport_get_transport_info
[INFO] [runtime-heartbeat] t_ms=92137237 frame=17275 view=video player_state=seeking media=1 return_home_pending=0 protocol_state=media-active owner=dlna generation=7 resource_desired=dlna-exclusive resource_applied=dlna-exclusive resource_transition=0 resource_failed=0 resource_age_ms=0 iptv_background=1,0 discovery_suspended=0 service_workers=0,0,0 service_age_ms=328438,91398,45364 media_queue=0 media_high=1 media_command=0 media_kind=0 media_producer=0 media_token=0 media_generation=0 media_command_age_ms=0 media_heartbeat_age_ms=1 media_full=0 media_stale=0 media_timeout=0 media_coalesced=0 media_accepting=1 media_lifecycle=0,1,0,1 log_queue=0 enqueued=2063 processed=2063 log_high=51 log_heartbeat_age_ms=315 log_waiting=1 queue_dropped=0 mirror_dropped=0 mirror_failures=0 mirror=1 worker=1 mdns_phase=stopped mdns_mode=0 mdns_running=0 mdns_suspended=0 ssdp_suspended=0 mdns_socket=0 mdns_heartbeat_age_ms=45365 mdns_select=34 mdns_recv=3 mdns_sent=8
[INFO] [network-heartbeat] threshold_ms=1500 mdns=fd:0,active:0,oldest:none/0,total:1089,max:201,error:0/none,hb:45365,overflow:0,underflow:0 ssdp=fd:1,active:1,oldest:select/74,total:3595,max:104,error:0/none,hb:74,overflow:0,underflow:0 dlna-http=fd:1,active:1,oldest:select/16,total:3418,max:256,error:0/none,hb:16,overflow:0,underflow:0 airplay-control=fd:0,active:0,oldest:none/0,total:1944,max:238,error:11/recv,hb:45365,overflow:0,underflow:0 iptv-background=fd:0,active:0,oldest:none/0,total:0,max:0,error:0/none,hb:0,overflow:0,underflow:0
[INFO] [soap] soap_call "AVTransport" "GetPositionInfo" <InstanceID>0</InstanceID>
[INFO] [soap] assert_http_200 service=AVTransport action=GetPositionInfo handler=avtransport_get_position_info
[INFO] [soap] soap_call "AVTransport" "GetTransportInfo" <InstanceID>0</InstanceID>
[INFO] [soap] assert_http_200 service=AVTransport action=GetTransportInfo handler=avtransport_get_transport_info
[INFO] [soap] soap_call "AVTransport" "GetTransportInfo" <InstanceID>0</InstanceID>
[INFO] [soap] assert_http_200 service=AVTransport action=GetTransportInfo handler=avtransport_get_transport_info
[INFO] [soap] soap_call "AVTransport" "GetPositionInfo" <InstanceID>0</InstanceID>
[INFO] [soap] assert_http_200 service=AVTransport action=GetPositionInfo handler=avtransport_get_position_info
[INFO] [runtime-heartbeat] t_ms=92139237 frame=17395 view=video player_state=seeking media=1 return_home_pending=0 protocol_state=media-active owner=dlna generation=7 resource_desired=dlna-exclusive resource_applied=dlna-exclusive resource_transition=0 resource_failed=0 resource_age_ms=0 iptv_background=1,0 discovery_suspended=0 service_workers=0,0,0 service_age_ms=330438,93398,47364 media_queue=0 media_high=1 media_command=0 media_kind=0 media_producer=0 media_token=0 media_generation=0 media_command_age_ms=0 media_heartbeat_age_ms=9 media_full=0 media_stale=0 media_timeout=0 media_coalesced=0 media_accepting=1 media_lifecycle=0,1,0,1 log_queue=0 enqueued=2073 processed=2073 log_high=51 log_heartbeat_age_ms=326 log_waiting=1 queue_dropped=0 mirror_dropped=0 mirror_failures=0 mirror=1 worker=1 mdns_phase=stopped mdns_mode=0 mdns_running=0 mdns_suspended=0 ssdp_suspended=0 mdns_socket=0 mdns_heartbeat_age_ms=47365 mdns_select=34 mdns_recv=3 mdns_sent=8
[INFO] [network-heartbeat] threshold_ms=1500 mdns=fd:0,active:0,oldest:none/0,total:1089,max:201,error:0/none,hb:47365,overflow:0,underflow:0 ssdp=fd:1,active:1,oldest:select/73,total:3615,max:104,error:0/none,hb:73,overflow:0,underflow:0 dlna-http=fd:1,active:1,oldest:select/26,total:3452,max:256,error:0/none,hb:26,overflow:0,underflow:0 airplay-control=fd:0,active:0,oldest:none/0,total:1944,max:238,error:11/recv,hb:47366,overflow:0,underflow:0 iptv-background=fd:0,active:0,oldest:none/0,total:0,max:0,error:0/none,hb:0,overflow:0,underflow:0
[INFO] [soap] soap_call "AVTransport" "GetPositionInfo" <InstanceID>0</InstanceID>
[INFO] [soap] assert_http_200 service=AVTransport action=GetPositionInfo handler=avtransport_get_position_info
[INFO] [soap] soap_call "AVTransport" "GetTransportInfo" <InstanceID>0</InstanceID>
[INFO] [soap] assert_http_200 service=AVTransport action=GetTransportInfo handler=avtransport_get_transport_info
[INFO] [soap] soap_call "AVTransport" "GetTransportInfo" <InstanceID>0</InstanceID>
[INFO] [soap] assert_http_200 service=AVTransport action=GetTransportInfo handler=avtransport_get_transport_info
[INFO] [soap] soap_call "AVTransport" "GetPositionInfo" <InstanceID>0</InstanceID>
[INFO] [soap] assert_http_200 service=AVTransport action=GetPositionInfo handler=avtransport_get_position_info
[INFO] [runtime-heartbeat] t_ms=92141237 frame=17515 view=video player_state=seeking media=1 return_home_pending=0 protocol_state=media-active owner=dlna generation=7 resource_desired=dlna-exclusive resource_applied=dlna-exclusive resource_transition=0 resource_failed=0 resource_age_ms=0 iptv_background=1,0 discovery_suspended=0 service_workers=0,0,0 service_age_ms=332438,95398,49364 media_queue=0 media_high=1 media_command=0 media_kind=0 media_producer=0 media_token=0 media_generation=0 media_command_age_ms=0 media_heartbeat_age_ms=8 media_full=0 media_stale=0 media_timeout=0 media_coalesced=0 media_accepting=1 media_lifecycle=0,1,0,1 log_queue=0 enqueued=2083 processed=2083 log_high=51 log_heartbeat_age_ms=120 log_waiting=1 queue_dropped=0 mirror_dropped=0 mirror_failures=0 mirror=1 worker=1 mdns_phase=stopped mdns_mode=0 mdns_running=0 mdns_suspended=0 ssdp_suspended=0 mdns_socket=0 mdns_heartbeat_age_ms=49365 mdns_select=34 mdns_recv=3 mdns_sent=8
[INFO] [network-heartbeat] threshold_ms=1500 mdns=fd:0,active:0,oldest:none/0,total:1089,max:201,error:0/none,hb:49365,overflow:0,underflow:0 ssdp=fd:1,active:1,oldest:select/73,total:3635,max:104,error:0/none,hb:73,overflow:0,underflow:0 dlna-http=fd:1,active:1,oldest:select/21,total:3487,max:256,error:0/none,hb:21,overflow:0,underflow:0 airplay-control=fd:0,active:0,oldest:none/0,total:1944,max:238,error:11/recv,hb:49366,overflow:0,underflow:0 iptv-background=fd:0,active:0,oldest:none/0,total:0,max:0,error:0/none,hb:0,overflow:0,underflow:0
[INFO] [soap] soap_call "AVTransport" "GetTransportInfo" <InstanceID>0</InstanceID>
[INFO] [soap] assert_http_200 service=AVTransport action=GetTransportInfo handler=avtransport_get_transport_info
[INFO] [soap] soap_call "AVTransport" "GetPositionInfo" <InstanceID>0</InstanceID>
[INFO] [soap] assert_http_200 service=AVTransport action=GetPositionInfo handler=avtransport_get_position_info
[INFO] [soap] soap_call "AVTransport" "GetTransportInfo" <InstanceID>0</InstanceID>
[INFO] [soap] assert_http_200 service=AVTransport action=GetTransportInfo handler=avtransport_get_transport_info
[INFO] [soap] soap_call "AVTransport" "GetPositionInfo" <InstanceID>0</InstanceID>
[INFO] [soap] assert_http_200 service=AVTransport action=GetPositionInfo handler=avtransport_get_position_info
[INFO] [runtime-heartbeat] t_ms=92143237 frame=17635 view=video player_state=seeking media=1 return_home_pending=0 protocol_state=media-active owner=dlna generation=7 resource_desired=dlna-exclusive resource_applied=dlna-exclusive resource_transition=0 resource_failed=0 resource_age_ms=0 iptv_background=1,0 discovery_suspended=0 service_workers=0,0,0 service_age_ms=334438,97398,51364 media_queue=0 media_high=1 media_command=0 media_kind=0 media_producer=0 media_token=0 media_generation=0 media_command_age_ms=0 media_heartbeat_age_ms=6 media_full=0 media_stale=0 media_timeout=0 media_coalesced=0 media_accepting=1 media_lifecycle=0,1,0,1 log_queue=0 enqueued=2093 processed=2093 log_high=51 log_heartbeat_age_ms=276 log_waiting=1 queue_dropped=0 mirror_dropped=0 mirror_failures=0 mirror=1 worker=1 mdns_phase=stopped mdns_mode=0 mdns_running=0 mdns_suspended=0 ssdp_suspended=0 mdns_socket=0 mdns_heartbeat_age_ms=51365 mdns_select=34 mdns_recv=3 mdns_sent=8
[INFO] [network-heartbeat] threshold_ms=1500 mdns=fd:0,active:0,oldest:none/0,total:1089,max:201,error:0/none,hb:51365,overflow:0,underflow:0 ssdp=fd:1,active:1,oldest:select/68,total:3655,max:104,error:0/none,hb:68,overflow:0,underflow:0 dlna-http=fd:1,active:1,oldest:select/76,total:3521,max:256,error:0/none,hb:76,overflow:0,underflow:0 airplay-control=fd:0,active:0,oldest:none/0,total:1944,max:238,error:11/recv,hb:51365,overflow:0,underflow:0 iptv-background=fd:0,active:0,oldest:none/0,total:0,max:0,error:0/none,hb:0,overflow:0,underflow:0
[INFO] [soap] soap_call "AVTransport" "GetTransportInfo" <InstanceID>0</InstanceID>
[INFO] [soap] assert_http_200 service=AVTransport action=GetTransportInfo handler=avtransport_get_transport_info
[INFO] [soap] soap_call "AVTransport" "GetPositionInfo" <InstanceID>0</InstanceID>
[INFO] [soap] assert_http_200 service=AVTransport action=GetPositionInfo handler=avtransport_get_position_info
[INFO] [soap] soap_call "AVTransport" "GetTransportInfo" <InstanceID>0</InstanceID>
[INFO] [soap] assert_http_200 service=AVTransport action=GetTransportInfo handler=avtransport_get_transport_info
[INFO] [soap] soap_call "AVTransport" "GetPositionInfo" <InstanceID>0</InstanceID>
[INFO] [soap] assert_http_200 service=AVTransport action=GetPositionInfo handler=avtransport_get_position_info
[INFO] [runtime-heartbeat] t_ms=92145237 frame=17755 view=video player_state=seeking media=1 return_home_pending=0 protocol_state=media-active owner=dlna generation=7 resource_desired=dlna-exclusive resource_applied=dlna-exclusive resource_transition=0 resource_failed=0 resource_age_ms=0 iptv_background=1,0 discovery_suspended=0 service_workers=0,0,0 service_age_ms=336438,99398,53364 media_queue=0 media_high=1 media_command=0 media_kind=0 media_producer=0 media_token=0 media_generation=0 media_command_age_ms=0 media_heartbeat_age_ms=5 media_full=0 media_stale=0 media_timeout=0 media_coalesced=0 media_accepting=1 media_lifecycle=0,1,0,1 log_queue=0 enqueued=2103 processed=2103 log_high=51 log_heartbeat_age_ms=329 log_waiting=1 queue_dropped=0 mirror_dropped=0 mirror_failures=0 mirror=1 worker=1 mdns_phase=stopped mdns_mode=0 mdns_running=0 mdns_suspended=0 ssdp_suspended=0 mdns_socket=0 mdns_heartbeat_age_ms=53365 mdns_select=34 mdns_recv=3 mdns_sent=8
[INFO] [network-heartbeat] threshold_ms=1500 mdns=fd:0,active:0,oldest:none/0,total:1089,max:201,error:0/none,hb:53366,overflow:0,underflow:0 ssdp=fd:1,active:1,oldest:select/62,total:3675,max:104,error:0/none,hb:62,overflow:0,underflow:0 dlna-http=fd:1,active:1,oldest:select/30,total:3557,max:256,error:0/none,hb:30,overflow:0,underflow:0 airplay-control=fd:0,active:0,oldest:none/0,total:1944,max:238,error:11/recv,hb:53366,overflow:0,underflow:0 iptv-background=fd:0,active:0,oldest:none/0,total:0,max:0,error:0/none,hb:0,overflow:0,underflow:0
[INFO] [soap] soap_call "AVTransport" "GetTransportInfo" <InstanceID>0</InstanceID>
[INFO] [soap] assert_http_200 service=AVTransport action=GetTransportInfo handler=avtransport_get_transport_info
[INFO] [soap] soap_call "AVTransport" "GetPositionInfo" <InstanceID>0</InstanceID>
[INFO] [soap] assert_http_200 service=AVTransport action=GetPositionInfo handler=avtransport_get_position_info
[INFO] [soap] soap_call "AVTransport" "GetPositionInfo" <InstanceID>0</InstanceID>
[INFO] [soap] assert_http_200 service=AVTransport action=GetPositionInfo handler=avtransport_get_position_info
[INFO] [soap] soap_call "AVTransport" "GetTransportInfo" <InstanceID>0</InstanceID>
[INFO] [soap] assert_http_200 service=AVTransport action=GetTransportInfo handler=avtransport_get_transport_info
[INFO] [runtime-heartbeat] t_ms=92147237 frame=17875 view=video player_state=seeking media=1 return_home_pending=0 protocol_state=media-active owner=dlna generation=7 resource_desired=dlna-exclusive resource_applied=dlna-exclusive resource_transition=0 resource_failed=0 resource_age_ms=0 iptv_background=1,0 discovery_suspended=0 service_workers=0,0,0 service_age_ms=338438,101398,55364 media_queue=0 media_high=1 media_command=0 media_kind=0 media_producer=0 media_token=0 media_generation=0 media_command_age_ms=0 media_heartbeat_age_ms=3 media_full=0 media_stale=0 media_timeout=0 media_coalesced=0 media_accepting=1 media_lifecycle=0,1,0,1 log_queue=0 enqueued=2113 processed=2113 log_high=51 log_heartbeat_age_ms=330 log_waiting=1 queue_dropped=0 mirror_dropped=0 mirror_failures=0 mirror=1 worker=1 mdns_phase=stopped mdns_mode=0 mdns_running=0 mdns_suspended=0 ssdp_suspended=0 mdns_socket=0 mdns_heartbeat_age_ms=55365 mdns_select=34 mdns_recv=3 mdns_sent=8
[INFO] [network-heartbeat] threshold_ms=1500 mdns=fd:0,active:0,oldest:none/0,total:1089,max:201,error:0/none,hb:55365,overflow:0,underflow:0 ssdp=fd:1,active:1,oldest:select/55,total:3695,max:104,error:0/none,hb:55,overflow:0,underflow:0 dlna-http=fd:1,active:1,oldest:select/29,total:3591,max:256,error:0/none,hb:29,overflow:0,underflow:0 airplay-control=fd:0,active:0,oldest:none/0,total:1944,max:238,error:11/recv,hb:55366,overflow:0,underflow:0 iptv-background=fd:0,active:0,oldest:none/0,total:0,max:0,error:0/none,hb:0,overflow:0,underflow:0
[INFO] [media-trace] seq=6 t_ms=55648 layer=libmpv action=mpv-playback-restart phase=event url_hash=6bfb0e00 detail=- url=<URL_REDACTED>
[INFO] [soap] soap_call "AVTransport" "GetPositionInfo" <InstanceID>0</InstanceID>
[INFO] [soap] assert_http_200 service=AVTransport action=GetPositionInfo handler=avtransport_get_position_info
[INFO] [soap] soap_call "AVTransport" "GetTransportInfo" <InstanceID>0</InstanceID>
[INFO] [soap] assert_http_200 service=AVTransport action=GetTransportInfo handler=avtransport_get_transport_info
[ERROR] [player-libmpv][ao/hos] Error writing audio to device.
[INFO] [soap] soap_call "AVTransport" "GetTransportInfo" <InstanceID>0</InstanceID>
[INFO] [soap] assert_http_200 service=AVTransport action=GetTransportInfo handler=avtransport_get_transport_info
[INFO] [soap] soap_call "AVTransport" "GetPositionInfo" <InstanceID>0</InstanceID>
[INFO] [soap] assert_http_200 service=AVTransport action=GetPositionInfo handler=avtransport_get_position_info
[INFO] [runtime-heartbeat] t_ms=92149237 frame=17966 view=video player_state=playing media=1 return_home_pending=0 protocol_state=media-active owner=dlna generation=7 resource_desired=dlna-exclusive resource_applied=dlna-exclusive resource_transition=0 resource_failed=0 resource_age_ms=0 iptv_background=1,0 discovery_suspended=0 service_workers=0,0,0 service_age_ms=340438,103398,57364 media_queue=0 media_high=1 media_command=0 media_kind=0 media_producer=0 media_token=0 media_generation=0 media_command_age_ms=0 media_heartbeat_age_ms=5 media_full=0 media_stale=0 media_timeout=0 media_coalesced=0 media_accepting=1 media_lifecycle=0,1,0,1 log_queue=0 enqueued=2125 processed=2125 log_high=51 log_heartbeat_age_ms=333 log_waiting=1 queue_dropped=0 mirror_dropped=0 mirror_failures=0 mirror=1 worker=1 mdns_phase=stopped mdns_mode=0 mdns_running=0 mdns_suspended=0 ssdp_suspended=0 mdns_socket=0 mdns_heartbeat_age_ms=57365 mdns_select=34 mdns_recv=3 mdns_sent=8
[INFO] [network-heartbeat] threshold_ms=1500 mdns=fd:0,active:0,oldest:none/0,total:1089,max:201,error:0/none,hb:57365,overflow:0,underflow:0 ssdp=fd:1,active:1,oldest:select/48,total:3715,max:104,error:0/none,hb:48,overflow:0,underflow:0 dlna-http=fd:1,active:1,oldest:select/32,total:3625,max:256,error:0/none,hb:32,overflow:0,underflow:0 airplay-control=fd:0,active:0,oldest:none/0,total:1944,max:238,error:11/recv,hb:57365,overflow:0,underflow:0 iptv-background=fd:0,active:0,oldest:none/0,total:0,max:0,error:0/none,hb:0,overflow:0,underflow:0
[INFO] [soap] soap_call "AVTransport" "GetPositionInfo" <InstanceID>0</InstanceID>
[INFO] [soap] assert_http_200 service=AVTransport action=GetPositionInfo handler=avtransport_get_position_info
[INFO] [soap] soap_call "AVTransport" "GetTransportInfo" <InstanceID>0</InstanceID>
[INFO] [soap] assert_http_200 service=AVTransport action=GetTransportInfo handler=avtransport_get_transport_info
[INFO] [soap] soap_call "AVTransport" "GetPositionInfo" <InstanceID>0</InstanceID>
[INFO] [soap] assert_http_200 service=AVTransport action=GetPositionInfo handler=avtransport_get_position_info
[INFO] [soap] soap_call "AVTransport" "GetTransportInfo" <InstanceID>0</InstanceID>
[INFO] [soap] assert_http_200 service=AVTransport action=GetTransportInfo handler=avtransport_get_transport_info
[INFO] [runtime-heartbeat] t_ms=92151269 frame=18068 view=video player_state=playing media=1 return_home_pending=0 protocol_state=media-active owner=dlna generation=7 resource_desired=dlna-exclusive resource_applied=dlna-exclusive resource_transition=0 resource_failed=0 resource_age_ms=0 iptv_background=1,0 discovery_suspended=0 service_workers=0,0,0 service_age_ms=342470,105430,59396 media_queue=0 media_high=1 media_command=0 media_kind=0 media_producer=0 media_token=0 media_generation=0 media_command_age_ms=0 media_heartbeat_age_ms=8 media_full=0 media_stale=0 media_timeout=0 media_coalesced=0 media_accepting=1 media_lifecycle=0,1,0,1 log_queue=0 enqueued=2135 processed=2135 log_high=51 log_heartbeat_age_ms=322 log_waiting=1 queue_dropped=0 mirror_dropped=0 mirror_failures=0 mirror=1 worker=1 mdns_phase=stopped mdns_mode=0 mdns_running=0 mdns_suspended=0 ssdp_suspended=0 mdns_socket=0 mdns_heartbeat_age_ms=59397 mdns_select=34 mdns_recv=3 mdns_sent=8
[INFO] [network-heartbeat] threshold_ms=1500 mdns=fd:0,active:0,oldest:none/0,total:1089,max:201,error:0/none,hb:59397,overflow:0,underflow:0 ssdp=fd:1,active:1,oldest:select/74,total:3735,max:104,error:0/none,hb:74,overflow:0,underflow:0 dlna-http=fd:1,active:1,oldest:select/22,total:3660,max:256,error:0/none,hb:22,overflow:0,underflow:0 airplay-control=fd:0,active:0,oldest:none/0,total:1944,max:238,error:11/recv,hb:59397,overflow:0,underflow:0 iptv-background=fd:0,active:0,oldest:none/0,total:0,max:0,error:0/none,hb:0,overflow:0,underflow:0
[INFO] [soap] soap_call "AVTransport" "GetTransportInfo" <InstanceID>0</InstanceID>
[INFO] [soap] assert_http_200 service=AVTransport action=GetTransportInfo handler=avtransport_get_transport_info
[INFO] [soap] soap_call "AVTransport" "GetPositionInfo" <InstanceID>0</InstanceID>
[INFO] [soap] assert_http_200 service=AVTransport action=GetPositionInfo handler=avtransport_get_position_info
[INFO] [soap] soap_call "AVTransport" "GetTransportInfo" <InstanceID>0</InstanceID>
[INFO] [soap] assert_http_200 service=AVTransport action=GetTransportInfo handler=avtransport_get_transport_info
[INFO] [soap] soap_call "AVTransport" "GetPositionInfo" <InstanceID>0</InstanceID>
[INFO] [soap] assert_http_200 service=AVTransport action=GetPositionInfo handler=avtransport_get_position_info
[INFO] [runtime-heartbeat] t_ms=92153270 frame=18171 view=video player_state=playing media=1 return_home_pending=0 protocol_state=media-active owner=dlna generation=7 resource_desired=dlna-exclusive resource_applied=dlna-exclusive resource_transition=0 resource_failed=0 resource_age_ms=0 iptv_background=1,0 discovery_suspended=0 service_workers=0,0,0 service_age_ms=344471,107431,61397 media_queue=0 media_high=1 media_command=0 media_kind=0 media_producer=0 media_token=0 media_generation=0 media_command_age_ms=0 media_heartbeat_age_ms=4 media_full=0 media_stale=0 media_timeout=0 media_coalesced=0 media_accepting=1 media_lifecycle=0,1,0,1 log_queue=0 enqueued=2145 processed=2145 log_high=51 log_heartbeat_age_ms=366 log_waiting=1 queue_dropped=0 mirror_dropped=0 mirror_failures=0 mirror=1 worker=1 mdns_phase=stopped mdns_mode=0 mdns_running=0 mdns_suspended=0 ssdp_suspended=0 mdns_socket=0 mdns_heartbeat_age_ms=61398 mdns_select=34 mdns_recv=3 mdns_sent=8
[INFO] [network-heartbeat] threshold_ms=1500 mdns=fd:0,active:0,oldest:none/0,total:1089,max:201,error:0/none,hb:61398,overflow:0,underflow:0 ssdp=fd:1,active:1,oldest:select/68,total:3755,max:104,error:0/none,hb:68,overflow:0,underflow:0 dlna-http=fd:1,active:1,oldest:select/65,total:3694,max:256,error:0/none,hb:65,overflow:0,underflow:0 airplay-control=fd:0,active:0,oldest:none/0,total:1944,max:238,error:11/recv,hb:61398,overflow:0,underflow:0 iptv-background=fd:0,active:0,oldest:none/0,total:0,max:0,error:0/none,hb:0,overflow:0,underflow:0
[INFO] [soap] soap_call "AVTransport" "GetTransportInfo" <InstanceID>0</InstanceID>
[INFO] [soap] assert_http_200 service=AVTransport action=GetTransportInfo handler=avtransport_get_transport_info
[INFO] [soap] soap_call "AVTransport" "GetPositionInfo" <InstanceID>0</InstanceID>
[INFO] [soap] assert_http_200 service=AVTransport action=GetPositionInfo handler=avtransport_get_position_info
[INFO] [soap] soap_call "AVTransport" "GetPositionInfo" <InstanceID>0</InstanceID>
[INFO] [soap] assert_http_200 service=AVTransport action=GetPositionInfo handler=avtransport_get_position_info
[INFO] [soap] soap_call "AVTransport" "GetTransportInfo" <InstanceID>0</InstanceID>
[INFO] [soap] assert_http_200 service=AVTransport action=GetTransportInfo handler=avtransport_get_transport_info
[INFO] [runtime-heartbeat] t_ms=92155270 frame=18270 view=video player_state=playing media=1 return_home_pending=0 protocol_state=media-active owner=dlna generation=7 resource_desired=dlna-exclusive resource_applied=dlna-exclusive resource_transition=0 resource_failed=0 resource_age_ms=0 iptv_background=1,0 discovery_suspended=0 service_workers=0,0,0 service_age_ms=346471,109431,63397 media_queue=0 media_high=1 media_command=0 media_kind=0 media_producer=0 media_token=0 media_generation=0 media_command_age_ms=0 media_heartbeat_age_ms=1 media_full=0 media_stale=0 media_timeout=0 media_coalesced=0 media_accepting=1 media_lifecycle=0,1,0,1 log_queue=0 enqueued=2155 processed=2155 log_high=51 log_heartbeat_age_ms=362 log_waiting=1 queue_dropped=0 mirror_dropped=0 mirror_failures=0 mirror=1 worker=1 mdns_phase=stopped mdns_mode=0 mdns_running=0 mdns_suspended=0 ssdp_suspended=0 mdns_socket=0 mdns_heartbeat_age_ms=63398 mdns_select=34 mdns_recv=3 mdns_sent=8
[INFO] [network-heartbeat] threshold_ms=1500 mdns=fd:0,active:0,oldest:none/0,total:1089,max:201,error:0/none,hb:63398,overflow:0,underflow:0 ssdp=fd:1,active:1,oldest:select/63,total:3775,max:104,error:0/none,hb:63,overflow:0,underflow:0 dlna-http=fd:1,active:1,oldest:select/62,total:3729,max:256,error:0/none,hb:62,overflow:0,underflow:0 airplay-control=fd:0,active:0,oldest:none/0,total:1944,max:238,error:11/recv,hb:63398,overflow:0,underflow:0 iptv-background=fd:0,active:0,oldest:none/0,total:0,max:0,error:0/none,hb:0,overflow:0,underflow:0
[INFO] [soap] soap_call "AVTransport" "GetTransportInfo" <InstanceID>0</InstanceID>
[INFO] [soap] assert_http_200 service=AVTransport action=GetTransportInfo handler=avtransport_get_transport_info
[INFO] [soap] soap_call "AVTransport" "GetPositionInfo" <InstanceID>0</InstanceID>
[INFO] [soap] assert_http_200 service=AVTransport action=GetPositionInfo handler=avtransport_get_position_info
[INFO] [soap] soap_call "AVTransport" "GetPositionInfo" <InstanceID>0</InstanceID>
[INFO] [soap] assert_http_200 service=AVTransport action=GetPositionInfo handler=avtransport_get_position_info
[INFO] [soap] soap_call "AVTransport" "GetTransportInfo" <InstanceID>0</InstanceID>
[INFO] [soap] assert_http_200 service=AVTransport action=GetTransportInfo handler=avtransport_get_transport_info
[INFO] [runtime-heartbeat] t_ms=92157270 frame=18369 view=video player_state=playing media=1 return_home_pending=0 protocol_state=media-active owner=dlna generation=7 resource_desired=dlna-exclusive resource_applied=dlna-exclusive resource_transition=0 resource_failed=0 resource_age_ms=0 iptv_background=1,0 discovery_suspended=0 service_workers=0,0,0 service_age_ms=348471,111431,65397 media_queue=0 media_high=1 media_command=0 media_kind=0 media_producer=0 media_token=0 media_generation=0 media_command_age_ms=0 media_heartbeat_age_ms=2 media_full=0 media_stale=0 media_timeout=0 media_coalesced=0 media_accepting=1 media_lifecycle=0,1,0,1 log_queue=0 enqueued=2165 processed=2165 log_high=51 log_heartbeat_age_ms=282 log_waiting=1 queue_dropped=0 mirror_dropped=0 mirror_failures=0 mirror=1 worker=1 mdns_phase=stopped mdns_mode=0 mdns_running=0 mdns_suspended=0 ssdp_suspended=0 mdns_socket=0 mdns_heartbeat_age_ms=65398 mdns_select=34 mdns_recv=3 mdns_sent=8
[INFO] [network-heartbeat] threshold_ms=1500 mdns=fd:0,active:0,oldest:none/0,total:1089,max:201,error:0/none,hb:65398,overflow:0,underflow:0 ssdp=fd:1,active:1,oldest:select/58,total:3795,max:104,error:0/none,hb:58,overflow:0,underflow:0 dlna-http=fd:1,active:1,oldest:select/82,total:3763,max:256,error:0/none,hb:82,overflow:0,underflow:0 airplay-control=fd:0,active:0,oldest:none/0,total:1944,max:238,error:11/recv,hb:65398,overflow:0,underflow:0 iptv-background=fd:0,active:0,oldest:none/0,total:0,max:0,error:0/none,hb:0,overflow:0,underflow:0
[INFO] [soap] soap_call "AVTransport" "GetPositionInfo" <InstanceID>0</InstanceID>
[INFO] [soap] assert_http_200 service=AVTransport action=GetPositionInfo handler=avtransport_get_position_info
[INFO] [soap] soap_call "AVTransport" "GetTransportInfo" <InstanceID>0</InstanceID>
[INFO] [soap] assert_http_200 service=AVTransport action=GetTransportInfo handler=avtransport_get_transport_info
[INFO] [soap] soap_call "AVTransport" "GetTransportInfo" <InstanceID>0</InstanceID>
[INFO] [soap] assert_http_200 service=AVTransport action=GetTransportInfo handler=avtransport_get_transport_info
[INFO] [soap] soap_call "AVTransport" "GetPositionInfo" <InstanceID>0</InstanceID>
[INFO] [soap] assert_http_200 service=AVTransport action=GetPositionInfo handler=avtransport_get_position_info
[INFO] [runtime-heartbeat] t_ms=92159270 frame=18477 view=video player_state=buffering media=1 return_home_pending=0 protocol_state=media-active owner=dlna generation=7 resource_desired=dlna-exclusive resource_applied=dlna-exclusive resource_transition=0 resource_failed=0 resource_age_ms=0 iptv_background=1,0 discovery_suspended=0 service_workers=0,0,0 service_age_ms=350471,113431,67397 media_queue=0 media_high=1 media_command=0 media_kind=0 media_producer=0 media_token=0 media_generation=0 media_command_age_ms=0 media_heartbeat_age_ms=8 media_full=0 media_stale=0 media_timeout=0 media_coalesced=0 media_accepting=1 media_lifecycle=0,1,0,1 log_queue=0 enqueued=2175 processed=2175 log_high=51 log_heartbeat_age_ms=365 log_waiting=1 queue_dropped=0 mirror_dropped=0 mirror_failures=0 mirror=1 worker=1 mdns_phase=stopped mdns_mode=0 mdns_running=0 mdns_suspended=0 ssdp_suspended=0 mdns_socket=0 mdns_heartbeat_age_ms=67398 mdns_select=34 mdns_recv=3 mdns_sent=8
[INFO] [network-heartbeat] threshold_ms=1500 mdns=fd:0,active:0,oldest:none/0,total:1089,max:201,error:0/none,hb:67398,overflow:0,underflow:0 ssdp=fd:1,active:1,oldest:select/37,total:3833,max:104,error:0/none,hb:37,overflow:0,underflow:0 dlna-http=fd:1,active:1,oldest:select/65,total:3798,max:256,error:0/none,hb:65,overflow:0,underflow:0 airplay-control=fd:0,active:0,oldest:none/0,total:1944,max:238,error:11/recv,hb:67398,overflow:0,underflow:0 iptv-background=fd:0,active:0,oldest:none/0,total:0,max:0,error:0/none,hb:0,overflow:0,underflow:0
[INFO] [soap] soap_call "AVTransport" "GetPositionInfo" <InstanceID>0</InstanceID>
[INFO] [soap] assert_http_200 service=AVTransport action=GetPositionInfo handler=avtransport_get_position_info
[INFO] [soap] soap_call "AVTransport" "GetTransportInfo" <InstanceID>0</InstanceID>
[INFO] [soap] assert_http_200 service=AVTransport action=GetTransportInfo handler=avtransport_get_transport_info
[INFO] [soap] soap_call "AVTransport" "Stop" <InstanceID>0</InstanceID>
[INFO] [media-trace] seq=6 t_ms=68959 layer=soap action=Stop phase=begin url_hash=6bfb0e00 detail=- url=<URL_REDACTED>
[INFO] [media-trace] seq=6 t_ms=68959 layer=player action=Stop phase=backend-call-begin url_hash=6bfb0e00 detail=-
[INFO] [media-trace] seq=6 t_ms=68959 layer=libmpv action=Stop phase=mutex-wait url_hash=6bfb0e00 detail=- url=<URL_REDACTED>
[INFO] [media-trace] seq=6 t_ms=68959 layer=libmpv action=Stop phase=mutex-acquired url_hash=6bfb0e00 detail=- url=<URL_REDACTED>
[INFO] [media-trace] seq=6 t_ms=68959 layer=libmpv action=Stop phase=dispatch url_hash=6bfb0e00 detail=- url=<URL_REDACTED>
[INFO] [media-trace] seq=6 t_ms=68959 layer=player action=Stop phase=backend-call-done url_hash=6bfb0e00 detail=ok
[INFO] [media-trace] seq=6 t_ms=68959 layer=player action=Stop phase=snapshot-refresh-begin url_hash=6bfb0e00 detail=-
[INFO] [media-trace] seq=6 t_ms=68959 layer=player action=Stop phase=snapshot-refresh-done url_hash=6bfb0e00 detail=-
[INFO] [media-trace] seq=6 t_ms=68959 layer=player action=Stop phase=backend-wakeup-begin url_hash=6bfb0e00 detail=-
[INFO] [media-trace] seq=6 t_ms=68959 layer=player action=Stop phase=backend-wakeup-done url_hash=6bfb0e00 detail=-
[INFO] [protocol-coordinator] event=release action=release owner=dlna token=1 generation=7 reason=completed
[INFO] [media-trace] seq=6 t_ms=68959 layer=soap action=Stop phase=done url_hash=6bfb0e00 detail=- url=<URL_REDACTED>
[INFO] [soap] assert_http_200 service=AVTransport action=Stop handler=avtransport_stop
[INFO] [protocol-coordinator] revision=80->83 state=media-active->ready iptv=running->running dlna=running->running airplay=stopped->stopped owner=dlna->none token=0 generation=0 pin_visible=0 resource=dlna-exclusive->dlna-exclusive desired=home transition=1 failed=0 discovery_suspended=0->0 airplay_running=0 airplay_starting=0 status=none
[INFO] [return-home] phase=request t_ms=92160820 playback_active=0 state=stopped media=1
[INFO] [return-home] phase=show-home begin reason=no-active-media
[INFO] [player-view] manual navigation target=home state=BUFFERING
[INFO] [return-home] phase=show-home done ok=1 reason=no-active-media
[INFO] [dlna-control] event=return-home reason=explicit-stop ok=1 stop=0 polls=0 poll_age_ms=92160820 state=stopped
[INFO] [player-view] active_view=home frame=18569
[INFO] [airplay] t_ms=92160820 integration stage=ed25519 begin
[INFO] [input] active_view=home state=stopped media=1 snapshot=1
[INFO] [airplay] t_ms=92160821 integration stage=ed25519 done
[INFO] [airplay] t_ms=92160821 integration stage=mirror-runtime begin
[INFO] [airplay] t_ms=92160821 integration stage=mirror-runtime done
[INFO] [airplay] t_ms=92160821 integration stage=remote-video begin
[INFO] [airplay] t_ms=92160821 integration stage=remote-video done
[INFO] [airplay] t_ms=92160821 integration stage=receiver begin
[INFO] [airplay] t_ms=92160821 receiver stage=pairing-identity begin
[INFO] [protocol-coordinator] revision=83->84 state=ready->ready iptv=running->running dlna=running->running airplay=stopped->starting owner=none->none token=0 generation=0 pin_visible=0 resource=dlna-exclusive->dlna-exclusive desired=home transition=1 failed=0 discovery_suspended=0->0 airplay_running=0 airplay_starting=0 status=none
[INFO] [airplay] t_ms=92160830 receiver stage=pairing-identity done
[INFO] [airplay] t_ms=92160830 receiver stage=dns-sd-txt begin
[INFO] [airplay] t_ms=92160830 receiver stage=dns-sd-txt done
[INFO] [airplay] t_ms=92160830 receiver stage=handlers begin
[INFO] [airplay] t_ms=92160830 handlers stage=validate begin
[INFO] [airplay] t_ms=92160830 handlers stage=validate done
[INFO] [airplay] t_ms=92160830 handlers stage=allocate begin bytes=792
[INFO] [airplay] t_ms=92160830 handlers stage=allocate done
[INFO] [airplay] t_ms=92160830 handlers stage=copy begin txt_bytes=214
[INFO] [airplay] t_ms=92160830 handlers stage=copy done
[INFO] [airplay] t_ms=92160830 receiver stage=handlers done
[INFO] [airplay] t_ms=92160830 receiver stage=control-server begin
[INFO] [airplay-server] listening on :7000
[INFO] [airplay] t_ms=92160831 receiver stage=control-server done port=7000
[INFO] [airplay] t_ms=92160831 receiver stage=lifecycle begin
[INFO] [airplay] t_ms=92160831 receiver stage=lifecycle done
[INFO] [airplay] t_ms=92160831 receiver stage=mdns begin
[INFO] [airplay] t_ms=92160831 mdns stage=local-address begin
[INFO] [airplay] t_ms=92160832 mdns stage=local-address done
[INFO] [airplay-mdns] local-address=<IP_REDACTED>
[INFO] [airplay] t_ms=92160832 mdns stage=service-record begin
[INFO] [airplay] t_ms=92160832 mdns stage=service-record done
[INFO] [airplay] t_ms=92160832 mdns stage=socket begin
[INFO] [airplay] t_ms=92160832 mdns socket stage=create begin
[INFO] [airplay] t_ms=92160832 mdns socket stage=create done fd=6
[INFO] [airplay] t_ms=92160832 mdns socket stage=bind begin port=5353
[INFO] [airplay] t_ms=92160832 mdns socket stage=bind done
[INFO] [airplay] t_ms=92160832 mdns socket stage=multicast-join begin
[INFO] [airplay] t_ms=92160833 mdns socket stage=multicast-join done
[INFO] [airplay] t_ms=92160833 mdns stage=socket done
[INFO] [airplay] t_ms=92160833 mdns stage=thread begin
[INFO] [airplay] t_ms=92160833 mdns thread-create begin stack=65536
[INFO] [airplay] t_ms=92160833 mdns thread-create done rc=0x00000000
[INFO] [airplay] t_ms=92160833 mdns thread-start begin
[INFO] [airplay] t_ms=92160833 mdns worker entered
[INFO] [airplay] t_ms=92160833 mdns worker mode=0 priority=0x2b
[INFO] [airplay] t_ms=92160833 mdns worker announce begin
[INFO] [airplay] t_ms=92160833 mdns thread-start done rc=0x00000000
[INFO] [airplay] t_ms=92160833 mdns stage=thread done
[INFO] [airplay-mdns] started airplay=NX-Cast raop=<IDENTIFIER_REDACTED>@NX-Cast port=7000 features=0x5A7FFEE6,0x0
[INFO] [airplay-mdns] started airplay=NX-Cast raop=<IDENTIFIER_REDACTED>@NX-Cast port=7000 features=0x5A7FFEE6,0x0
[INFO] [airplay] t_ms=92160833 receiver stage=mdns done
[INFO] [airplay] t_ms=92160833 integration stage=receiver done
[INFO] [airplay] integration started port=7000 discovery=1
[INFO] [iptv] background-network suspended=0 quiesced=1
[INFO] [airplay] t_ms=92160833 mdns worker announce done
[INFO] [protocol-coordinator] revision=84->87 state=ready->ready iptv=running->running dlna=running->running airplay=starting->running owner=none->none token=0 generation=0 pin_visible=0 resource=dlna-exclusive->home desired=home transition=0 failed=0 discovery_suspended=0->0 airplay_running=1 airplay_starting=0 status=Ready for AirPlay video
[WARN] [player-libmpv][ffmpeg/demuxer] mov,mp4,m4a,3gp,3g2,mj2: Packet corrupt (stream = 0, dts = 387733).
[ERROR] [player-libmpv][ffmpeg] NULL: Invalid NAL unit size (17106 > 5463).
[ERROR] [player-libmpv][ffmpeg] NULL: missing picture in access unit with size 5467
[INFO] [player-libmpv] end-file uri=<URL_REDACTED> reason=stop error=success
[INFO] [media-trace] seq=6 t_ms=69095 layer=libmpv action=mpv-end-file phase=event url_hash=6bfb0e00 detail=stop url=<URL_REDACTED>
[INFO] [runtime-heartbeat] t_ms=92161270 frame=18598 view=home player_state=stopped media=1 return_home_pending=0 protocol_state=ready owner=none generation=0 resource_desired=home resource_applied=home resource_transition=0 resource_failed=0 resource_age_ms=0 iptv_background=0,0 discovery_suspended=0 service_workers=0,0,0 service_age_ms=352471,115431,437 media_queue=0 media_high=1 media_command=0 media_kind=0 media_producer=0 media_token=0 media_generation=0 media_command_age_ms=0 media_heartbeat_age_ms=8 media_full=0 media_stale=0 media_timeout=0 media_coalesced=0 media_accepting=1 media_lifecycle=0,1,0,1 log_queue=0 enqueued=2264 processed=2264 log_high=56 log_heartbeat_age_ms=315 log_waiting=1 queue_dropped=0 mirror_dropped=0 mirror_failures=0 mirror=1 worker=1 mdns_phase=waiting mdns_mode=0 mdns_running=1 mdns_suspended=0 ssdp_suspended=0 mdns_socket=1 mdns_heartbeat_age_ms=37 mdns_select=2 mdns_recv=0 mdns_sent=2
[INFO] [network-heartbeat] threshold_ms=1500 mdns=fd:1,active:1,oldest:select/37,total:1097,max:201,error:0/none,hb:37,overflow:0,underflow:0 ssdp=fd:1,active:1,oldest:select/9,total:3920,max:104,error:0/none,hb:9,overflow:0,underflow:0 dlna-http=fd:1,active:1,oldest:select/39,total:3829,max:256,error:0/none,hb:39,overflow:0,underflow:0 airplay-control=fd:1,active:1,oldest:select/39,total:1950,max:238,error:11/recv,hb:39,overflow:0,underflow:0 iptv-background=fd:0,active:0,oldest:none/0,total:0,max:0,error:0/none,hb:0,overflow:0,underflow:0
[INFO] [runtime-heartbeat] t_ms=92163270 frame=18718 view=home player_state=stopped media=1 return_home_pending=0 protocol_state=ready owner=none generation=0 resource_desired=home resource_applied=home resource_transition=0 resource_failed=0 resource_age_ms=0 iptv_background=0,0 discovery_suspended=0 service_workers=0,0,0 service_age_ms=354471,117431,2437 media_queue=0 media_high=1 media_command=0 media_kind=0 media_producer=0 media_token=0 media_generation=0 media_command_age_ms=0 media_heartbeat_age_ms=7 media_full=0 media_stale=0 media_timeout=0 media_coalesced=0 media_accepting=1 media_lifecycle=0,1,0,1 log_queue=0 enqueued=2266 processed=2266 log_high=56 log_heartbeat_age_ms=2000 log_waiting=1 queue_dropped=0 mirror_dropped=0 mirror_failures=0 mirror=1 worker=1 mdns_phase=waiting mdns_mode=0 mdns_running=1 mdns_suspended=0 ssdp_suspended=0 mdns_socket=1 mdns_heartbeat_age_ms=36 mdns_select=12 mdns_recv=0 mdns_sent=2
[INFO] [network-heartbeat] threshold_ms=1500 mdns=fd:1,active:1,oldest:select/36,total:1107,max:201,error:0/none,hb:36,overflow:0,underflow:0 ssdp=fd:1,active:1,oldest:select/8,total:3940,max:104,error:0/none,hb:8,overflow:0,underflow:0 dlna-http=fd:1,active:1,oldest:select/38,total:3849,max:256,error:0/none,hb:38,overflow:0,underflow:0 airplay-control=fd:1,active:1,oldest:select/38,total:1970,max:238,error:11/recv,hb:38,overflow:0,underflow:0 iptv-background=fd:0,active:0,oldest:none/0,total:0,max:0,error:0/none,hb:0,overflow:0,underflow:0
exiting ...
socket error 0x0 on poll
